Weight17;;;;;;;;;;;;;;;;;;;;;;;;;;;;;;;;;;;;;;;;;;
Date:;01.04.2025;;;;;;;;;;;;;;;;;;;;;;;;;;;;;;;;;;;;;;;;;
Time:;14:16:53;;;;;;;;;;;;;;;;;;;;;;;;;;;;;;;;;;;;;;;;;
Type:;test;;;;;;;;;;;;;;;;;;;;;;;;;;;;;;;;;;;;;;;;;
Description:;;;;;;;;;;;;;;;;;;;;;;;;;;;;;;;;;;;;;;;;;;
Notes:;;;;;;;;;;;;;;;;;;;;;;;;;;;;;;;;;;;;;;;;;;
;;;;;;;;;;;;;;;;;;;;;;;;;;;;;;;;;;;;;;;;;;
TRAJECTORIES;;;;;;;;;;;;;;;;;;;;;;;;;;;;;;;;;;;;;;;;;;
200.000.000;Hz;;;;;;;;;;;;;;;;;;;;;;;;;;;;;;;;;;;;;;;;;
;*1;;;*2;;;*3;;;*4;;;*5;;;*6;;;*7;;;*8;;;*9;;;*10;;;*11;;;*12;;;*13;;;*14;;
Field #;X;Y;Z;X;Y;Z;X;Y;Z;X;Y;Z;X;Y;Z;X;Y;Z;X;Y;Z;X;Y;Z;X;Y;Z;X;Y;Z;X;Y;Z;X;Y;Z;X;Y;Z;X;Y;Z
1;314.110.840;620.580.750;127.228.226;-0.962536;788.680.542;275.230.194;229.085.815;652.478.760;182.913.345;307.649.048;590.710.388;118.536.354;-15.547.772;882.766.541;497.362.915;;;;;;;;;;;;;;;;;;;;;;;;;;;
2;314.598.663;620.810.608;127.637.230;-0.967876;788.684.021;275.267.944;229.084.320;652.471.375;182.898.178;308.458.435;588.177.917;119.905.052;-15.519.137;882.674.805;497.420.532;;;;;;;;;;;;;;;;;;;;;;;;;;;
3;314.208.344;620.638.733;127.388.542;-0.944334;788.667.786;275.211.243;229.130.630;652.397.827;182.989.639;308.592.621;587.779.602;120.173.904;-15.500.987;882.602.905;497.426.453;;;;;;;;;;;;;;;;;;;;;;;;;;;
4;314.034.515;620.740.234;127.160.896;-0.943029;788.584.839;275.198.273;229.130.081;652.344.971;182.921.280;308.273.071;588.377.991;119.752.541;-15.496.315;882.525.513;497.427.765;;;;;;;;;;;;;;;;;;;;;;;;;;;
5;314.054.840;620.770.142;127.104.813;-0.901752;788.553.406;275.268.738;229.179.550;652.357.788;182.920.792;308.500.519;588.339.355;119.825.752;-15.430.654;882.440.857;497.390.350;;;;;;;;;;;;;;;;;;;;;;;;;;;
6;314.120.453;620.705.383;127.187.965;-0.894907;788.560.120;275.280.182;229.292.297;652.328.552;182.798.080;308.299.988;588.454.285;119.671.898;-15.413.519;882.365.601;497.399.445;;;;;;;;;;;;;;;;;;;;;;;;;;;
7;314.395.050;620.763.733;127.096.497;-0.843049;788.623.901;275.199.005;229.296.066;652.348.999;182.904.846;308.240.234;588.540.955;119.614.838;-15.289.014;882.297.791;497.323.547;;;;;;;;;;;;;;;;;;;;;;;;;;;
8;314.290.039;620.692.261;127.054.840;-0.819892;788.635.315;275.151.978;229.270.630;652.357.117;182.955.887;308.492.157;588.331.909;119.703.110;-15.339.035;882.213.379;497.391.541;;;;;;;;;;;;;;;;;;;;;;;;;;;
9;314.085.754;620.653.015;127.044.167;-0.894897;788.644.714;275.095.856;229.264.984;652.347.961;182.975.220;308.322.845;588.519.836;119.652.519;-15.288.652;882.121.399;497.393.158;;;;;;;;;;;;;;;;;;;;;;;;;;;
10;314.252.411;620.668.518;126.992.821;-0.901176;788.639.771;275.118.683;229.283.615;652.362.976;182.944.168;308.244.141;588.638.550;119.564.415;-15.251.303;882.052.734;497.343.384;;;;;;;;;;;;;;;;;;;;;;;;;;;
11;314.147.675;620.751.892;127.061.417;-0.877544;788.641.113;275.071.747;229.257.309;652.247.131;182.961.929;308.315.247;588.503.601;119.629.028;-15.169.867;881.997.559;497.435.699;;;;;;;;;;;;;;;;;;;;;;;;;;;
12;314.433.502;620.734.558;126.977.760;-0.975352;788.644.775;275.064.972;229.187.256;652.247.681;182.887.482;308.415.955;588.464.294;119.660.744;-15.177.056;881.837.341;497.348.602;;;;;;;;;;;;;;;;;;;;;;;;;;;
13;314.277.649;620.703.003;127.002.808;-0.976173;788.651.733;275.063.599;229.165.161;652.167.480;182.861.694;308.454.865;588.445.007;119.600.334;-15.108.657;881.747.253;497.256.195;;;;;;;;;;;;;;;;;;;;;;;;;;;
14;314.133.972;620.722.839;126.964.279;-1.010.333;788.746.948;274.989.471;229.175.995;652.155.151;182.837.997;308.371.918;588.547.546;119.584.747;-15.093.113;881.670.654;497.366.760;;;;;;;;;;;;;;;;;;;;;;;;;;;
15;314.066.376;620.755.310;126.868.118;-1.000.945;788.755.615;274.887.299;229.112.274;652.163.940;182.821.075;308.301.086;588.636.536;119.504.372;-15.004.342;881.685.608;497.251.068;;;;;;;;;;;;;;;;;;;;;;;;;;;
16;313.986.847;620.766.907;126.805.183;-1.030.266;788.846.985;274.832.367;229.062.653;652.078.613;182.874.969;308.289.185;588.566.223;119.499.924;-14.874.940;881.619.141;497.158.905;;;;;;;;;;;;;;;;;;;;;;;;;;;
17;313.870.392;620.791.138;126.735.497;-1.114.428;788.871.399;274.810.333;228.973.175;652.017.151;182.916.779;308.493.683;588.372.437;119.743.370;-14.747.882;881.612.305;497.062.286;;;;;;;;;;;;;;;;;;;;;;;;;;;
18;313.642.975;620.817.749;126.674.370;-1.219.304;788.945.435;274.789.673;228.732.376;651.939.270;183.048.660;308.209.717;588.538.513;119.566.872;-14.460.301;881.625.366;497.067.841;;;;;;;;;;;;;;;;;;;;;;;;;;;
19;313.393.524;620.839.539;126.657.303;-1.306.411;789.040.894;274.813.354;228.534.470;651.891.235;183.114.243;308.020.966;588.785.400;119.435.402;-14.159.968;881.620.972;497.010.193;;;;;;;;;;;;;;;;;;;;;;;;;;;
20;313.018.585;620.883.911;126.705.841;-1.423.821;789.128.418;274.803.772;228.289.612;651.816.528;183.230.057;308.147.705;588.450.378;119.705.360;-13.912.641;881.626.099;497.130.371;;;;;;;;;;;;;;;;;;;;;;;;;;;
21;312.632.172;620.975.830;126.696.663;-1.535.177;789.226.563;274.812.561;227.968.811;651.732.544;183.449.753;308.056.335;588.309.021;119.859.032;-13.470.990;881.676.208;497.059.143;;;;;;;;;;;;;;;;;;;;;;;;;;;
22;311.915.466;621.190.369;126.775.894;-1.747.167;789.404.785;274.864.014;227.625.748;651.605.408;183.656.967;307.556.305;588.442.444;119.720.222;-13.078.994;881.700.439;497.102.081;;;;;;;;;;;;;;;;;;;;;;;;;;;
23;311.560.425;621.159.180;126.844.490;-2.037.647;789.684.326;274.847.656;227.051.102;651.503.967;183.972.610;307.256.042;588.275.940;119.790.283;-12.762.125;881.703.308;497.112.976;;;;;;;;;;;;;;;;;;;;;;;;;;;
24;311.271.301;621.037.354;126.941.765;-2.399.373;789.874.451;274.921.295;226.399.460;651.217.346;184.127.899;306.633.606;588.340.332;120.025.749;-12.562.752;881.775.574;497.086.639;;;;;;;;;;;;;;;;;;;;;;;;;;;
25;310.866.974;620.905.090;126.897.949;-2.749.215;790.120.178;275.148.254;225.764.359;650.980.774;184.443.268;305.891.266;588.352.295;120.203.613;-12.257.255;881.781.189;497.045.563;;;;;;;;;;;;;;;;;;;;;;;;;;;
26;310.352.448;620.796.265;126.802.979;-3.220.315;790.298.462;275.370.575;225.251.984;650.762.878;184.565.475;305.129.425;588.294.373;120.356.720;-11.892.919;881.691.223;496.910.370;;;;;;;;;;;;;;;;;;;;;;;;;;;
27;309.614.166;620.550.110;127.066.452;-3.731.368;790.470.520;275.689.636;224.705.246;650.573.059;184.543.503;303.989.594;588.638.367;120.299.416;-11.487.362;881.711.853;497.052.277;;;;;;;;;;;;;;;;;;;;;;;;;;;
28;308.816.833;620.407.104;127.131.393;-4.309.549;790.748.047;275.777.557;224.112.793;650.234.375;184.553.192;303.252.686;588.294.495;120.634.895;-11.135.415;881.760.010;497.173.065;;;;;;;;;;;;;;;;;;;;;;;;;;;
29;307.675.293;620.079.712;127.324.181;-4.777.237;791.057.007;275.853.394;223.252.960;649.851.318;184.863.113;302.639.801;588.129.822;120.798.042;-10.772.975;881.663.147;497.104.645;;;;;;;;;;;;;;;;;;;;;;;;;;;
30;306.578.796;619.529.541;127.864.532;-5.271.426;791.433.533;275.872.101;221.977.844;649.309.387;185.420.670;301.687.897;587.653.198;121.142.746;-10.316.000;881.660.095;496.857.239;;;;;;;;;;;;;;;;;;;;;;;;;;;
31;305.137.573;618.809.204;127.921.654;-6.190.666;791.663.269;276.302.460;220.735.031;648.648.743;186.214.127;300.161.011;586.622.620;121.307.938;-10.007.998;881.671.692;496.627.380;;;;;;;;;;;;;;;;;;;;;;;;;;;
32;303.685.272;618.034.485;127.898.743;-7.071.030;791.942.139;276.723.450;219.573.303;648.079.895;186.415.298;298.640.594;585.104.431;122.515.060;-9.823.351;881.690.918;496.781.586;;;;;;;;;;;;;;;;;;;;;;;;;;;
33;302.078.217;617.205.811;128.260.193;-7.922.842;792.206.604;276.865.662;218.546.600;647.447.327;186.350.937;297.396.820;583.985.413;123.218.170;-9.627.573;881.677.734;496.723.663;;;;;;;;;;;;;;;;;;;;;;;;;;;
34;300.085.632;615.973.328;129.036.652;-8.710.304;792.535.828;276.971.466;216.918.381;646.683.228;186.984.726;295.751.801;583.135.681;123.317.497;-9.487.856;881.684.204;496.743.927;;;;;;;;;;;;;;;;;;;;;;;;;;;
35;298.169.952;614.767.090;129.035.004;-9.616.611;792.980.957;277.480.835;215.129.196;645.843.445;187.892.441;293.295.258;582.369.629;123.243.881;-9.316.686;881.683.350;496.766.449;;;;;;;;;;;;;;;;;;;;;;;;;;;
36;296.427.002;613.266.296;129.264.282;-10.744.093;793.154.419;277.852.051;213.461.441;645.002.747;188.244.278;291.357.849;579.863.647;124.137.329;-9.127.335;881.641.663;496.934.937;;;;;;;;;;;;;;;;;;;;;;;;;;;
37;;;;-11.908.895;793.393.921;278.316.040;211.837.784;643.889.404;188.858.093;288.309.143;579.084.045;124.551.842;-9.050.357;881.615.417;497.105.652;;;;;;;;;;;;;;;;;;;;;;;;;;;
38;;;;-12.938.017;793.583.618;278.413.147;209.369.568;642.686.340;189.704.269;285.922.638;577.126.099;125.447.357;-8.862.495;881.574.585;497.219.574;291.709.106;609.659.973;129.935.242;;;;;;;;;;;;;;;;;;;;;;;;
39;;;;-14.191.416;793.895.020;279.136.444;207.591.049;641.466.797;190.107.574;283.518.188;574.753.967;126.210.320;-8.796.807;881.616.089;497.444.061;;;;;;;;;;;;;;;;;;;;;;;;;;;
40;;;;-15.163.373;794.197.144;279.041.626;205.284.454;640.056.213;190.603.958;280.711.975;572.326.050;127.153.511;-8.688.819;881.589.111;497.581.512;;;;285.833.954;605.961.853;131.396.286;;;;;;;;;;;;;;;;;;;;;
41;;;;-16.296.957;794.480.530;279.302.551;202.723.450;638.536.072;191.567.169;277.271.576;570.752.991;127.398.323;-8.791.330;881.518.250;498.057.129;;;;283.305.786;603.597.656;131.154.190;;;;;;;;;;;;;;;;;;;;;
42;;;;-17.817.526;794.679.871;280.211.670;200.447.144;637.161.560;192.011.139;274.146.057;568.133.118;128.379.501;-8.823.722;881.537.903;498.450.836;;;;279.508.026;601.205.994;131.651.886;;;;;;;;;;;;;;;;;;;;;
43;;;;-19.471.886;794.814.148;281.111.023;197.383.881;635.252.014;193.203.003;270.764.038;565.687.500;128.260.178;-8.967.499;881.448.486;498.958.099;;;;276.620.850;598.708.923;132.058.456;;;;;;;;;;;;;;;;;;;;;
44;;;;-20.759.558;795.013.306;281.580.383;194.975.693;633.512.451;193.442.429;267.104.309;563.063.416;128.753.799;-9.011.576;881.408.386;499.157.379;;;;;;;;;;;;;;;;;;;;;;;;;;;
45;;;;-21.991.011;795.092.651;281.645.630;192.023.499;631.683.105;194.268.097;263.622.986;560.393.250;129.488.342;-9.009.153;881.473.572;499.271.301;;;;;;;269.956.543;593.798.828;132.831.482;;;;;;;;;;;;;;;;;;
46;;;;-23.612.679;795.221.436;282.617.615;189.115.860;629.640.686;194.699.966;259.566.467;557.870.117;129.623.734;-8.970.564;881.450.745;499.475.433;;;;;;;266.326.569;591.371.582;133.302.124;;;;;;;;;;;;;;;;;;
47;;;;-25.283.272;795.264.771;283.651.306;186.096.603;627.675.537;195.389.038;255.724.670;555.612.488;129.836.349;-8.969.632;881.423.645;499.597.290;;;;;;;262.643.280;588.535.706;133.334.579;;;;;;;;;;;;;;;;;;
48;;;;-27.027.456;795.271.484;284.688.263;182.864.944;625.537.048;196.278.122;251.370.148;552.607.300;130.404.251;-9.025.447;881.464.172;499.860.382;;;;;;;258.568.604;585.582.886;134.193.329;;;;;;;;;;;;;;;;;;
49;;;;-28.642.284;795.283.630;285.604.187;179.710.464;623.373.596;196.854.874;247.164.688;550.232.483;130.733.765;-9.018.703;881.445.496;500.153.290;;;;;;;254.974.258;582.651.123;133.567.963;;;;;;;;;;;;;;;;;;
50;;;;-30.232.174;795.322.021;286.302.673;176.530.167;621.113.525;197.367.996;243.314.362;546.858.215;131.264.511;-9.070.317;881.482.361;500.356.384;;;;;;;250.776.459;579.944.946;133.733.887;;;;;;;;;;;;;;;;;;
51;;;;-31.795.542;795.273.071;286.687.408;173.105.347;618.821.777;198.099.426;238.879.166;544.059.204;130.749.771;-9.206.081;881.548.035;500.795.288;;;;;;;246.743.393;577.049.072;133.830.368;;;;;;;;;;;;;;;;;;
52;;;;-33.045.334;795.326.294;286.751.709;169.889.847;616.550.110;198.581.070;234.343.384;541.426.941;130.670.578;-9.305.654;881.583.984;501.123.840;;;;;;;242.280.731;574.333.008;133.800.735;;;;;;;;;;;;;;;;;;
53;;;;-34.877.800;795.149.780;288.514.343;166.351.730;614.255.127;199.148.422;229.543.427;538.056.396;131.551.743;-9.397.346;881.619.995;501.482.391;;;;;;;237.698.959;571.628.662;133.910.416;;;;;;;;;;;;;;;;;;
54;;;;-36.840.168;794.954.651;289.831.238;162.893.768;612.056.396;199.568.848;224.830.154;535.613.708;130.850.113;-9.320.765;881.654.724;501.980.957;;;;;;;233.401.794;568.757.019;133.636.993;;;;;;;;;;;;;;;;;;
55;;;;-38.876.999;794.743.225;291.331.085;159.511.505;609.847.107;199.918.503;220.443.756;532.806.335;131.036.423;-9.564.876;881.658.325;502.363.617;;;;;;;228.826.767;565.886.292;133.325.287;;;;;;;;;;;;;;;;;;
56;;;;-40.454.155;794.518.005;292.461.365;156.063.507;607.500.183;200.374.680;215.649.872;529.933.838;130.433.975;-9.690.222;881.668.518;503.311.890;;;;;;;224.373.047;562.823.303;133.516.083;;;;;;;;;;;;;;;;;;
57;;;;-41.875.786;794.327.087;293.338.837;152.654.785;605.231.201;200.687.698;210.153.854;527.406.982;130.133.560;-9.968.835;881.600.586;504.335.754;;;;;;;;;;;;;;;;;;;;;;;;;;;
58;;;;-43.548.103;794.008.667;294.440.002;148.952.881;603.071.167;201.388.199;205.560.623;523.952.332;131.160.248;-9.942.776;881.590.271;504.809.021;;;;;;;;;;215.110.580;557.396.851;132.680.817;;;;;;;;;;;;;;;
59;;;;-45.137.432;793.789.551;295.427.368;145.488.297;600.924.988;201.514.206;200.705.154;521.471.741;130.399.887;-9.839.930;881.536.743;505.234.375;;;;;;;;;;;;;;;;;;;;;;;;;;;
60;;;;-46.577.534;793.545.227;296.517.456;141.876.022;599.003.967;201.928.268;195.690.735;519.010.925;130.389.008;-9.754.665;881.464.050;505.595.581;;;;;;;;;;;;;;;;;;;;;;;;;;;
61;;;;-48.335.247;793.058.167;298.067.169;138.481.140;596.947.754;202.040.558;190.863.159;515.571.350;130.659.149;-9.506.420;881.407.654;505.899.445;;;;;;;;;;;;;;;;;;;;;;;;;;;
62;;;;-49.787.735;792.753.113;299.019.135;134.865.906;594.931.946;202.406.982;185.720.627;513.108.032;130.678.604;-9.461.973;881.413.208;506.543.396;;;;;;;;;;;;;;;;;;;;;;;;;;;
63;;;;-51.110.340;792.322.266;299.898.468;131.398.575;592.813.049;202.312.485;180.778.351;510.215.515;131.126.724;-9.577.099;881.363.647;507.281.555;;;;;;;;;;;;;190.662.460;544.335.449;131.114.105;;;;;;;;;;;;
64;;;;-52.800.022;791.736.267;301.321.960;127.814.095;590.953.308;202.759.308;176.123.047;507.772.247;130.755.173;-9.725.725;881.254.333;508.474.030;;;;;;;;;;;;;186.833.038;541.702.820;130.639.252;;;;;;;;;;;;
65;;;;-54.052.319;791.276.001;302.589.172;124.558.250;588.992.493;202.994.858;171.302.811;504.841.064;130.932.343;-9.779.658;881.054.077;509.347.534;;;;;;;;;;;;;;;;;;;;;;;;;;;
66;;;;-55.784.515;790.703.186;304.255.096;121.307.785;586.949.951;203.344.284;166.597.015;502.770.813;130.487.885;-9.667.583;880.862.610;510.127.228;;;;;;;;;;;;;;;;;;;;;;;;;;;
67;;;;-57.014.099;790.217.285;305.247.528;118.006.721;584.999.878;203.699.341;161.968.887;500.349.548;130.731.628;-9.418.445;880.637.024;510.475.006;;;;;;;;;;;;;;;;;;;;;;;;;;;
68;;;;-58.198.986;789.800.720;306.190.063;114.643.188;583.034.729;203.959.198;157.641.205;498.502.808;130.542.267;-9.085.983;880.471.130;510.780.121;;;;;;;;;;;;;;;;;;;;;;;;;;;
69;;;;-59.557.831;789.256.592;307.968.994;111.318.092;581.260.193;204.316.605;153.426.498;496.282.074;130.759.109;-9.018.543;880.317.139;511.250.702;;;;;;;;;;;;;;;;;;;;;;;;;;;
70;;;;-60.901.890;788.544.556;309.375.183;108.404.945;579.321.472;204.466.263;149.122.986;493.988.190;130.835.892;-8.882.394;880.027.283;511.875.183;;;;;;;;;;;;;;;;;;;;;;;;;;;
71;;;;-62.101.135;787.827.881;310.700.195;105.210.625;577.386.047;204.871.399;144.583.847;492.790.741;130.123.428;-8.613.154;879.749.695;512.511.658;;;;;;;;;;;;;;;;;;;;;;;;;;;
72;;;;-63.066.414;787.302.429;311.763.947;102.470.764;575.707.886;205.292.175;140.546.555;491.368.408;128.824.936;-8.072.389;879.614.563;513.003.052;;;;;;;;;;;;;;;;;;;;;;;;;;;
73;;;;-64.203.934;786.777.954;313.243.927;99.450.905;573.979.492;205.413.620;137.520.020;489.476.898;129.064.880;-8.048.234;879.302.734;513.999.756;;;;;;;;;;;;;;;;148.197.418;522.986.694;128.437.119;;;;;;;;;
74;;;;-65.519.531;785.928.345;315.115.387;96.659.492;572.144.226;205.790.955;133.446.823;487.519.012;129.290.115;-7.888.831;879.042.542;514.665.710;;;;;;;;;;;;;;;;144.537.613;521.981.262;128.270.660;;;;;;;;;
75;;;;-66.412.041;785.074.158;316.030.914;94.373.878;570.647.156;205.969.757;129.527.206;486.450.470;128.472.610;-7.781.600;878.714.172;515.589.111;;;;;;;;;;;;;;;;;;;;;;;;;;;
76;;;;-67.136.009;784.395.813;317.031.799;91.736.862;569.213.257;206.144.318;127.033.913;484.586.914;128.527.985;-7.356.357;878.370.850;516.235.046;;;;;;;;;;;;;;;;;;;;;;;;;;;
77;;;;-67.920.235;783.636.658;318.319.763;89.485.413;567.776.001;206.298.752;123.629.921;483.753.143;127.996.155;-6.986.691;878.038.635;516.939.087;;;;;;;;;;;;;;;;;;;;;;;;;;;
78;;;;-69.050.331;782.784.851;320.137.207;87.254.852;566.299.622;206.372.208;121.057.236;482.829.285;127.653.015;-6.687.049;877.700.989;517.356.873;;;;;;;;;;;;;;;;;;;;;;;;;;;
79;;;;-69.920.624;781.842.651;321.522.644;84.958.504;565.058.960;206.263.840;118.288.872;480.904.510;127.983.406;-6.271.338;877.228.943;517.824.890;;;;;;;;;;;;;;;;;;;;;;;;;;;
80;;;;-70.494.888;781.106.689;322.645.081;83.263.016;563.766.357;206.755.386;115.616.295;479.065.247;128.725.220;-5.761.874;876.655.640;518.513.428;;;;;;;;;;;;;;;;;;;;;;;;;;;
81;;;;-71.218.216;780.111.511;323.768.890;81.005.928;562.716.187;206.646.820;113.032.585;478.755.585;128.106.064;-5.421.363;876.125.977;519.186.401;;;;;;;;;;;;;;;;;;;120.296.982;512.928.589;124.222.816;;;;;;
82;;;;-71.945.190;779.141.846;324.825.775;79.309.227;561.449.097;207.074.310;110.863.770;478.395.203;127.229.317;-5.018.054;875.695.862;519.417.786;;;;;;;;;;;;;;;;;;;;;;;;;;;
83;;;;-72.704.659;778.285.522;326.237.061;77.600.487;560.503.113;206.568.314;108.596.519;477.760.498;127.183.403;-4.440.242;875.321.045;519.717.102;;;;;;;;;;;;;;;;;;;;;;;;;;;
84;;;;-73.367.935;777.401.978;327.550.934;76.094.177;559.344.849;206.862.717;106.297.211;476.852.905;126.452.065;-3.855.479;874.829.529;520.166.931;;;;;;;;;;;;;;;;;;;;;;;;;;;
85;;;;-73.849.052;776.332.947;328.529.755;74.415.482;558.302.368;207.135.132;104.602.821;475.254.639;126.443.787;-3.232.182;874.165.833;520.568.665;;;;;;;;;;;;;;;;;;;;;;;;;;;
86;;;;-74.347.206;775.518.860;329.581.635;72.853.745;557.391.357;206.953.171;102.038.185;476.583.130;124.889.763;-3.001.307;873.457.581;521.233.582;;;;;;;;;;;;;;;;;;;;;;;;;;;
87;;;;-74.829.697;774.509.827;330.828.522;71.755.943;556.199.463;207.051.331;100.317.711;477.794.220;123.624.947;-2.386.067;872.834.656;521.706.055;;;;;;;;;;;;;;;;;;;;;;;;;;;
88;;;;-75.192.513;773.354.248;331.758.362;70.595.940;555.418.457;206.757.690;99.386.841;476.422.607;124.409.897;-1.695.645;872.378.906;522.069.702;;;;;;;;;;;;;;;;;;;;;;;;;;;
89;;;;-75.343.201;772.572.388;332.281.799;69.314.423;554.381.897;206.573.837;97.879.860;474.371.033;124.997.963;-0.967977;871.938.110;521.872.681;;;;;;;;;;;;;;;;;;;;;;;;;;;
90;;;;-75.536.346;771.600.891;333.071.259;68.419.312;553.480.591;206.776.276;96.112.724;474.457.825;123.729.675;-0.641548;871.107.483;522.575.928;;;;;;;;;;;;;;;;;;;;;;;;;;;
91;;;;-75.858.345;770.491.028;334.210.663;67.616.585;552.723.511;206.826.447;94.994.621;475.199.432;122.491.768;-0.076892;870.287.415;523.652.161;;;;;;;;;;;;;;;;;;;;;;;;;;;
92;;;;-75.991.898;769.660.706;335.254.456;66.591.415;551.864.258;206.551.697;93.879.974;475.642.975;121.745.163;0.320508;869.632.935;524.261.719;;;;;;;;;;;;;;;;;;;;;;;;;;;
93;;;;-76.127.502;768.738.464;336.303.741;65.840.897;550.983.337;206.072.662;93.029.541;474.527.283;121.847.565;0.816568;869.037.903;524.499.512;;;;;;;;;;;;;;;;;;;;;;;;;;;
94;;;;-76.208.031;767.694.519;337.489.502;65.212.852;550.187.622;205.993.622;91.368.126;473.483.276;120.941.566;1.626.784;868.206.116;524.683.960;;;;;;;;;;;;;;;;;;;;;;;;;;;
95;;;;-76.366.264;766.840.576;338.473.694;64.616.257;549.274.841;206.077.011;90.657.722;471.624.023;121.372.108;2.293.931;867.424.988;524.977.844;;;;;;;;;;;;;;;;;;;;;;;;;;;
96;;;;-76.276.077;765.993.408;338.996.857;63.708.515;548.532.654;206.509.964;90.371.979;470.393.402;121.524.620;2.632.349;866.735.657;525.526.245;;;;;;;;;;;;;;;;;;;;;;;;;;;
97;;;;-76.194.878;764.962.463;339.475.769;62.960.503;547.966.125;206.553.375;89.699.852;469.973.907;121.284.752;3.268.474;866.051.147;525.852.539;;;;;;;;;;;;;;;;;;;;;;;;;;;
98;;;;-76.063.042;764.116.150;340.109.802;62.461.212;547.461.731;206.093.002;88.730.606;469.794.250;120.368.881;4.054.022;865.177.673;526.140.442;;;;;;;;;;;;;;;;;;;;;;;;;;;
99;;;;-75.969.444;763.278.687;340.842.163;62.299.957;546.801.147;205.548.965;87.778.954;469.538.147;119.960.869;4.601.055;864.452.576;526.439.331;;;;;;;;;;;;;;;;;;;;;;;;;;;
100;;;;-75.807.785;762.377.991;341.419.586;62.006.187;546.022.949;205.117.844;86.522.522;469.935.303;119.187.729;5.099.014;863.934.143;526.521.118;;;;;;;;;;;;;;;;;;;;;;;;;;;
101;;;;-75.732.773;761.503.357;341.827.118;61.807.629;545.336.182;204.914.459;85.447.227;469.498.108;119.189.713;5.823.032;863.111.633;526.608.276;;;;;;;;;;;;;;;;;;;;;;;;;;;
102;;;;-75.585.434;760.753.540;342.389.862;61.593.239;544.865.295;204.856.201;85.345.238;469.617.554;118.077.431;6.422.464;862.246.094;527.134.827;;;;;;;;;;;;;;;;;;;;;;;;;;;
103;;;;-75.439.140;759.817.139;343.109.344;61.383.915;544.371.521;204.772.903;84.952.942;470.446.564;116.873.344;6.850.788;861.593.506;527.334.229;;;;;;;;;;;;;;;;;;;;;;;;;;;
104;;;;-75.428.680;758.911.865;343.621.124;61.128.719;543.906.250;204.749.588;84.434.967;470.281.555;116.467.224;7.320.806;860.977.600;527.622.986;;;;;;;;;;;;;;;;;;;;;;;;;;;
105;;;;-75.208.107;758.247.437;343.954.254;60.892.498;543.335.510;204.713.989;84.196.350;468.684.479;116.608.139;7.970.431;860.154.236;527.862.976;;;;;;;;;;;;;;;;;;;;;;;;;;;
106;;;;-74.937.210;757.501.892;344.242.462;60.691.914;542.755.920;204.617.249;84.084.595;467.220.886;116.784.660;8.669.593;859.413.513;527.892.944;;;;;;;;;;;;;;;;;;;;;;;;;;;
107;;;;-74.586.647;756.615.417;344.175.720;60.752.781;542.166.992;204.253.326;84.064.636;466.594.330;116.506.134;9.192.594;858.867.065;527.829.651;;;;;;;;;;;;;;;;;;;;;;;;;;;
108;;;;-74.236.603;755.904.175;344.149.017;60.747.448;541.764.099;203.855.316;84.006.958;466.452.118;116.296.013;9.769.248;858.256.165;528.001.648;;;;;;;;;;;;;;;;;;;;;;;;;;;
109;;;;-74.248.756;755.271.057;345.183.655;60.637.516;541.360.229;203.366.013;83.903.664;466.309.021;116.199.944;10.461.024;857.412.537;527.909.119;;;;;;;;;;;;;;;;;;;;;;;;;;;
110;;;;-74.225.533;754.560.303;345.852.875;60.680.740;540.894.043;203.208.328;84.072.578;465.482.880;116.441.910;10.939.703;856.705.994;528.212.524;;;;;;;;;;;;;;;;;;;;;;;;;;;
111;;;;-74.084.473;753.661.987;346.090.332;60.631.111;540.320.862;203.094.513;84.086.151;464.756.104;116.498.764;11.328.571;856.093.811;528.496.582;;;;;;;;;;;;;;;;;;;;;;;;;;;
112;;;;-73.958.466;752.998.108;346.321.533;60.760.746;539.761.841;202.958.435;84.231.628;463.637.482;116.887.375;11.625.625;855.603.760;528.556.763;;;;;;;;;;;;;;;;;;;;;;;;;;;
113;;;;-73.675.819;752.468.384;346.528.961;60.890.484;539.289.673;202.833.801;84.404.686;462.578.735;116.864.113;12.079.186;854.968.384;528.498.169;;;;;;;;;;;;;;;;;;;;;;;;;;;
114;;;;-73.348.656;751.833.069;346.532.990;61.084.099;538.925.720;202.894.684;84.308.685;462.377.716;116.756.882;12.631.520;854.242.310;528.536.804;;;;;;;;;;;;;;;;;;;;;;;;;;;
115;;;;-73.045.403;751.057.251;346.445.313;61.100.395;538.613.770;202.860.016;84.171.921;462.290.833;116.259.369;13.173.787;853.720.154;528.628.723;;;;;;;;;;;;;;;;;;;;;;;;;;;
116;;;;-72.932.297;750.410.339;347.125.580;61.143.890;538.424.988;202.766.479;84.264.877;462.439.087;115.647.499;13.727.964;853.299.194;528.491.272;;;;;;;;;;;;;;;;;;;;;;;;;;;
117;;;;-72.764.931;749.846.069;347.440.704;61.316.536;538.055.237;202.501.282;83.980.331;462.664.978;114.778.015;13.962.484;852.908.752;528.530.029;;;;;;;;;;;;;;;;;;;;;;;;;;;
118;;;;-72.596.344;749.297.974;347.670.807;61.472.713;537.671.997;202.373.962;83.742.264;463.417.725;113.800.575;14.217.204;852.369.995;528.589.966;;;;;;;;;;;;;;;;;;;;;;;;;;;
119;;;;-72.295.837;748.596.741;347.754.211;61.692.173;537.273.743;202.195.938;83.726.112;463.766.235;113.153.709;14.523.375;851.726.746;528.665.466;;;;;;;;;;;;;;;;;;;;;;;;;;;
120;;;;-72.225.456;747.985.168;347.829.834;61.774.250;536.891.357;202.023.865;83.859.489;463.544.647;112.863.815;14.876.883;851.290.710;528.795.044;;;;;;;;;;;;;;;;;;;;;;;;;;;
121;;;;-72.021.919;747.424.683;348.316.864;61.920.765;536.567.444;201.795.990;83.944.527;462.940.948;112.601.837;15.165.523;850.883.911;528.909.729;;;;;;;;;;;;;;;;;;;;;;;;;;;
122;;;;-71.956.314;747.057.800;348.710.449;62.195.251;536.161.926;201.308.594;84.312.210;462.033.051;112.996.506;15.484.215;850.606.934;529.048.340;;;;;;;;;;;;;;;;;;;;;;;;;;;
123;;;;-71.609.406;746.550.110;348.600.250;62.157.913;535.890.930;201.093.918;84.595.825;461.442.535;113.063.911;15.593.212;850.142.334;529.449.951;;;;;;;;;;;;;;;;;;;;;;;;;;;
124;;;;-71.374.062;746.038.635;348.566.956;62.416.889;535.759.094;200.719.009;84.666.718;461.006.561;112.655.319;15.797.083;849.659.790;529.567.383;;;;;;;;;;;;;;;;;;;;;;;;;;;
125;;;;-71.189.095;745.451.172;348.570.587;62.630.909;535.536.743;200.189.728;84.704.453;460.898.743;112.190.956;16.089.420;849.265.930;529.487.549;;;;;;;;;;;;;;;;;;;;;;;;;;;
126;;;;-71.063.309;744.889.221;348.936.462;62.878.517;535.338.318;199.767.151;84.778.191;460.848.358;111.985.977;16.399.218;848.876.770;529.267.944;;;;;;;;;;;;;;;;;;;;;;;;;;;
127;;;;-70.843.147;744.421.265;348.865.173;63.114.544;535.163.818;199.455.719;84.747.986;460.647.827;111.508.926;16.583.673;848.557.190;529.226.685;;;;;;;;;;;;;;;;;;;;;;;;;;;
128;;;;-70.695.969;744.071.899;348.959.381;63.302.055;534.940.125;199.268.875;84.861.969;460.451.630;111.280.052;16.824.169;848.253.418;529.310.486;;;;;;;;;;;;;;;;;;;;;;;;;;;
129;;;;-70.569.923;743.805.969;349.090.820;63.481.491;534.731.262;199.141.815;84.905.869;460.306.702;111.071.098;16.984.032;848.005.737;529.337.585;;;;;;;;;;;;;;;;;;;;;;;;;;;
130;;;;-70.400.139;743.232.178;349.266.693;63.597.946;534.532.043;199.015.991;84.937.836;460.123.352;110.780.022;17.211.685;847.767.700;529.353.638;;;;;;;;;;;;;;;;;;;;;;;;;;;
131;;;;-70.227.417;742.762.390;349.415.375;63.728.203;534.256.714;198.928.268;85.536.598;459.078.827;111.255.714;17.424.183;847.448.059;529.405.518;;;;;;;;;;;;;;;;;;;;;;;;;;;
132;;;;-70.116.119;742.324.585;349.549.530;63.822.575;534.073.547;198.782.288;86.205.200;458.611.664;111.289.703;17.645.432;847.052.307;529.413.208;;;;;;;;;;;;;;;;;;;;;;;;;;;
133;;;;-69.903.946;741.888.062;349.605.225;63.879.383;533.889.343;198.815.552;86.209.404;458.540.649;110.848.793;17.819.889;846.721.008;529.457.336;;;;;;;;;;;;;;;;;;;;;;;;;;;
134;;;;-69.554.916;741.511.536;349.433.014;64.266.808;533.612.793;198.565.399;85.883.217;459.622.131;109.600.304;18.055.075;846.393.433;529.422.852;;;;;;;;;;;;;;;;;;;;;;;;;;;
135;;;;-69.354.507;741.148.499;349.371.368;64.480.019;533.279.724;198.248.154;85.908.760;460.469.055;108.330.254;18.223.885;846.084.106;529.428.101;;;;;;;;;;;;;;;;;;;;;;;;;;;
136;;;;-69.199.753;740.826.538;349.378.723;64.596.504;533.046.875;197.902.588;86.193.230;460.774.017;107.620.689;18.367.687;845.838.867;529.430.359;;;;;;;;;;;;;;;;;;;;;;;;;;;
137;;;;-69.124.031;740.490.906;349.377.411;64.692.841;532.841.919;197.593.643;86.485.870;460.437.073;107.473.343;18.524.632;845.670.227;529.418.091;;;;;;;;;;;;;;;;;;;;;;;;;;;
138;;;;-69.013.733;739.996.521;349.390.930;64.756.317;532.607.239;197.330.750;86.762.825;460.027.466;107.474.037;18.736.387;845.546.997;529.357.605;;;;;;;;;;;;;;;;;;;;;;;;;;;
139;;;;-68.847.404;739.577.759;349.352.753;64.798.889;532.505.005;197.205.551;86.718.834;459.656.067;107.060.196;18.854.315;845.231.750;529.140.442;;;;;;;;;;;;;;;;;;;;;;;;;;;
140;;;;-68.726.563;739.245.972;349.422.272;65.038.445;532.352.112;196.890.823;87.170.700;459.000.061;107.253.448;18.947.287;844.988.892;529.136.780;;;;;;;;;;;;;;;;;;;;;;;;;;;
141;;;;-68.594.002;738.985.535;349.467.529;65.172.905;532.286.499;196.585.922;87.850.601;458.103.394;107.701.897;19.057.890;844.676.697;529.101.746;;;;;;;;;;;;;;;;;;;;;;;;;;;
142;;;;-68.523.994;738.724.854;349.494.141;65.328.789;532.181.335;196.404.785;88.264.908;457.431.335;107.811.920;19.147.032;844.370.300;528.950.867;;;;;;;;;;;;;;;;;;;;;;;;;;;
143;;;;-68.359.192;738.464.661;349.452.972;65.448.158;532.045.837;196.126.144;88.590.591;457.290.436;107.505.943;19.270.704;844.062.805;528.840.942;;;;;;;;;;;;;;;;;;;;;;;;;;;
144;;;;-68.211.006;738.288.513;349.351.471;65.662.163;531.890.686;195.771.790;88.649.506;457.388.733;107.114.189;19.407.362;843.761.169;528.780.273;;;;;;;;;;;;;;;;;;;;;;;;;;;
145;;;;-68.056.938;737.961.060;349.203.033;65.815.575;531.770.264;195.546.219;88.293.617;458.521.057;106.128.250;19.535.055;843.534.851;528.702.637;;;;;;;;;;;;;;;;;;;;;;;;;;;
146;;;;-67.957.939;737.622.192;349.151.489;66.026.619;531.722.046;195.442.474;88.039.948;460.022.186;105.234.245;19.635.853;843.336.487;528.735.413;;;;;;;;;;;;;;;;;;;;;;;;;;;
147;;;;-67.764.763;737.351.563;348.937.958;66.212.318;531.552.429;195.221.680;87.909.241;460.882.080;104.610.855;19.715.099;843.100.464;528.693.054;;;;;;;;;;;;;;;;;;;;;;;;;;;
148;;;;-67.519.379;737.068.420;348.752.808;66.435.402;531.408.264;195.124.527;88.043.297;460.846.375;104.434.380;19.827.513;842.960.938;528.895.935;;;;;;;;;;;;;;;;;;;;;;;;;;;
149;;;;-67.281.357;736.798.706;348.487.823;66.677.765;531.275.452;194.698.959;88.275.856;460.467.224;104.581.978;19.928.070;842.679.871;528.687.073;;;;;;;;;;;;;;;;;;;;;;;;;;;
150;;;;-67.057.617;736.541.870;348.339.905;66.906.975;531.089.539;194.610.611;88.565.025;459.464.600;105.028.183;20.028.856;842.453.247;528.445.557;;;;;;;;;;;;;;;;;;;;;;;;;;;
151;;;;-66.919.456;736.275.269;348.195.465;66.982.735;530.965.942;194.592.117;89.402.893;457.887.939;105.852.272;20.363.722;842.278.748;528.028.748;;;;;;;;;;;;;;;;;;;;;;;;;;;
152;;;;-66.772.102;736.098.999;348.148.529;67.080.917;530.794.922;194.597.977;89.907.204;456.908.325;106.249.969;20.224.010;841.921.692;528.201.355;;;;;;;;;;;;;;;;;;;;;;;;;;;
153;;;;-66.581.627;735.886.169;347.946.594;67.218.948;530.596.558;194.571.838;90.123.360;456.460.114;106.155.602;20.294.426;841.651.917;528.075.073;;;;;;;;;;;;;;;;;;;;;;;;;;;
154;;;;-66.313.713;735.807.556;347.939.972;67.400.078;530.467.834;194.761.902;90.471.039;456.664.307;105.612.679;20.589.390;841.355.408;527.667.114;;;;;;;;;;;;;;;;;;;;;;;;;;;
155;;;;-66.219.856;735.652.527;347.844.818;67.607.048;530.262.817;194.685.120;90.734.062;457.048.645;105.137.016;20.503.586;841.207.581;527.840.454;;;;;;;;;;;;;;;;;;;;;;;;;;;
156;;;;-66.136.971;735.491.394;347.901.062;67.817.574;530.078.125;194.581.024;90.863.983;457.168.030;104.932.335;20.598.495;840.948.242;527.447.754;;;;;;;;;;;;;;;;;;;;;;;;;;;
157;;;;-66.034.111;735.321.533;347.812.012;67.974.144;529.946.289;194.463.867;91.299.591;456.734.558;105.108.986;20.689.995;840.786.987;527.236.145;;;;;;;;;;;;;;;;;;;;;;;;;;;
158;;;;-65.898.392;735.074.158;347.685.699;68.308.540;529.700.806;193.981.689;92.072.319;455.517.395;105.864.212;20.665.628;840.634.338;527.303.101;;;;;;;;;;;;;;;;;;;;;;;;;;;
159;;;;-65.756.897;734.907.043;347.496.399;68.496.208;529.616.333;193.721.115;92.431.808;454.779.083;106.202.293;20.694.372;840.547.363;527.374.390;;;;;;;;;;;;;;;;;;;;;;;;;;;
160;;;;-65.628.075;734.736.938;347.392.670;68.811.333;529.483.887;193.451.614;92.597.801;454.734.039;106.136.795;20.702.055;840.410.828;527.232.910;;;;;;;;;;;;;;;;;;;;;;;;;;;
161;;;;-65.583.511;734.493.347;347.282.104;68.944.565;529.467.896;193.374.283;92.683.708;454.884.979;105.931.435;20.747.690;840.252.319;527.199.341;;;;;;;;;;;;;;;;;;;;;;;;;;;
162;;;;-65.453.522;734.301.697;347.051.483;68.956.657;529.424.255;193.760.620;92.851.944;454.944.305;105.772.858;20.799.688;840.104.858;527.130.432;;;;;;;;;;;;;;;;;;;;;;;;;;;
163;;;;-65.395.317;734.139.954;346.925.293;69.401.680;529.357.910;193.315.765;93.066.147;454.774.597;105.633.522;20.822.697;839.960.083;527.081.787;;;;;;;;;;;;;;;;;;;;;;;;;;;
164;;;;-65.321.861;733.973.083;346.899.994;69.844.254;529.281.982;192.896.225;93.019.264;455.275.482;105.143.753;20.828.615;839.805.969;527.049.927;;;;;;;;;;;;;;;;;;;;;;;;;;;
165;;;;-65.252.533;733.892.395;346.748.535;70.030.457;529.178.345;192.957.108;93.119.621;455.827.057;104.742.073;20.830.606;839.653.442;527.032.715;;;;;;;;;;;;;;;;;;;;;;;;;;;
166;;;;-65.228.256;733.778.015;346.507.446;70.210.571;529.149.719;192.855.942;93.411.392;455.743.439;104.713.707;20.798.668;839.494.812;527.054.871;;;;;;;;;;;;;;;;;;;;;;;;;;;
167;;;;-65.171.341;733.687.805;346.376.007;70.450.790;529.047.852;192.776.382;94.037.918;454.346.497;105.314.003;20.835.581;839.265.991;527.001.892;;;;;;;;;;;;;;;;;;;;;;;;;;;
168;;;;-65.088.226;733.597.168;346.362.000;70.603.500;529.004.089;192.729.309;94.631.195;453.384.583;106.108.978;20.770.061;839.115.906;526.931.091;;;;;;;;;;;;;;;;;;;;;;;;;;;
169;;;;-65.047.485;733.441.162;346.307.983;70.797.173;528.905.273;192.730.896;94.944.557;452.943.695;106.421.951;20.791.462;838.904.602;526.948.608;;;;;;;;;;;;;;;;;;;;;;;;;;;
170;;;;-65.027.878;733.354.065;346.274.353;71.110.443;528.730.164;192.618.179;95.069.504;452.919.342;106.363.312;20.844.843;838.747.864;526.821.960;;;;;;;;;;;;;;;;;;;;;;;;;;;
171;;;;-64.922.256;733.268.494;346.224.518;71.158.363;528.716.614;192.852.905;95.216.621;452.900.726;106.364.143;20.817.066;838.614.075;526.734.680;;;;;;;;;;;;;;;;;;;;;;;;;;;
172;;;;-64.862.808;733.182.861;346.139.740;71.157.356;528.596.558;192.754.913;95.428.207;452.878.876;106.168.449;20.823.599;838.533.325;526.716.553;;;;;;;;;;;;;;;;;;;;;;;;;;;
173;;;;-64.770.065;733.080.688;346.077.850;71.360.596;528.400.696;192.847.260;95.545.441;452.907.104;106.041.985;20.819.050;838.372.314;526.712.341;;;;;;;;;;;;;;;;;;;;;;;;;;;
174;;;;-64.619.591;732.993.958;345.942.108;71.669.273;528.226.624;193.075.089;95.647.820;452.886.200;106.007.744;20.804.792;838.309.692;526.603.455;;;;;;;;;;;;;;;;;;;;;;;;;;;
175;;;;-64.526.352;732.921.204;345.846.619;71.656.860;528.144.104;193.017.670;95.195.404;454.183.777;105.153.053;20.863.316;838.228.516;526.598.572;;;;;;;;;;;;;;;;;;;;;;;;;;;
176;;;;-64.405.602;732.746.704;345.711.700;71.719.513;527.958.618;193.006.134;95.032.593;455.275.208;104.393.333;20.878.515;838.164.307;526.468.262;;;;;;;;;;;;;;;;;;;;;;;;;;;
177;;;;-64.313.835;732.649.170;345.589.447;71.814.102;527.885.559;193.021.729;95.024.773;455.591.614;104.066.010;20.832.747;838.074.524;526.485.962;;;;;;;;;;;;;;;;;;;;;;;;;;;
178;;;;-64.219.460;732.470.642;345.475.983;71.881.058;527.760.437;193.107.864;95.572.243;453.938.354;105.000.740;20.906.109;837.930.298;526.368.286;;;;;;;;;;;;;;;;;;;;;;;;;;;
179;;;;-64.141.998;732.305.847;345.488.861;71.991.196;527.599.609;193.036.057;95.920.616;452.034.302;105.904.213;21.018.375;837.834.839;526.313.293;;;;;;;;;;;;;;;;;;;;;;;;;;;
180;;;;-64.022.018;732.199.890;345.430.176;72.096.024;527.485.413;192.969.513;95.983.040;451.060.120;106.345.993;21.050.554;837.692.749;526.257.813;;;;;;;;;;;;;;;;;;;;;;;;;;;
181;;;;-63.987.041;731.971.558;345.288.849;72.224.457;527.381.042;192.907.486;95.971.519;450.891.022;106.367.256;21.108.974;837.590.820;526.274.231;;;;;;;;;;;;;;;;;;;;;;;;;;;
182;;;;-64.028.679;731.799.561;345.359.436;72.325.096;527.253.540;192.906.860;95.917.412;451.032.715;106.209.816;21.152.451;837.416.809;526.028.503;;;;;;;;;;;;;;;;;;;;;;;;;;;
183;;;;-63.961.674;731.660.889;345.523.743;72.367.462;527.140.259;192.825.439;95.918.167;451.161.438;105.961.403;21.146.845;837.249.207;526.153.320;;;;;;;;;;;;;;;;;;;;;;;;;;;
184;;;;-63.979.645;731.426.453;345.595.947;72.543.518;527.048.279;192.774.063;95.880.524;451.190.277;105.762.207;21.171.463;837.092.834;526.120.544;;;;;;;;;;;;;;;;;;;;;;;;;;;
185;;;;-63.933.079;731.288.757;345.603.363;72.673.645;526.926.208;192.751.556;95.843.330;451.115.082;105.649.673;21.305.664;836.960.144;526.227.905;;;;;;;;;;;;;;;;;;;;;;;;;;;
186;;;;-63.919.083;731.148.071;345.580.017;72.834.038;526.896.667;192.463.226;95.750.793;451.003.662;105.631.973;21.327.631;836.784.668;526.353.577;;;;;;;;;;;;;;;;;;;;;;;;;;;
187;;;;-63.865.993;730.975.525;345.645.050;72.960.579;526.818.604;192.445.969;95.724.403;450.898.468;105.525.620;21.439.299;836.617.004;526.227.478;;;;;;;;;;;;;;;;;;;;;;;;;;;
188;;;;-63.865.612;730.886.414;345.705.933;73.046.577;526.766.541;192.317.825;95.694.260;450.830.505;105.383.110;21.513.229;836.546.631;526.319.885;;;;;;;;;;;;;;;;;;;;;;;;;;;
189;;;;-63.815.899;730.718.201;345.698.334;73.060.951;526.702.087;192.281.372;95.612.617;450.723.236;105.202.232;21.524.542;836.376.770;526.426.941;;;;;;;;;;;;;;;;;;;;;;;;;;;
190;;;;-63.811.943;730.622.803;345.701.752;73.166.557;526.674.683;192.246.841;95.624.908;450.739.410;105.173.096;21.577.896;836.276.184;526.457.458;;;;;;;;;;;;;;;;;;;;;;;;;;;
191;;;;-63.768.532;730.512.878;345.755.615;73.212.646;526.675.964;192.233.047;95.593.498;450.752.686;105.073.196;21.653.070;836.116.638;526.485.535;;;;;;;;;;;;;;;;;;;;;;;;;;;
192;;;;-63.733.410;730.418.640;345.825.653;73.227.646;526.593.018;192.194.260;95.492.859;450.674.408;104.850.372;21.723.915;836.030.945;526.489.075;;;;;;;;;;;;;;;;;;;;;;;;;;;
193;;;;-63.734.020;730.405.396;345.878.754;73.295.479;526.569.336;192.238.968;95.535.347;450.776.215;104.840.057;21.757.093;835.946.167;526.576.782;;;;;;;;;;;;;;;;;;;;;;;;;;;
194;;;;-63.740.192;730.324.219;345.899.109;73.325.401;526.483.948;192.190.613;95.512.024;450.782.562;104.736.046;21.782.459;835.866.760;526.582.764;;;;;;;;;;;;;;;;;;;;;;;;;;;
195;;;;-63.704.517;730.230.713;345.986.664;73.367.798;526.448.242;192.111.252;95.455.345;450.744.537;104.672.768;21.785.723;835.767.944;526.678.467;;;;;;;;;;;;;;;;;;;;;;;;;;;
196;;;;-63.566.467;730.197.998;346.000.732;73.438.782;526.449.280;192.134.842;95.065.056;451.813.141;103.942.795;21.844.358;835.670.837;526.717.407;;;;;;;;;;;;;;;;;;;;;;;;;;;
197;;;;-63.546.234;730.033.020;346.118.011;73.430.916;526.374.451;192.156.525;94.905.167;452.529.602;103.407.921;21.889.963;835.659.546;526.775.391;;;;;;;;;;;;;;;;;;;;;;;;;;;
198;;;;-63.588.581;730.011.841;346.231.567;73.435.097;526.279.968;192.158.279;94.800.758;453.004.913;103.099.564;21.948.803;835.579.041;526.822.144;;;;;;;;;;;;;;;;;;;;;;;;;;;
199;;;;-63.554.527;729.848.328;346.281.769;73.493.324;526.262.878;192.201.797;94.794.449;452.988.678;103.057.175;21.948.746;835.561.462;526.826.477;;;;;;;;;;;;;;;;;;;;;;;;;;;
200;;;;-63.509.026;729.829.773;346.387.482;73.530.060;526.174.683;192.202.652;95.019.249;452.417.297;103.373.207;22.033.310;835.484.497;526.943.298;;;;;;;;;;;;;;;;;;;;;;;;;;;
201;;;;-63.464.680;729.741.272;346.461.029;73.601.425;526.157.166;192.178.177;95.381.699;451.214.020;104.222.916;21.916.237;835.361.511;527.144.470;;;;;;;;;;;;;;;;;;;;;;;;;;;
202;;;;-63.375.317;729.653.381;346.431.732;73.593.307;526.087.585;192.197.906;95.577.042;450.447.449;104.725.937;21.870.964;835.339.417;527.193.909;;;;;;;;;;;;;;;;;;;;;;;;;;;
203;;;;-63.420.551;729.569.336;346.503.021;73.592.094;526.071.167;192.209.579;95.708.015;450.317.963;104.804.115;21.911.186;835.336.548;527.228.943;;;;;;;;;;;;;;;;;;;;;;;;;;;
204;;;;-63.382.633;729.477.722;346.565.552;73.666.649;526.052.673;192.259.293;95.744.469;450.568.787;104.655.022;21.987.770;835.327.087;527.104.492;;;;;;;;;;;;;;;;;;;;;;;;;;;
205;;;;-63.380.413;729.472.107;346.601.471;73.667.336;525.981.506;192.312.820;95.814.186;450.811.401;104.543.404;21.948.994;835.268.311;527.184.387;;;;;;;;;;;;;;;;;;;;;;;;;;;
206;;;;-63.261.395;729.376.648;346.491.760;73.727.142;525.973.999;192.300.583;95.831.932;450.892.334;104.496.956;21.948.299;835.269.104;527.283.569;;;;;;;;;;;;;;;;;;;;;;;;;;;
207;;;;-63.252.220;729.299.194;346.648.987;73.730.232;525.959.534;192.335.327;95.838.043;450.942.139;104.380.638;21.955.275;835.238.220;527.305.359;;;;;;;;;;;;;;;;;;;;;;;;;;;
208;;;;-63.289.021;729.282.959;346.744.019;73.750.542;525.968.384;192.338.013;95.832.405;450.952.942;104.263.702;22.050.507;835.251.892;527.201.721;;;;;;;;;;;;;;;;;;;;;;;;;;;
209;;;;-63.301.403;729.287.109;346.770.630;73.832.840;525.982.483;192.349.701;95.849.472;451.012.421;104.251.442;22.184.618;835.179.688;527.078.064;;;;;;;;;;;;;;;;;;;;;;;;;;;
210;;;;-63.242.695;729.203.674;346.779.266;73.857.330;526.027.893;192.310.440;95.858.345;451.124.115;104.197.273;22.137.781;835.183.899;527.199.585;;;;;;;;;;;;;;;;;;;;;;;;;;;
211;;;;-63.235.798;729.196.350;346.774.139;73.884.697;526.051.636;192.337.555;95.836.922;451.199.432;104.145.882;22.104.345;835.114.258;527.262.756;;;;;;;;;;;;;;;;;;;;;;;;;;;
212;;;;-63.170.658;729.192.017;346.783.264;73.952.789;526.047.302;192.382.843;95.799.202;451.244.720;104.034.233;22.121.857;835.092.529;527.332.520;;;;;;;;;;;;;;;;;;;;;;;;;;;
213;;;;-63.174.400;729.197.571;346.816.895;73.978.363;526.044.861;192.310.898;95.465.462;452.249.603;103.249.847;22.187.584;835.099.548;527.294.189;;;;;;;;;;;;;;;;;;;;;;;;;;;
214;;;;-63.133.190;729.196.411;346.737.885;74.054.924;526.080.261;192.157.501;95.615.738;453.007.721;102.435.997;22.264.963;835.029.541;527.296.997;;;;;;;;;;;;;;;;;;;;;;;;;;;
215;;;;-63.083.336;729.120.056;346.820.251;74.086.685;526.087.524;192.022.079;95.256.256;453.678.955;102.204.590;22.236.448;835.018.494;527.339.661;;;;;;;;;;;;;;;;;;;;;;;;;;;
216;;;;-63.042.439;729.108.398;346.906.311;74.120.857;526.163.147;192.012.589;94.656.319;454.578.949;101.377.762;22.246.399;835.027.832;527.341.675;;;;;;;;;;;;;;;;;;;;;;;;;;;
217;;;;-63.031.677;729.103.577;346.872.101;74.133.606;526.177.856;192.015.289;94.450.897;454.757.782;100.873.299;22.303.425;835.021.973;527.367.859;;;;;;;;;;;;;;;;;;;;;;;;;;;
218;;;;-62.967.293;729.103.455;346.895.996;74.150.612;526.192.993;191.983.170;94.627.197;454.683.044;100.864.983;22.343.594;834.954.102;527.326.843;;;;;;;;;;;;;;;;;;;;;;;;;;;
219;;;;-62.865.776;729.024.841;346.868.988;74.187.363;526.259.216;191.921.997;94.767.105;454.461.700;100.995.514;22.326.626;834.935.364;527.327.881;;;;;;;;;;;;;;;;;;;;;;;;;;;
220;;;;-62.836.597;729.019.775;346.837.067;74.211.906;526.251.038;191.836.273;94.597.664;454.101.746;101.146.133;22.402.822;834.944.458;527.348.389;;;;;;;;;;;;;;;;;;;;;;;;;;;
221;;;;-62.751.316;729.029.907;346.832.581;74.168.320;526.261.292;191.771.790;94.393.410;453.763.000;101.438.194;22.377.974;834.940.063;527.425.171;;;;;;;;;;;;;;;;;;;;;;;;;;;
222;;;;-62.756.794;729.017.639;346.828.003;74.169.899;526.268.005;191.786.407;94.242.981;453.606.567;101.537.247;22.490.791;834.948.425;527.394.104;;;;;;;;;;;;;;;;;;;;;;;;;;;
223;;;;-62.672.474;729.009.399;346.823.364;74.166.771;526.286.926;191.807.739;94.145.500;453.621.674;101.404.709;22.499.493;834.948.303;527.375.549;;;;;;;;;;;;;;;;;;;;;;;;;;;
224;;;;-62.634.918;729.015.442;346.788.452;74.191.078;526.277.222;191.720.459;93.813.683;454.579.132;100.656.639;22.513.771;834.963.379;527.380.554;;;;;;;;;;;;;;;;;;;;;;;;;;;
225;;;;-62.509.651;729.040.833;346.790.497;74.156.670;526.361.938;191.687.759;93.534.035;455.436.768;100.132.240;22.545.053;834.941.467;527.382.996;;;;;;;;;;;;;;;;;;;;;;;;;;;
226;;;;-62.550.373;729.015.198;346.756.317;74.279.533;526.377.625;191.418.381;93.252.045;455.675.323;99.918.098;22.644.650;834.965.576;527.303.955;;;;;;;;;;;;;;;;;;;;;;;;;;;
227;;;;-62.498.180;729.084.961;346.802.032;74.187.485;526.443.298;191.553.345;93.376.045;455.210.876;100.153.595;22.666.750;834.952.820;527.367.737;;;;;;;;;;;;;;;;;;;;;;;;;;;
228;;;;-62.475.224;729.092.773;346.807.770;74.321.526;526.467.529;191.364.609;93.522.514;454.393.188;100.588.425;22.688.313;835.023.743;527.386.963;;;;;;;;;;;;;;;;;;;;;;;;;;;
229;;;;-62.462.845;729.096.741;346.791.931;74.318.611;526.546.936;191.242.004;93.566.856;453.201.202;101.294.266;22.680.756;835.031.067;527.394.226;;;;;;;;;;;;;;;;;;;;;;;;;;;
230;;;;-62.451.900;729.094.238;346.760.956;74.322.014;526.651.794;191.226.563;93.730.492;451.989.563;101.954.483;22.616.140;835.005.737;527.645.386;;;;;;;;;;;;;;;;;;;;;;;;;;;
231;;;;-62.388.226;729.166.931;346.799.194;74.344.513;526.736.694;191.136.597;93.937.546;450.443.573;102.557.503;22.704.508;835.037.354;527.546.082;;;;;;;;;;;;;;;;;;;;;;;;;;;
232;;;;-62.367.157;729.167.480;346.753.448;74.186.295;526.815.674;191.422.882;94.002.502;449.641.449;102.945.801;22.868.834;835.023.315;527.366.577;;;;;;;;;;;;;;;;;;;;;;;;;;;
233;;;;-62.376.968;729.252.747;346.805.573;74.155.647;526.908.752;191.543.335;94.110.680;450.166.931;102.526.154;22.880.098;835.032.227;527.389.404;;;;;;;;;;;;;;;;;;;;;;;;;;;
234;;;;-62.367.413;729.340.515;346.813.232;74.372.597;527.015.564;191.196.320;94.103.752;450.732.849;102.123.390;22.943.647;835.031.860;527.415.710;;;;;;;;;;;;;;;;;;;;;;;;;;;
235;;;;-62.344.395;729.324.585;346.885.468;74.441.910;527.150.757;191.079.208;94.048.729;450.840.454;101.978.714;22.956.690;835.112.915;527.435.547;;;;;;;;;;;;;;;;;;;;;;;;;;;
236;;;;-62.354.870;729.409.851;346.985.504;74.460.678;527.255.371;191.051.453;94.034.416;450.650.116;102.097.397;22.910.984;835.093.262;527.616.943;;;;;;;;;;;;;;;;;;;;;;;;;;;
237;;;;-62.341.995;729.492.554;346.945.221;74.488.708;527.364.868;191.021.545;94.014.610;450.410.431;102.283.592;23.044.676;835.095.886;527.536.804;;;;;;;;;;;;;;;;;;;;;;;;;;;
238;;;;-62.366.894;729.591.370;347.029.388;74.481.346;527.466.187;191.013.153;94.010.918;450.248.901;102.397.804;23.087.530;835.105.530;527.477.112;;;;;;;;;;;;;;;;;;;;;;;;;;;
239;;;;-62.398.643;729.678.467;347.132.751;74.530.052;527.564.392;191.078.842;94.015.343;450.193.420;102.494.446;23.116.541;835.094.482;527.570.435;;;;;;;;;;;;;;;;;;;;;;;;;;;
240;;;;-62.409.878;729.754.456;347.153.107;74.540.970;527.581.482;191.170.624;93.982.796;450.064.850;102.611.633;23.194.155;835.178.345;527.510.681;;;;;;;;;;;;;;;;;;;;;;;;;;;
241;;;;-62.449.661;729.841.492;347.270.538;74.593.758;527.639.465;191.250.427;93.800.568;450.468.018;102.435.997;23.184.124;835.172.913;527.623.291;;;;;;;;;;;;;;;;;;;;;;;;;;;
242;;;;-62.446.259;729.913.879;347.326.782;74.562.775;527.641.663;191.323.700;93.597.313;450.912.170;102.331.207;23.244.322;835.166.321;527.705.566;;;;;;;;;;;;;;;;;;;;;;;;;;;
243;;;;-62.520.046;730.004.028;347.479.828;74.637.985;527.721.069;191.376.541;93.434.669;450.949.829;102.392.838;23.283.184;835.233.643;527.646.118;;;;;;;;;;;;;;;;;;;;;;;;;;;
244;;;;-62.636.120;730.087.219;347.564.117;74.607.239;527.741.760;191.452.301;93.553.093;450.600.494;102.852.707;23.336.079;835.306.030;527.686.768;;;;;;;;;;;;;;;;;;;;;;;;;;;
245;;;;-62.622.322;730.168.823;347.576.874;74.629.654;527.712.891;191.583.282;93.823.540;449.559.692;103.745.079;23.339.205;835.306.458;527.688.599;;;;;;;;;;;;;;;;;;;;;;;;;;;
246;;;;-62.672.661;730.248.779;347.639.893;74.556.458;527.707.031;191.858.856;93.916.740;448.670.471;104.509.888;23.282.866;835.380.737;527.809.937;;;;;;;;;;;;;;;;;;;;;;;;;;;
247;;;;-62.693.195;730.330.017;347.695.496;74.503.464;527.692.810;191.965.118;93.867.226;448.228.943;104.984.909;23.317.232;835.379.639;527.882.813;;;;;;;;;;;;;;;;;;;;;;;;;;;
248;;;;-62.757.267;730.422.607;347.731.201;74.470.009;527.734.741;192.274.872;93.804.550;447.997.772;105.274.887;23.331.398;835.449.646;527.858.154;;;;;;;;;;;;;;;;;;;;;;;;;;;
249;;;;-62.784.172;730.505.554;347.776.642;74.506.363;527.742.676;192.426.208;93.669.647;447.859.314;105.792.664;23.365.421;835.534.119;527.822.693;;;;;;;;;;;;;;;;;;;;;;;;;;;
250;;;;-62.784.813;730.601.318;347.881.287;74.270.737;527.773.987;192.544.174;93.535.812;447.410.156;106.367.195;23.386.370;835.524.353;527.890.320;;;;;;;;;;;;;;;;;;;;;;;;;;;
251;;;;-62.907.104;730.769.653;348.004.456;74.102.234;527.751.770;192.961.807;93.385.002;446.703.644;107.071.419;23.401.695;835.593.933;527.883.911;;;;;;;;;;;;;;;;;;;;;;;;;;;
252;;;;-63.022.045;730.946.655;348.067.230;73.928.688;527.813.049;193.530.411;93.303.062;446.243.561;107.981.567;23.391.752;835.682.495;527.921.387;;;;;;;;;;;;;;;;;;;;;;;;;;;
253;;;;-63.073.818;731.125.854;348.220.337;73.740.875;527.803.955;194.096.222;93.034.355;446.812.592;107.978.119;23.463.692;835.746.643;527.916.321;;;;;;;;;;;;;;;;;;;;;;;;;;;
254;;;;-63.173.649;731.375.854;348.305.084;73.457.001;527.883.057;194.644.821;92.950.562;446.886.627;108.325.668;23.449.940;835.827.393;527.973.022;;;;;;;;;;;;;;;;;;;;;;;;;;;
255;;;;-63.033.333;731.573.364;348.076.599;73.463.089;527.732.178;195.169.998;93.020.660;446.385.406;109.163.681;23.492.331;835.881.104;528.034.851;;;;;;;;;;;;;;;;;;;;;;;;;;;
256;;;;-63.278.625;731.881.592;348.317.780;73.326.935;527.655.212;195.632.278;92.852.592;445.847.626;110.437.675;23.492.762;835.976.990;527.931.152;;;;;;;;;;;;;;;;;;;;;;;;;;;
257;;;;-63.444.279;732.142.029;348.467.285;73.201.340;527.541.809;196.059.006;92.676.933;445.477.844;111.055.130;23.539.251;836.055.664;527.977.051;;;;;;;;;;;;;;;;;;;;;;;;;;;
258;;;;-63.623.013;732.333.984;348.575.500;72.595.230;527.566.467;197.302.780;92.432.167;445.476.074;111.547.562;23.518.648;836.200.989;528.040.833;;;;;;;;;;;;;;;;;;;;;;;;;;;
259;;;;-63.781.906;732.569.336;348.689.575;72.674.179;527.512.817;197.193.115;92.318.062;445.529.327;112.130.341;23.516.119;836.276.978;528.028.748;;;;;;;;;;;;;;;;;;;;;;;;;;;
260;;;;-63.900.795;732.738.708;348.768.646;72.767.311;527.401.367;197.185.776;92.219.810;445.532.349;112.562.080;23.482.292;836.355.774;527.962.280;;;;;;;;;;;;;;;;;;;;;;;;;;;
261;;;;-64.000.824;732.878.174;348.573.853;72.650.772;527.423.645;197.656.219;92.074.249;445.433.990;112.890.823;23.430.914;836.427.734;528.027.771;;;;;;;;;;;;;;;;;;;;;;;;;;;
262;;;;-64.274.506;733.103.149;348.796.967;72.434.265;527.316.284;198.230.240;92.052.246;445.459.076;113.491.890;23.453.056;836.578.491;528.008.545;;;;;;;;;;;;;;;;;;;;;;;;;;;
263;;;;-64.544.960;733.290.222;349.001.251;72.276.352;527.286.621;198.973.145;91.871.574;445.367.004;114.189.156;23.405.273;836.654.907;528.071.655;;;;;;;;;;;;;;;;;;;;;;;;;;;
264;;;;-64.751.625;733.469.360;349.206.390;72.166.702;527.346.008;199.764.023;91.642.151;445.117.615;115.041.771;23.332.417;836.804.077;528.079.651;;;;;;;;;;;;;;;;;;;;;;;;;;;
265;;;;-64.899.216;733.636.536;349.182.007;71.973.381;527.203.979;200.383.331;91.653.145;444.877.533;115.984.871;23.272.081;836.963.379;528.066.284;;;;;;;;;;;;;;;;;;;;;;;;;;;
266;;;;-65.097.816;733.891.907;349.273.071;71.850.273;527.211.914;200.811.157;91.578.079;444.659.790;116.369.392;23.253.960;837.116.882;528.121.643;;;;;;;;;;;;;;;;;;;;;;;;;;;
267;;;;-65.271.652;734.067.322;349.451.355;71.583.870;527.156.006;201.530.396;91.506.348;444.582.886;116.598.907;23.134.275;837.271.240;528.238.037;;;;;;;;;;;;;;;;;;;;;;;;;;;
268;;;;-65.370.888;734.230.713;349.530.090;71.488.197;527.151.794;201.825.256;91.339.516;444.581.085;116.786.346;22.963.930;837.441.956;528.480.835;;;;;;;;;;;;;;;;;;;;;;;;;;;
269;;;;-65.453.575;734.477.844;349.687.225;71.457.497;527.100.464;202.032.166;91.283.035;444.657.043;117.227.486;22.897.295;837.573.730;528.533.020;;;;;;;;;;;;;;;;;;;;;;97.948.158;487.619.659;108.707.291;;;
270;;;;-65.681.496;734.652.588;349.844.086;71.440.094;527.107.422;202.245.239;91.326.302;444.678.650;118.004.967;22.783.871;837.670.654;528.668.091;;;;;;;;;;;;;;;;;;;;;;;;;;;
271;;;;-65.835.373;734.821.289;349.958.527;71.449.226;527.007.507;202.420.792;91.553.619;444.883.667;118.399.124;22.743.336;837.820.068;528.799.805;;;;;;;;;;;;;;;;;;;;;;;;;;;
272;;;;-65.964.470;734.992.065;350.098.206;71.411.263;527.017.700;202.664.963;91.424.477;444.727.844;118.980.415;22.621.794;837.901.611;528.870.972;;;;;;;;;;;;;;;;;;;;;;;;;;;
273;;;;-66.076.973;735.138.306;350.288.239;71.218.231;527.029.663;202.745.102;91.290.466;444.512.543;119.571.434;22.602.840;838.054.138;528.917.480;;;;;;;;;;;;;;;;;;;;;;;;;;;
274;;;;-66.196.701;735.233.521;350.382.629;71.066.025;527.115.051;203.801.620;91.323.921;444.468.719;120.195.236;22.473.083;838.202.209;528.989.319;;;;;;;;;;;;;;;;;;;;;;;;;;;
275;;;;-66.367.767;735.415.344;350.630.096;70.874.725;527.058.960;203.838.440;91.153.023;444.360.626;120.928.101;22.424.786;838.290.649;529.109.192;;;;;;;;;;;;;;;;;;;;;;;;;;;
276;;;;-66.602.730;735.497.742;350.911.072;70.813.858;527.182.617;204.251.617;90.963.913;444.078.033;121.461.914;22.414.494;838.430.298;529.121.094;;;;;;;;;;;;;;;;;;;;;;;;;;;
277;;;;-66.648.315;735.583.008;351.006.317;70.641.457;527.277.771;204.787.811;90.903.999;444.039.185;121.854.843;22.275.969;838.661.316;529.214.050;;;;;;;;;;;;;;;;;;;;;;;;;;;
278;;;;-66.764.198;735.674.988;351.063.812;70.598.557;527.291.626;205.061.127;90.835.518;444.100.433;121.984.489;22.276.285;838.831.177;529.266.113;;;;;;;;;;;;;;;;;;;;;;;;;;;
279;;;;-66.863.663;735.751.404;351.177.307;70.527.893;527.338.928;205.194.702;90.740.700;444.180.756;122.089.203;22.184.536;838.965.149;529.409.607;;;;;;;;;;;;;;;;;;;;;;;;;;;
280;;;;-66.928.703;735.844.604;351.407.013;70.488.388;527.344.666;205.408.066;90.742.088;444.303.833;122.232.391;22.412.153;839.207.581;529.142.700;;;;;;;;;;;;;;;;;;;;;;;;;;;
281;;;;-67.039.284;735.860.229;351.459.503;70.407.150;527.458.496;205.648.621;90.686.104;444.317.200;122.263.763;22.182.632;839.293.518;529.438.904;;;;;;;;;;;;;;;;;;;;;;;;;;;
282;;;;-67.098.114;735.933.777;351.543.091;70.422.119;527.485.046;205.871.902;90.668.770;444.319.244;122.395.866;22.073.999;839.420.166;529.659.058;;;;;;;;;;;;;;;;;;;;;;;;;;;
283;;;;-67.120.682;735.941.956;351.578.705;70.211.205;527.470.154;206.243.362;90.605.148;444.298.553;122.521.446;22.029.713;839.504.272;529.755.005;;;;;;;;;;;;;;;;;;;;;;;;;;;
284;;;;-67.156.776;736.019.104;351.625.610;70.128.662;527.487.976;206.398.010;90.597.679;444.318.359;122.689.911;22.077.715;839.667.358;529.737.366;;;;;;;;;;;;;;;;;;;;;;;;;;;
285;;;;-67.214.790;736.106.934;351.738.220;70.127.113;527.552.124;206.389.328;90.667.442;444.315.125;122.829.292;21.982.874;839.733.459;529.862.427;;;;;;;;;;;;;;;;;;;;;;;;;;;
286;;;;-67.229.248;736.095.093;351.758.850;70.164.085;527.551.025;206.486.038;90.674.629;444.298.431;123.004.776;21.973.181;839.814.636;529.859.558;;;;;;;;;;;;;;;;;;;;;;;;;;;
287;;;;-67.208.115;736.173.706;351.734.650;70.091.896;527.542.725;206.696.381;90.599.350;444.302.582;123.094.322;21.885.321;839.962.708;530.059.326;;;;;;;;;;;;;;;;;;;;;;;;;;;
288;;;;-67.201.225;736.181.152;351.721.466;70.097.321;527.518.127;206.802.155;90.649.918;444.299.194;123.193.039;21.872.087;840.049.622;530.076.111;;;;;;;;;;;;;;;;;;;;;;;;;;;
289;;;;-67.149.887;736.251.282;351.767.242;70.028.496;527.575.745;206.838.303;90.643.990;444.336.853;123.292.061;21.856.941;840.133.789;530.152.710;;;;;;;;;;;;;;;;;;;;;;;;;;;
290;;;;-67.136.200;736.256.958;351.789.612;69.987.312;527.650.391;206.858.017;90.632.118;444.386.169;123.390.221;21.835.356;840.201.416;530.204.346;;;;;;;;;;;;;;;;;;;;;;;;;;;
291;;;;-67.149.734;736.332.336;351.807.465;70.036.697;527.661.865;206.924.438;90.655.891;444.445.679;123.446.106;21.867.010;840.277.466;530.138.245;;;;;;;;;;;;;;;;;;;;;;;;;;;
292;;;;-67.076.172;736.327.332;351.821.655;70.064.346;527.655.518;206.921.509;90.663.887;444.482.178;123.541.115;21.811.199;840.300.598;530.257.935;;;;;;;;;;;;;;;;;;;;;;;;;;;
293;;;;-67.079.567;736.330.017;351.828.979;70.047.226;527.737.488;206.971.817;90.688.126;444.500.336;123.641.426;21.920.116;840.375.488;530.285.950;;;;;;;;;;;;;;;;;;;;;;;;;;;
294;;;;-67.020.561;736.384.644;351.888.763;70.110.130;527.731.506;207.038.071;90.696.373;444.496.857;123.689.072;21.964.785;840.456.360;530.227.173;;;;;;;;;;;;;;;;;;;;;;;;;;;
295;;;;-67.028.320;736.392.273;351.887.482;70.105.164;527.750.244;207.028.198;90.724.098;444.525.391;123.756.607;21.834.358;840.455.750;530.381.592;;;;;;;;;;;;;;;;;;;;;;;;;;;
296;;;;-67.027.924;736.465.393;351.887.665;70.110.847;527.829.224;207.036.880;90.804.993;444.590.363;123.864.288;21.910.435;840.531.555;530.346.375;;;;;;;;;;;;;;;;;;;;;;;;;;;
297;;;;-67.000.961;736.472.534;351.857.330;70.101.288;527.835.632;207.028.107;90.862.755;444.610.992;123.881.096;21.876.717;840.608.826;530.357.056;;;;;;;;;;;;;;;;;;;;;;;;;;;
298;;;;-66.986.732;736.545.715;351.842.743;70.138.626;527.910.767;207.041.595;90.870.689;444.646.973;123.882.263;21.911.324;840.622.070;530.356.140;;;;;;;;;;;;;;;;;;;;;;;;;;;
299;;;;-66.976.357;736.557.861;351.805.847;70.204.208;527.912.598;207.085.815;90.876.358;444.740.021;123.896.408;21.854.523;840.700.623;530.349.670;;;;;;;;;;;;;;;;;;;;;;;;;;;
300;;;;-66.930.336;736.538.696;351.871.124;70.245.934;527.919.800;207.092.010;90.897.125;444.784.210;123.896.034;21.903.511;840.769.348;530.319.336;;;;;;;;;;;;;;;;;;;;;;;;;;;
301;;;;-66.918.030;736.615.112;351.879.730;70.333.664;527.976.746;207.136.703;90.917.351;444.798.950;123.862.442;21.854.729;840.783.081;530.299.377;;;;;;;;;;;;;;;;;;;;;;;;;;;
302;;;;-66.936.096;736.699.646;351.900.940;70.371.582;527.979.248;207.123.337;90.952.301;444.900.757;123.803.505;21.840.332;840.854.919;530.334.167;;;;;;;;;;;;;;;;;;;;;;;;;;;
303;;;;-66.904.991;736.710.449;351.842.957;70.456.894;528.046.387;207.154.617;91.068.489;444.940.918;123.831.825;21.758.022;840.940.430;530.450.562;;;;;;;;;;;;;;;;;;;;;;;;;;;
304;;;;-66.891.296;736.782.959;351.823.822;70.496.864;528.049.377;207.141.281;91.066.429;444.994.354;123.830.788;21.745.287;840.951.660;530.374.512;;;;;;;;;;;;;;;;;;;;;;;;;;;
305;;;;-66.949.097;736.832.520;352.120.636;70.430.725;528.104.492;207.612.061;91.097.992;445.041.382;123.806.023;21.753.254;841.017.883;530.345.764;;;;;;;;;;;;;;;;;;;;;;;;;;;
306;;;;-66.880.760;736.865.784;351.869.080;70.460.930;528.184.265;207.761.078;91.157.120;445.069.244;123.726.776;21.700.230;841.100.098;530.282.288;;;;;;;;;;;;;;;;;;;;;;;;;;;
307;;;;-66.877.090;736.994.141;352.049.194;70.847.794;528.042.908;207.295.044;91.185.371;445.185.394;123.673.004;21.671.339;841.190.979;530.342.468;;;;;;;;;;;;;;;;;;;;;;;;;;;
308;;;;-66.811.295;736.958.984;351.799.286;70.996.681;528.144.165;207.194.092;91.232.315;445.252.686;123.581.284;21.642.752;841.334.717;530.252.075;;;;;;;;;;;;;;;;;;;;;;;;;;;
309;;;;-66.804.665;737.074.341;351.943.787;71.053.551;528.170.044;207.257.370;91.241.913;445.286.743;123.499.191;21.645.582;841.346.069;530.242.981;;;;;;;;;;;;;;;;;;;;;;;;;;;
310;;;;-66.774.406;737.156.128;352.054.749;71.070.503;528.226.074;207.247.955;91.302.490;445.368.134;123.360.512;21.538.139;841.416.565;530.289.978;;;;;;;;;;;;;;;;;;;;;;;;;;;
311;;;;-66.824.104;737.168.396;352.019.684;71.283.371;528.219.971;207.040.680;91.294.434;445.416.870;123.301.331;21.510.698;841.564.758;530.286.438;;;;;;;;;;;;;;;;;;;;;;;;;;;
312;;;;-66.739.433;737.155.151;352.000.122;71.335.686;528.303.528;206.973.663;91.416.595;445.407.898;123.380.066;21.548.935;841.588.562;530.118.591;;;;;;;;;;;;;;;;;;;;;;;;;;;
313;;;;-66.704.819;737.225.464;351.973.297;71.366.180;528.304.626;206.924.301;91.541.679;445.382.202;123.419.502;21.514.484;841.663.940;530.202.026;;;;;;;;;;;;;;;;;;;;;;;;;;;
314;;;;-66.651.176;737.241.760;351.925.140;71.477.440;528.369.568;206.950.256;91.745.712;445.573.151;122.881.035;21.535.282;841.740.784;530.194.763;;;;;;;;;;;;;;;;;;;;;;;;;;;
315;;;;-66.644.409;737.240.356;351.913.452;71.541.122;528.393.066;206.818.665;91.620.155;445.666.077;123.084.686;21.448.593;841.819.031;530.197.571;;;;;;;;;;;;;;;;;;;;;;;;;;;
316;;;;-66.630.882;737.316.895;351.863.098;71.672.546;528.473.389;206.698.029;91.695.404;445.588.196;123.269.035;21.427.008;841.893.188;530.235.840;;;;;;;;;;;;;;;;;;;;;;;;;;;
317;;;;-66.620.506;737.316.833;351.887.695;71.730.301;528.477.966;206.608.047;91.836.990;445.518.219;123.298.904;21.390.787;841.906.128;530.190.552;;;;;;;;;;;;;;;;;;;;;;;;;;;
318;;;;-66.531.326;737.312.622;351.845.917;71.736.565;528.540.833;206.646.408;91.935.760;445.641.113;123.205.536;21.403.843;841.990.784;530.173.950;;;;;;;;;;;;;;;;;;;;;;;;;;;
319;;;;-66.494.247;737.316.895;351.813.507;71.799.080;528.574.646;206.535.080;91.964.340;445.816.956;123.017.776;21.410.267;842.057.129;530.140.137;;;;;;;;;;;;;;;;;;;;;;;;;;;
320;;;;-66.469.528;737.322.998;351.784.515;71.928.429;528.628.784;206.473.480;92.109.711;445.900.787;122.772.797;21.403.105;842.072.021;530.171.265;;;;;;;;;;;;;;;;;;;;;;;;;;;
321;;;;-66.526.176;737.304.749;351.834.625;71.967.598;528.662.292;206.376.587;92.180.992;446.025.696;122.621.986;21.351.622;842.148.987;530.146.301;;;;;;;;;;;;;;;;;;;;;;;;;;;
322;;;;-66.473.862;737.322.388;351.795.837;72.002.022;528.713.623;206.324.951;92.251.396;446.211.212;122.542.946;21.356.195;842.158.813;530.134.338;;;;;;;;;;;;;;;;;;;;;;;;;;;
323;;;;-66.416.237;737.326.477;351.724.396;72.158.775;528.799.438;206.160.110;92.289.085;446.278.839;122.399.498;21.353.283;842.223.633;530.144.836;;;;;;;;;;;;;;;;;;;;;;;;;;;
324;;;;-66.352.089;737.318.481;351.739.685;72.153.900;528.743.347;206.122.055;92.444.160;446.386.383;122.363.342;21.348.640;842.230.286;530.162.842;;;;;;;;;;;;;;;;;;;;;;;;;;;
325;;;;-66.324.333;737.391.052;351.724.731;72.175.629;528.835.876;206.065.308;92.486.816;446.476.807;122.243.050;21.358.953;842.295.898;530.136.963;;;;;;;;;;;;;;;;;;;;;;;;;;;
326;;;;-66.316.956;737.313.049;351.672.394;72.220.825;528.841.736;205.998.703;92.351.440;446.295.715;122.105.515;21.234.921;842.273.743;530.316.284;;;;;;;;;;;;;;;;;;;;;;;;;;;
327;;;;-66.323.364;737.383.789;351.678.772;72.452.934;528.875.916;205.488.541;92.489.159;446.488.007;122.209.839;21.322.159;842.305.359;530.236.084;;;;;;;;;;;;;;;;;;;;;;;;;;;
328;;;;-66.220.451;737.323.059;351.716.583;72.426.620;528.902.954;205.773.972;92.681.107;446.712.250;122.009.956;21.346.968;842.381.775;530.199.585;;;;;;;;;;;;;;;;;;;;;;;;;100.123.802;488.756.531;114.562.904
329;;;;-66.226.082;737.315.491;351.715.240;72.366.272;528.920.471;205.782.501;92.791.542;446.823.303;121.834.297;21.311.804;842.369.751;530.188.904;;;;;;;;;;;;;;;;;;;;;;;;;;;
330;;;;-66.218.781;737.307.922;351.669.617;72.408.432;528.968.506;205.665.512;92.796.204;446.895.386;121.825.378;21.334.801;842.375.610;530.200.500;;;;;;;;;;;;;;;;;;;;;;;;;;;
331;;;;-66.219.933;737.316.772;351.721.527;72.554.001;529.023.682;205.575.546;92.870.010;446.961.517;121.712.006;21.308.661;842.459.961;530.294.128;;;;;;;;;;;;;;;;;;;;;;;;;;;
332;;;;-66.195.610;737.313.110;351.637.207;72.583.298;529.073.975;205.542.984;92.907.745;447.025.269;121.628.807;21.302.883;842.461.243;530.273.743;;;;;;;;;;;;;;;;;;;;;;;;;;;
333;;;;-66.102.211;737.303.101;351.621.948;72.630.966;529.120.483;205.461.685;92.903.229;447.087.769;121.570.618;21.306.257;842.452.820;530.250.977;;;;;;;;;;;;;;;;;;;;;;;;;;;
334;;;;-66.090.790;737.306.519;351.651.825;72.634.064;529.126.343;205.446.472;92.998.726;447.078.278;121.557.678;21.205.788;842.429.688;530.400.635;;;;;;;;;;;;;;;;;;;;;;;;;;;
335;;;;-66.088.356;737.229.126;351.629.242;72.705.498;529.247.131;205.346.054;93.050.499;447.088.654;121.557.098;21.117.109;842.493.896;530.409.546;;;;;;;;;;;;;;;;;;;;;;;;;;;
336;;;;-65.996.521;737.272.339;351.529.572;72.716.736;529.328.552;205.320.450;93.046.700;447.120.300;121.512.672;21.180.672;842.527.039;530.327.881;;;;;;;;;;;;;;;;;;;;;;;;;;;
337;;;;-66.075.470;737.230.591;351.601.654;72.737.541;529.340.088;205.340.729;93.078.384;447.211.548;121.424.339;21.194.086;842.529.480;530.267.700;;;;;;;;;;;;;;;;;;;;;;;;;;;
338;;;;-66.115.433;737.232.544;351.698.547;72.752.014;529.368.347;205.269.104;93.150.017;447.226.837;121.370.872;21.077.494;842.574.829;530.431.152;;;;;;;;;;;;;;;;;;;;;;;;;;;
339;;;;-66.094.688;737.238.708;351.699.982;72.842.102;529.335.876;205.019.943;93.164.650;447.205.475;121.407.188;21.068.476;842.580.017;530.520.874;;;;;;;;;;;;;;;;;;;;;;;;;;;
340;;;;-66.096.626;737.226.929;351.644.470;72.935.692;529.421.509;205.000.427;93.264.038;447.136.993;121.415.909;21.033.867;842.578.674;530.553.894;;;;;;;;;;;;;;;;;;;;;;;;;;;
341;;;;-66.093.170;737.225.830;351.630.920;72.946.899;529.495.300;205.020.676;93.250.015;447.228.149;121.378.227;21.063.845;842.575.439;530.525.879;;;;;;;;;;;;;;;;;;;;;;;;;;;
342;;;;-66.096.878;737.228.210;351.616.272;72.966.782;529.497.131;205.008.774;93.328.377;447.301.270;121.326.683;21.073.587;842.578.918;530.494.751;;;;;;;;;;;;;;;;;;;;;;;;;;;
343;;;;-66.072.266;737.217.834;351.635.590;73.005.486;529.566.589;204.965.042;93.350.861;447.328.613;121.307.236;21.081.831;842.656.311;530.465.576;;;;;;;;;;;;;;;;;;;;;;;;;;;
344;;;;-66.089.668;737.229.797;351.670.898;73.018.829;529.567.932;204.928.360;93.368.172;447.361.938;121.294.167;21.073.223;842.663.757;530.507.507;;;;;;;;;;;;;;;;;;;;;;;;;;;
345;;;;-66.086.777;737.224.243;351.716.736;73.026.161;529.567.871;204.919.693;93.472.603;447.381.073;121.270.638;21.010.143;842.652.893;530.418.335;;;;;;;;;;;;;;;;;;;;;;;;;;;
346;;;;-66.066.521;737.225.037;351.610.901;73.112.221;529.632.446;204.966.904;93.497.330;447.382.233;121.269.936;21.060.364;842.659.729;530.334.717;;;;;;;;;;;;;;;;;;;;;;;;;;;
347;;;;-66.091.537;737.234.070;351.644.806;73.075.783;529.671.570;205.110.962;93.437.035;447.200.195;121.133.537;21.033.876;842.667.053;530.414.246;;;;;;;;;;;;;;;;;;;;;;;;;;;
348;;;;-66.100.136;737.224.548;351.713.074;73.229.164;529.566.711;204.923.691;93.598.129;447.313.049;121.217.712;21.033.672;842.737.671;530.418.335;;;;;;;;;;;;;;;;;;;;;;;;;;;
349;;;;-66.063.614;737.228.333;351.697.144;73.123.779;529.593.628;204.845.963;93.656.830;447.441.589;121.245.140;21.034.187;842.745.117;530.427.551;;;;;;;;;;;;;;;;;;;;;;;;;;;
350;;;;-66.069.458;737.226.074;351.613.678;73.127.815;529.673.767;204.863.800;93.708.244;447.582.642;121.146.706;21.016.140;842.745.544;530.466.675;;;;;;;;;;;;;;;;;;;;;;;;;;;
351;;;;-66.078.133;737.223.694;351.693.939;73.193.962;529.747.314;205.037.186;93.657.051;447.652.313;120.746.780;21.003.119;842.742.981;530.483.398;;;;;;;;;;;;;;;;;;;;;;;;;;;
352;;;;-66.046.440;737.227.295;351.589.264;73.207.222;529.746.826;205.077.454;93.634.201;447.753.845;120.570.343;20.992.790;842.743.347;530.512.817;;;;;;;;;;;;;;;;;;;;;;;;;;;
353;;;;-66.007.370;737.227.478;351.524.567;73.204.025;529.752.197;205.054.153;93.817.879;447.850.159;120.766.045;20.966.595;842.818.726;530.424.255;;;;;;;;;;;;;;;;;;;;;;;;;;;
354;;;;-65.964.836;737.223.083;351.568.665;73.323.105;529.802.673;205.030.823;93.926.918;447.749.908;120.905.121;20.946.241;842.757.629;530.463.074;;;;;;;;;;;;;;;;;;;;;;;;;;;
355;;;;-66.002.586;737.223.022;351.628.967;73.327.972;529.812.866;204.978.806;93.886.086;447.585.876;120.690.681;20.944.862;842.823.486;530.481.812;;;;;;;;;;;;;;;;;;;;;;;;;;;
356;;;;-66.040.550;737.235.474;351.596.863;73.366.425;529.880.920;204.997.833;93.879.181;447.634.338;120.577.431;20.944.599;842.821.411;530.428.528;;;;;;;;;;;;;;;;;;;;;;;;;;;
357;;;;-65.959.450;737.217.773;351.568.909;73.362.045;529.883.545;204.946.182;93.944.664;447.690.247;120.546.829;20.939.051;842.830.627;530.495.789;;;;;;;;;;;;;;;;;;;;;;;;;;;
358;;;;-65.956.062;737.148.865;351.581.116;73.394.470;529.875.183;204.880.600;93.989.532;447.757.385;120.525.581;20.936.167;842.825.378;530.494.385;;;;;;;;;;;;;;;;;;;;;;;;;;;
359;;;;-66.118.881;737.133.667;351.599.060;73.480.957;529.923.462;204.936.310;93.965.309;447.770.386;120.549.789;20.937.416;842.899.292;530.475.708;;;;;;;;;;;;;;;;;;;;;;;;;;;
360;;;;-65.976.341;737.145.752;351.601.624;73.512.672;529.977.173;204.944.244;94.043.030;447.708.649;120.548.172;20.952.438;842.903.381;530.441.711;;;;;;;;;;;;;;;;;;;;;;;;;;;
361;;;;-65.971.588;737.124.451;351.625.244;73.513.908;529.935.303;204.882.477;94.182.724;447.911.316;120.299.004;20.941.225;842.896.606;530.450.256;;;;;;;;;;;;;;;;;;;;;;;;;;;
362;;;;-65.976.799;737.136.719;351.642.822;73.522.408;530.004.517;204.810.349;94.193.802;448.145.050;120.108.795;21.000.654;842.906.860;530.559.143;;;;;;;;;;;;;;;;;;;;;;;;;;;
363;;;;-65.915.230;737.131.958;351.668.427;73.601.608;530.004.517;204.856.155;94.266.586;448.213.593;120.057.770;20.973.663;842.904.297;530.390.381;;;;;;;;;;;;;;;;;;;;;;;;;;;
364;;;;-65.883.446;737.127.869;351.616.302;73.633.728;530.001.587;204.851.395;94.261.757;448.212.219;120.059.822;21.034.414;842.954.956;530.416.016;;;;;;;;;;;;;;;;;;;;;;;;;;;
365;;;;-65.880.592;737.136.475;351.626.038;73.644.913;530.015.442;204.880.722;94.264.328;448.204.102;120.006.622;20.949.047;842.905.762;530.462.036;;;;;;;;;;;;;;;;;;;;;;;;;;;
366;;;;-65.825.111;737.128.723;351.659.637;73.636.971;530.006.470;204.826.309;94.309.113;448.254.517;120.023.491;20.937.023;842.896.484;530.459.656;;;;;;;;;;;;;;;;;;;;;;;;;;;
367;;;;-65.836.243;737.062.622;351.727.722;73.706.276;529.995.605;204.873.611;94.292.183;448.224.579;119.880.524;20.951.153;842.899.963;530.443.115;;;;;;;;;;;;;;;;;;;;;;;;;;;
368;;;;-65.815.559;737.045.044;351.657.257;73.741.539;529.989.136;204.812.943;94.307.343;448.272.705;119.958.046;20.947.382;842.899.475;530.445.129;;;;;;;;;;;;;;;;;;;;;;;;;;;
369;;;;-65.813.087;737.124.878;351.665.985;73.738.998;529.994.202;204.806.061;94.313.217;448.246.185;119.932.205;20.952.835;842.900.635;530.440.979;;;;;;;;;;;;;;;;;;;;;;;;;;;
370;;;;-65.820.030;737.059.082;351.674.835;73.814.629;529.946.167;204.670.944;94.592.278;448.594.879;119.766.472;20.931.328;842.905.273;530.497.437;;;;;;;;;;;;;;;;;;;;;;;;;;;
371;;;;-65.796.242;737.048.584;351.634.338;73.814.987;529.933.472;204.586.960;94.446.465;448.513.641;119.764.595;20.923.061;842.904.358;530.512.634;;;;;;;;;;;;;;;;;;;;;;;;;;;
372;;;;-65.800.919;737.046.875;351.623.840;73.827.721;529.942.627;204.639.908;94.467.117;448.440.155;120.039.116;20.947.235;842.900.024;530.451.538;;;;;;;;;;;;;;;;;;;;;;;;;;;
373;;;;-65.735.703;737.049.377;351.669.128;73.901.901;529.921.692;204.697.128;94.524.025;448.355.530;120.166.229;20.963.049;842.828.003;530.436.462;;;;;;;;;;;;;;;;;;;;;;;;;;;
374;;;;-65.788.063;737.057.617;351.645.782;73.884.880;529.925.781;204.667.145;94.526.779;448.290.070;120.193.230;20.971.003;842.822.083;530.394.287;;;;;;;;;;;;;;;;;;;;;;;;;;;
375;;;;-65.754.654;736.955.261;351.658.234;73.937.492;529.920.837;204.630.005;94.544.220;448.395.752;120.100.418;20.947.960;842.828.003;530.469.055;;;;;;;;;;;;;;;;;;;;;;;;;;;
376;;;;-65.758.392;736.958.557;351.680.847;73.948.349;529.919.189;204.619.034;94.478.134;448.326.965;119.803.986;20.943.594;842.828.491;530.485.413;;;;;;;;;;;;;;;;;;;;;;;;;;;
377;;;;-65.724.541;736.971.497;351.670.990;73.945.457;529.919.556;204.622.360;94.478.218;448.382.599;119.693.199;20.949.032;842.825.806;530.441.711;;;;;;;;;;;;;;;;;;;;;;;;;;;
378;;;;-65.729.927;736.969.482;351.649.139;73.945.755;529.988.647;204.604.034;94.453.278;448.413.269;119.697.632;20.957.048;842.822.876;530.409.363;;;;;;;;;;;;;;;;;;;;;;;;;;;
379;;;;-65.760.201;736.962.036;351.694.336;73.947.731;529.989.258;204.561.218;94.709.908;448.794.098;119.862.251;20.966.463;842.824.524;530.398.865;;;;;;;;;;;;;;;;;;;;;;;;;;;
380;;;;-65.729.729;736.884.949;351.615.997;74.021.812;529.972.778;204.590.622;94.575.378;448.598.846;119.719.620;20.966.066;842.752.930;530.393.433;;;;;;;;;;;;;;;;;;;;;;;;;;;
381;;;;-65.710.350;736.881.714;351.580.261;73.976.357;529.978.210;204.540.649;94.482.979;448.502.747;119.657.974;20.877.506;842.732.239;530.536.499;;;;;;;;;;;;;;;;;;;;;;;;;;;
382;;;;-65.736.893;736.879.639;351.610.443;74.191.818;529.987.732;204.417.816;94.534.798;448.467.499;119.671.440;20.952.915;842.752.441;530.387.634;;;;;;;;;;;;;;;;;;;;;;;;;;;
383;;;;-65.724.182;736.881.653;351.602.448;74.005.409;529.981.262;204.427.567;94.624.527;448.587.341;119.874.893;20.881.243;842.735.840;530.523.132;;;;;;;;;;;;;;;;;;;;;;;;;;;
384;;;;-65.715.424;736.810.974;351.582.977;73.949.997;529.987.854;204.486.786;94.573.738;448.471.527;119.702.477;20.864.763;842.721.802;530.495.178;;;;;;;;;;;;;;;;;;;;;;;;;;;
385;;;;-65.746.681;736.796.570;351.615.295;73.959.297;530.003.174;204.530.502;94.509.186;448.484.070;119.528.137;20.989.796;842.767.761;530.393.738;;;;;;;;;;;;;;;;;;;;;;;;;;;
386;;;;-65.721.283;736.806.458;351.592.529;74.012.131;530.060.059;204.472.977;94.485.657;448.539.063;119.489.967;20.989.435;842.689.880;530.325.256;;;;;;;;;;;;;;;;;;;;;;;;;;;
387;;;;-65.704.544;736.727.478;351.562.439;74.029.922;530.056.946;204.436.737;94.472.221;448.540.680;119.493.790;20.972.387;842.674.072;530.327.026;;;;;;;;;;;;;;;;;;;;;;;;;;;
388;;;;-65.696.495;736.723.206;351.550.903;74.031.197;529.987.732;204.440.521;94.454.544;448.514.801;119.518.433;20.978.359;842.680.054;530.324.829;;;;;;;;;;;;;;;;;;;;;;;;;;;
389;;;;-65.709.862;736.631.897;351.534.149;74.048.279;529.979.187;204.433.411;94.390.076;448.531.982;119.520.676;20.963.951;842.677.307;530.369.751;;;;;;;;;;;;;;;;;;;;;;;;;;;
390;;;;-65.732.666;736.636.353;351.581.940;74.042.809;529.981.384;204.414.795;94.426.842;448.570.374;119.622.200;20.946.114;842.709.595;530.462.341;;;;;;;;;;;;;;;;;;;;;;;;;;;
391;;;;-65.714.302;736.643.799;351.571.350;74.061.852;530.045.471;204.389.526;94.375.786;448.528.687;119.490.967;20.943.090;842.608.643;530.415.405;;;;;;;;;;;;;;;;;;;;;;;;;;;
392;;;;-65.703.751;736.636.780;351.564.941;74.062.790;529.980.225;204.359.283;94.336.136;448.525.421;119.430.893;20.917.519;842.596.008;530.417.053;;;;;;;;;;;;;;;;;;;;;;;;;;;
393;;;;-65.663.414;736.555.481;351.626.221;74.007.370;529.967.773;204.317.673;94.354.340;448.524.200;119.377.914;20.913.919;842.599.365;530.435.730;;;;;;;;;;;;;;;;;;;;;;;;;;;
394;;;;-65.664.444;736.553.894;351.676.575;74.009.651;529.965.698;204.309.555;94.285.210;448.566.895;119.290.108;20.939.106;842.594.727;530.384.277;;;;;;;;;;;;;;;;;;;;;;;;;;;
395;;;;-65.651.627;736.481.140;351.567.719;74.024.918;529.977.783;204.301.773;94.257.790;448.603.210;119.254.829;20.840.544;842.599.121;530.441.833;;;;;;;;;;;;;;;;;;;;;;;;;;;
396;;;;-65.647.842;736.485.596;351.602.051;74.045.784;530.030.701;204.247.162;94.260.262;448.609.863;119.255.646;20.810.896;842.587.830;530.459.900;;;;;;;;;;;;;;;;;;;;;;;;;;;
397;;;;-65.658.195;736.470.642;351.599.884;73.999.588;530.067.139;204.172.745;94.266.190;448.599.823;119.265.678;20.799.738;842.581.543;530.473.206;;;;;;;;;;;;;;;;;;;;;;;;;;;
398;;;;-65.616.676;736.483.337;351.520.996;74.054.268;530.051.453;204.064.117;94.182.556;448.672.485;119.182.144;20.832.674;842.522.949;530.400.452;;;;;;;;;;;;;;;;;;;;;;;;;;;
399;;;;-65.604.332;736.384.155;351.455.872;74.070.457;530.050.476;204.016.235;94.168.510;448.750.946;119.094.704;20.821.302;842.517.151;530.454.895;;;;;;;;;;;;;;;;;;;;;;;;;;;
400;;;;-65.533.295;736.390.747;351.499.847;74.052.170;530.142.029;203.939.117;94.175.056;448.782.806;119.070.030;20.798.273;842.511.536;530.488.464;;;;;;;;;;;;;;;;;;;;;;;;;;;
401;;;;-65.557.098;736.383.057;351.492.218;74.022.591;530.133.240;203.952.545;94.293.839;449.151.947;118.959.908;20.845.852;842.492.920;530.491.943;;;;;;;;;;;;;;;;;;;;;;;;;;;
402;;;;-65.563.377;736.380.676;351.508.026;74.094.269;530.156.067;203.835.312;94.180.771;449.095.001;118.747.444;20.837.330;842.500.793;530.533.875;;;;;;;;;;;;;;;;;;;;;;;;;;;
403;;;;-65.548.660;736.386.780;351.559.265;74.125.000;530.151.794;203.767.105;94.037.895;448.940.857;118.551.537;20.827.702;842.498.779;530.542.542;;;;;;;;;;;;;;;;;;;;;;;;;;;
404;;;;-65.570.335;736.379.578;351.508.148;74.178.123;530.206.177;203.610.184;94.031.197;449.045.502;118.565.742;20.825.274;842.422.058;530.527.710;;;;;;;;;;;;;;;;;;;;;;;;;;;
405;;;;-65.553.200;736.383.545;351.558.380;74.110.039;530.218.567;203.555.283;94.025.322;449.080.658;118.586.662;20.761.242;842.421.204;530.482.361;;;;;;;;;;;;;;;;;;;;;;;;;;;
406;;;;-65.550.270;736.387.085;351.568.451;74.110.428;530.245.422;203.653.076;94.051.903;449.108.215;118.585.312;20.758.389;842.424.744;530.500.366;;;;;;;;;;;;;;;;;;;;;;;;;;;
407;;;;-65.555.161;736.390.686;351.587.006;74.162.888;530.234.924;203.544.022;93.978.470;449.135.651;118.516.182;20.694.613;842.411.621;530.582.458;;;;;;;;;;;;;;;;;;;;;;;;;;;
408;;;;-65.570.717;736.379.944;351.510.956;74.170.425;530.305.664;203.516.739;94.015.579;449.203.857;118.517.113;20.611.330;842.406.982;530.720.947;;;;;;;;;;;;;;;;;;;;;;;;;;;
