Weight60;;;;;;;;;;;;;;;;;;;;;;;;;;;;;;;;;;;;;;;;;;;;;;;;;;;;;;;;;;;;;;;;;;;;;
Date:;2025/04/30;;;;;;;;;;;;;;;;;;;;;;;;;;;;;;;;;;;;;;;;;;;;;;;;;;;;;;;;;;;;;;;;;;;;
Time:;17:44:32;;;;;;;;;;;;;;;;;;;;;;;;;;;;;;;;;;;;;;;;;;;;;;;;;;;;;;;;;;;;;;;;;;;;
Type:;test;;;;;;;;;;;;;;;;;;;;;;;;;;;;;;;;;;;;;;;;;;;;;;;;;;;;;;;;;;;;;;;;;;;;
Description:;"";;;;;;;;;;;;;;;;;;;;;;;;;;;;;;;;;;;;;;;;;;;;;;;;;;;;;;;;;;;;;;;;;;;;
Notes:;"";;;;;;;;;;;;;;;;;;;;;;;;;;;;;;;;;;;;;;;;;;;;;;;;;;;;;;;;;;;;;;;;;;;;
TRAJECTORIES;;;;;;;;;;;;;;;;;;;;;;;;;;;;;;;;;;;;;;;;;;;;;;;;;;;;;;;;;;;;;;;;;;;;;
200.000000;Hz;;;;;;;;;;;;;;;;;;;;;;;;;;;;;;;;;;;;;;;;;;;;;;;;;;;;;;;;;;;;;;;;;;;;
;*1;;;*2;;;*3;;;*4;;;*5;;;*6;;;*7;;;*8;;;*9;;;*10;;;*11;;;*12;;;*13;;;*14;;;*15;;;*16;;;*17;;;*18;;;*19;;;*20;;;*21;;;*22;;;*23;;
Field #;X;Y;Z;X;Y;Z;X;Y;Z;X;Y;Z;X;Y;Z;X;Y;Z;X;Y;Z;X;Y;Z;X;Y;Z;X;Y;Z;X;Y;Z;X;Y;Z;X;Y;Z;X;Y;Z;X;Y;Z;X;Y;Z;X;Y;Z;X;Y;Z;X;Y;Z;X;Y;Z;X;Y;Z;X;Y;Z;X;Y;Z
1;1066.948853;807.027832;435.307526;754.360413;657.481689;108.992668;864.286316;707.850708;118.007675;820.844421;615.314880;102.797661;1047.685669;824.650391;250.604126;;;;;;;;;;;;;;;;;;;;;;;;;;;;;;;;;;;;;;;;;;;;;;;;;;;;;;
2;1066.639526;807.172119;435.195740;754.388611;657.381409;109.187927;864.311157;707.715271;118.154999;820.701843;615.047363;102.905792;1047.640137;824.948425;250.549118;;;;;;;;;;;;;;;;;;;;;;;;;;;;;;;;;;;;;;;;;;;;;;;;;;;;;;
3;1066.473877;807.370972;435.159607;754.384827;657.381348;109.204453;864.328491;707.670349;118.305458;820.511536;614.941467;103.004745;1047.685303;825.238770;250.566315;;;;;;;;;;;;;;;;;;;;;;;;;;;;;;;;;;;;;;;;;;;;;;;;;;;;;;
4;1066.275635;807.539307;435.223053;753.989685;657.161621;109.571297;864.232422;707.498596;118.585014;820.272278;615.117554;103.064766;1047.707397;825.618164;250.630310;;;;;;;;;;;;;;;;;;;;;;;;;;;;;;;;;;;;;;;;;;;;;;;;;;;;;;
5;1066.005249;807.663879;435.237335;754.000183;657.152039;109.511749;864.073303;707.373535;118.963371;820.187378;615.032104;103.054016;1047.645630;826.010559;250.807480;;;;;;;;;;;;;;;;;;;;;;;;;;;;;;;;;;;;;;;;;;;;;;;;;;;;;;
6;1065.718384;807.892151;435.269348;754.013550;657.149353;109.379387;863.933655;707.217285;119.343773;819.929993;614.821167;103.356766;1047.633423;826.488037;250.906097;;;;;;;;;;;;;;;;;;;;;;;;;;;;;;;;;;;;;;;;;;;;;;;;;;;;;;
7;1065.488281;808.020020;435.330048;753.893677;657.318970;109.157707;863.757690;707.036438;119.876305;819.602112;614.597290;103.657478;1047.513794;827.001953;251.003983;;;;;;;;;;;;;;;;;;;;;;;;;;;;;;;;;;;;;;;;;;;;;;;;;;;;;;
8;1065.178345;808.215942;435.407013;753.660278;657.280151;109.161072;863.046692;706.929077;121.681519;819.265381;614.581726;104.038437;1047.343140;827.437561;251.378036;;;;;;;;;;;;;;;;;;;;;;;;;;;;;;;;;;;;;;;;;;;;;;;;;;;;;;
9;1064.791016;808.406677;435.438263;753.221313;657.249207;109.481529;862.282471;706.936584;123.077789;818.807617;614.545410;104.457054;1047.253540;827.772156;251.550217;;;;;;;;;;;;;;;;;;;;;;;;;;;;;;;;;;;;;;;;;;;;;;;;;;;;;;
10;1064.464600;808.679077;435.547882;752.442383;657.284607;109.973007;861.766296;706.801636;123.838005;818.043274;614.515686;105.500290;1047.287842;828.136108;251.578079;;;;;;;;;;;;;;;;;;;;;;;;;;;;;;;;;;;;;;;;;;;;;;;;;;;;;;
11;1064.101318;808.886047;435.391388;752.005920;657.357910;110.189293;861.322266;706.792236;124.241783;817.477539;614.202698;105.844566;1047.021240;828.488770;251.881226;;;;;;;;;;;;;;;;;;;;;;;;;;;;;;;;;;;;;;;;;;;;;;;;;;;;;;
12;1063.674316;809.032471;435.265350;751.560242;657.528870;110.179062;861.085876;706.752014;124.466125;816.811462;614.084045;106.374977;1046.758545;828.829346;252.126831;;;;;;;;;;;;;;;;;;;;;;;;;;;;;;;;;;;;;;;;;;;;;;;;;;;;;;
13;1063.342529;809.167908;435.242462;750.853638;657.661560;110.668633;861.061462;706.846985;124.401199;815.924255;614.295410;107.577316;1046.637085;829.158325;252.379745;;;;;;;;;;;;;;;;;;;;;;;;;;;;;;;;;;;;;;;;;;;;;;;;;;;;;;
14;1063.031006;809.239868;435.213806;749.848083;657.732422;111.328453;860.126648;707.116516;125.451149;815.277466;614.622681;108.672874;1046.450073;829.462402;252.614655;;;;;;;;;;;;;;;;;;;;;;;;;;;;;;;;;;;;;;;;;;;;;;;;;;;;;;
15;1062.556152;809.356689;435.282501;748.926331;657.971191;111.626602;859.158508;707.564514;127.114471;814.563232;614.841248;109.798599;1046.333374;829.793823;253.058167;;;;;;;;;;;;;;;;;;;;;;;;;;;;;;;;;;;;;;;;;;;;;;;;;;;;;;
16;1062.033936;809.375244;435.559082;748.400513;658.476196;112.002892;857.749084;707.794434;129.313431;813.360168;615.150940;111.352547;1045.943115;830.206909;253.147018;;;;;;;;;;;;;;;;;;;;;;;;;;;;;;;;;;;;;;;;;;;;;;;;;;;;;;
17;1061.243896;809.519104;435.432953;747.509583;658.933167;112.857468;856.458496;708.000183;130.465317;811.690125;615.965820;113.499069;1045.500977;830.666016;253.336334;;;;;;;;;;;;;;;;;;;;;;;;;;;;;;;;;;;;;;;;;;;;;;;;;;;;;;
18;1060.496216;809.568054;435.359375;746.259399;659.330200;114.411644;855.396606;708.473206;131.071655;811.139404;616.030823;115.251175;1044.876099;831.050720;253.779114;;;;;;;;;;;;;;;;;;;;;;;;;;;;;;;;;;;;;;;;;;;;;;;;;;;;;;
19;1059.554565;809.692139;435.344757;744.980835;659.760437;116.011452;854.782715;709.054626;131.587616;810.119263;616.296204;117.098587;1044.525635;831.316101;253.912247;;;;;;;;;;;;;;;;;;;;;;;;;;;;;;;;;;;;;;;;;;;;;;;;;;;;;;
20;1058.498291;809.838806;435.065002;743.927551;659.801392;117.847725;853.747559;709.786621;133.237106;809.005127;616.838440;119.270599;1044.279907;831.522095;253.932068;;;;;;;;;;;;;;;;;;;;;;;;;;;;;;;;;;;;;;;;;;;;;;;;;;;;;;
21;1057.669922;809.944214;435.082153;742.450806;660.485474;119.407417;852.302246;710.155029;134.125824;807.625977;617.268127;121.775337;1043.513306;831.855896;254.689667;;;;;;;;;;;;;;;;;;;;;;;;;;;;;;;;;;;;;;;;;;;;;;;;;;;;;;
22;1057.557495;809.919312;435.148834;740.724731;660.991516;121.366653;850.937622;710.685852;135.468903;806.045837;617.774658;124.696098;1042.728271;832.196655;255.017273;;;;;;;;;;;;;;;;;;;;;;;;;;;;;;;;;;;;;;;;;;;;;;;;;;;;;;
23;1056.647217;810.071045;435.323212;739.349487;661.084045;123.883652;;;;804.549622;618.269958;126.977547;1042.034668;832.508484;255.205734;;;;;;;;;;;;;;;;;;;;;;;;;;;;;;;;;;;;;;;;;;;;;;;;;;;;;;
24;1055.448242;810.322632;435.361420;737.483459;661.808838;126.333794;;;;802.579895;618.824890;130.033966;1041.230225;832.832336;255.481857;847.530701;711.909973;139.116638;;;;;;;;;;;;;;;;;;;;;;;;;;;;;;;;;;;;;;;;;;;;;;;;;;;
25;1054.150757;810.505127;435.443237;735.806641;662.230103;128.252182;;;;800.513916;619.167175;132.375015;1040.150024;833.342529;256.136536;845.310730;712.539795;141.147202;;;;;;;;;;;;;;;;;;;;;;;;;;;;;;;;;;;;;;;;;;;;;;;;;;;
26;1052.958496;810.679504;435.326569;733.243591;662.665771;131.853851;;;;798.583618;619.711060;135.312134;1038.803833;833.878540;256.360077;;;;;;;;;;;;;;;;;;;;;;;;;;;;;;;;;;;;;;;;;;;;;;;;;;;;;;
27;1051.965210;810.866577;435.181335;731.274292;663.184631;133.824448;;;;796.111145;619.975647;138.006149;1037.290039;834.378418;256.468048;;;;841.397827;713.777466;144.802185;;;;;;;;;;;;;;;;;;;;;;;;;;;;;;;;;;;;;;;;;;;;;;;;
28;1051.329102;810.953064;435.318726;728.568115;663.636597;136.701523;;;;793.942078;620.769531;141.006760;1035.915039;834.877991;257.009735;;;;;;;;;;;;;;;;;;;;;;;;;;;;;;;;;;;;;;;;;;;;;;;;;;;;;;
29;1049.695190;811.262573;435.574127;726.247131;664.033997;138.914383;;;;791.510132;621.207275;143.552902;1034.542847;835.358948;257.495575;;;;;;;836.733093;714.291138;148.487259;;;;;;;;;;;;;;;;;;;;;;;;;;;;;;;;;;;;;;;;;;;;;
30;1048.180786;811.570251;435.429077;723.373840;664.094727;141.994720;;;;788.811523;621.781738;146.532944;1033.015015;835.762634;257.996887;;;;;;;833.233582;715.065002;150.892731;;;;;;;;;;;;;;;;;;;;;;;;;;;;;;;;;;;;;;;;;;;;;
31;1047.003784;811.758484;434.832489;720.444153;664.500305;144.939835;;;;785.941833;622.022522;149.326508;1030.699951;836.399231;258.182007;;;;;;;830.636047;715.678772;152.392120;;;;;;;;;;;;;;;;;;;;;;;;;;;;;;;;;;;;;;;;;;;;;
32;1045.681519;812.023865;435.137115;717.535706;664.613098;146.975128;;;;782.950195;622.498047;152.240189;1028.754517;836.818176;258.530304;;;;;;;;;;;;;;;;;;;;;;;;;;;;;;;;;;;;;;;;;;;;;;;;;;;;;;
33;1043.811279;812.280701;435.305756;714.025269;664.663574;150.282257;;;;779.788635;622.894348;154.950516;1026.559692;837.367676;259.184021;;;;;;;;;;823.999207;716.458374;157.795731;;;;;;;;;;;;;;;;;;;;;;;;;;;;;;;;;;;;;;;;;;
34;1042.203857;812.405457;434.938232;710.188721;664.873657;152.822235;;;;776.594482;623.220947;157.407547;1024.232544;837.721558;259.550598;;;;;;;;;;;;;;;;;;;;;;;;;;;;;;;;;;;;;;;;;;;;;;;;;;;;;;
35;1040.371704;812.755859;435.067535;706.973999;665.165466;155.265915;;;;773.086243;623.569885;160.161972;1021.738525;838.320190;259.891846;;;;;;;;;;;;;816.927673;717.625854;161.272476;;;;;;;;;;;;;;;;;;;;;;;;;;;;;;;;;;;;;;;
36;1038.267700;812.988586;435.164093;703.454895;665.328125;158.212143;;;;769.273010;623.792603;162.649414;1018.973572;838.826050;260.552826;;;;;;;;;;;;;813.479309;717.876343;163.295151;;;;;;;;;;;;;;;;;;;;;;;;;;;;;;;;;;;;;;;
37;1036.370483;813.133301;434.807037;699.166870;665.311401;161.098892;;;;765.791260;624.269043;165.333282;1016.023865;839.427429;260.719513;;;;;;;;;;;;;809.189270;718.641541;166.222321;;;;;;;;;;;;;;;;;;;;;;;;;;;;;;;;;;;;;;;
38;1034.111816;813.619202;435.112213;695.210754;665.343018;164.133255;;;;761.910889;624.538818;167.510910;1012.812317;840.085693;261.191772;;;;;;;;;;;;;804.763489;719.057556;168.811646;;;;;;;;;;;;;;;;;;;;;;;;;;;;;;;;;;;;;;;
39;1031.637573;813.756165;434.652130;690.952698;665.614075;166.523392;;;;757.645142;624.833130;170.023651;1009.692200;840.756348;261.096924;;;;;;;;;;;;;;;;;;;;;;;;;;;;;;;;;;;;;;;;;;;;;;;;;;;;;;
40;1029.056885;814.149719;434.661285;686.561890;665.900818;168.538483;;;;753.336853;624.974060;172.306183;1006.058533;841.491821;261.722656;;;;;;;;;;;;;;;;;;;;;;;;;;;;;;;;;;;;;;;;;;;;;;;;;;;;;;
41;1026.624023;814.380981;434.415558;682.151245;666.020020;171.371246;;;;749.040344;625.388977;174.571594;1002.196777;842.280334;261.939240;;;;;;;;;;;;;;;;;;;;;;;;;;;;;;;;;;;;;;;;;;;;;;;;;;;;;;
42;1024.022583;814.671021;434.508484;677.438843;666.318298;174.211792;;;;744.608948;625.801575;176.838654;998.381714;842.837097;262.428528;;;;;;;;;;;;;;;;786.854248;721.050842;176.781525;;;;;;;;;;;;;;;;;;;;;;;;;;;;;;;;;;;;
43;1020.948120;814.889160;434.268341;672.903564;666.479553;176.197159;;;;740.249634;626.033569;178.495865;994.718506;843.297668;262.712128;;;;;;;;;;;;;;;;782.034119;721.374512;178.608429;;;;;;;;;;;;;;;;;;;;;;;;;;;;;;;;;;;;
44;1018.359985;815.143005;434.171722;668.298340;666.766968;178.447906;;;;735.253052;626.321289;180.199265;990.551697;843.489807;262.816284;;;;;;;;;;;;;;;;777.519592;721.469543;180.726913;;;;;;;;;;;;;;;;;;;;;;;;;;;;;;;;;;;;
45;1015.005005;815.533936;433.661987;663.293213;666.955017;180.816345;;;;730.335144;626.718445;182.442337;985.875916;844.061523;263.245972;;;;;;;;;;;;;;;;772.184082;721.831177;182.985596;;;;;;;;;;;;;;;;;;;;;;;;;;;;;;;;;;;;
46;1012.257263;815.813049;433.682098;658.096008;667.176208;183.003723;;;;725.448364;627.028015;184.319885;981.513977;844.771790;263.263000;;;;;;;;;;;;;;;;;;;;;;;;;;;;;;;;;;;;;;;;;;;;;;;;;;;;;;
47;1008.640442;816.116333;433.438171;652.801270;667.450134;185.313553;;;;719.940613;627.279968;185.908752;977.366089;845.441589;263.537415;;;;;;;;;;;;;;;;;;;;;;;;;;;;;;;;;;;;;;;;;;;;;;;;;;;;;;
48;1005.396545;816.472473;433.661896;647.447449;667.750610;187.410736;;;;714.345703;627.496704;187.816757;973.324829;845.836182;263.313751;;;;;;;;;;;;;;;;;;;756.279114;722.726379;188.817368;;;;;;;;;;;;;;;;;;;;;;;;;;;;;;;;;
49;1002.705383;816.572388;433.489471;642.181335;668.058899;188.722458;;;;709.202026;627.756165;189.153778;968.537476;846.283325;263.458038;;;;;;;;;;;;;;;;;;;750.947998;722.938538;190.218491;;;;;;;;;;;;;;;;;;;;;;;;;;;;;;;;;
50;998.784973;816.951355;433.163544;636.785706;668.591187;190.670822;;;;704.087341;628.090637;190.216797;963.372070;846.861816;263.551819;;;;;;;;;;;;;;;;;;;745.759399;723.240662;191.127640;;;;;;;;;;;;;;;;;;;;;;;;;;;;;;;;;
51;995.535706;817.191345;433.021515;631.251648;668.727539;192.919571;;;;698.358704;628.518433;191.891785;957.735474;847.472961;264.084717;;;;;;;;;;;;;;;;;;;740.563110;723.401306;191.959229;;;;;;;;;;;;;;;;;;;;;;;;;;;;;;;;;
52;992.492676;817.404297;432.831329;625.385925;668.908081;194.780716;;;;692.597290;628.835815;193.186157;952.925842;847.782166;264.146423;;;;;;;;;;;;;;;;;;;734.909729;723.950012;193.511246;;;;;;;;;;;;;;;;;;;;;;;;;;;;;;;;;
53;988.338074;817.729675;432.806793;619.495300;669.440186;196.599472;;;;687.001282;629.187378;194.006989;947.926025;848.056580;264.448853;;;;;;;;;;;;;;;;;;;729.436768;724.157837;194.674332;;;;;;;;;;;;;;;;;;;;;;;;;;;;;;;;;
54;984.914673;817.920471;432.937866;613.701111;669.958069;197.619507;;;;681.340027;629.382263;194.816650;942.564636;848.284241;264.828705;;;;;;;;;;;;;;;;;;;724.071167;724.364136;195.055893;;;;;;;;;;;;;;;;;;;;;;;;;;;;;;;;;
55;981.556824;818.106750;432.753113;608.434692;670.533020;198.077499;;;;675.431458;629.678345;195.737137;937.362976;848.095215;264.436432;;;;;;;;;;;;;;;;;;;718.556274;724.399292;195.680679;;;;;;;;;;;;;;;;;;;;;;;;;;;;;;;;;
56;977.552856;818.233093;432.544281;602.948120;670.970703;198.912338;;;;669.261169;629.989319;196.979156;;;;;;;;;;;;;;;;;;;;;;712.428528;724.571411;196.754807;;;;;;;;;;;;;;;;;;;;;;;;;;;;;;;;;
57;974.362549;818.322937;432.548950;596.881836;671.461975;200.435135;;;;663.304260;630.290955;197.635056;;;;;;;;;;;;;;;;;;;;;;706.452332;724.775391;197.905228;;;;;;;;;;;;;;;;;;;;;;;;;;;;;;;;;
58;970.700562;818.393555;432.409882;590.807983;671.718872;201.505814;;;;657.613831;630.487610;197.825790;;;;;;;;;;;;;;;;;;;;;;700.451233;724.979492;199.220413;;;;;;;;;;;;;;;;;;;;;;;;;;;;;;;;;
59;966.779724;818.362671;432.546509;585.178040;671.943176;202.131271;;;;651.773865;630.539856;197.923264;;;;;;;;;;;;;;;;;;;;;;695.197510;725.152466;199.703430;;;;;;;;;;;;;;;;;;;;;;;;;;;;;;;;;
60;963.345581;818.262146;432.427094;579.443054;672.344666;202.458069;;;;645.682373;630.723755;198.181519;;;;;;;;;;;;;;;;;;;;;;;;;909.122986;848.826721;266.254761;;;;;;;;;;;;;;;;;;;;;;;;;;;;;;
61;959.625183;818.369568;432.323212;573.710693;673.005066;202.440338;;;;639.716248;631.004517;198.338699;;;;;;;;;;;;;;;;;;;;;;;;;903.543579;848.948853;266.602539;;;;;;;;;;;;;;;;;;;;;;;;;;;;;;
62;955.899109;818.527954;432.074829;568.167236;673.375671;202.701691;;;;634.053528;631.267334;198.152740;;;;;;;;;;;;;;;;;;;;;;;;;898.056763;848.647461;266.940216;;;;;;;;;;;;;;;;;;;;;;;;;;;;;;
63;952.581238;818.337219;431.744812;562.425354;673.662659;202.824860;;;;628.217834;631.575439;197.805145;;;;;;;;;;;;;;;;;;;;;;;;;;;;671.471130;725.643982;201.388016;;;;;;;;;;;;;;;;;;;;;;;;;;;
64;948.347046;818.312622;432.266754;556.596619;673.974182;202.717010;;;;622.244751;631.875183;197.490128;;;;;;;;;;;;;;;;;;;;;;;;;;;;666.519348;725.835938;200.158829;;;;;;;;;;;;;;;;;;;;;;;;;;;
65;944.575745;817.961853;432.184814;550.739319;674.248962;203.141479;;;;616.603333;632.080505;196.998093;;;;;;;;;;;;;;;;;;;;;;;;;;;;661.201538;725.733704;199.824448;;;;;;;;;;;;;;;;;;;;;;;;;;;
66;941.105042;817.745972;431.688141;544.804382;674.522827;203.284821;;;;610.687073;632.362000;196.402679;;;;;;;;;;;;;;;;;;;;;;;;;;;;655.510742;725.757324;200.059158;876.602173;847.625793;267.492767;;;;;;;;;;;;;;;;;;;;;;;;
67;937.327393;817.464050;431.696716;539.197388;674.854431;202.810867;;;;604.887817;632.649902;195.776016;;;;;;;;;;;;;;;;;;;;;;;;;;;;649.881409;725.906921;199.502396;871.151001;846.941711;267.862244;;;;;;;;;;;;;;;;;;;;;;;;
68;933.338501;817.115356;431.669525;533.875854;675.296204;201.861526;;;;599.166016;632.777527;195.011932;;;;;;;;;;;;;;;;;;;;;;;;;;;;644.547485;725.873230;199.088547;;;;;;;;;;;;;;;;;;;;;;;;;;;
69;929.328613;816.811768;431.489990;528.307556;675.914734;201.083191;;;;593.382874;633.042847;194.173676;;;;;;;;;;;;;;;;;;;;;;;;;;;;639.596802;725.957947;198.187271;;;;;;;;;;;;;;;;;;;;;;;;;;;
70;925.752197;816.449341;431.820313;522.916748;676.218933;200.166046;;;;587.850952;633.199707;193.140091;;;;;;;;;;;;;;;;;;;;;;;;;;;;634.410339;726.070618;197.232300;;;;854.860596;846.127930;268.411011;;;;;;;;;;;;;;;;;;;;;
71;922.239136;815.949707;431.725037;517.447876;676.735901;199.207077;;;;582.434998;633.458679;192.011902;;;;;;;;;;;;;;;;;;;;;;;;;;;;629.145020;726.070129;196.549271;;;;850.176697;845.240784;268.197845;;;;;;;;;;;;;;;;;;;;;
72;918.472473;815.435608;431.141693;512.333557;677.246887;198.257324;;;;576.970154;633.698059;190.658264;;;;;;;;;;;;;;;;;;;;;;;;;;;;623.886902;726.457153;196.135056;;;;845.285950;843.978760;268.310974;;;;;;;;;;;;;;;;;;;;;
73;914.373779;815.146362;431.377167;507.009430;677.831909;196.976715;;;;571.502930;634.026672;189.545639;;;;;;;;;;;;;;;;;;;;;;;;;;;;618.210632;726.485107;195.622101;;;;840.268860;843.982666;268.962677;;;;;;;;;;;;;;;;;;;;;
74;910.997375;814.478699;431.214569;501.940186;678.478455;195.679916;;;;566.194336;634.314087;188.232208;;;;;;;;;;;;;;;;;;;;;;;;;;;;613.167175;726.781616;194.372086;;;;835.125610;843.632996;269.018097;;;;;;;;;;;;;;;;;;;;;
75;906.796509;813.959778;431.373688;496.689789;679.100525;194.312881;;;;560.966492;634.843628;187.017120;;;;;;;;;;;;;;;;;;;;;;;;;;;;608.466858;726.677368;193.257217;;;;830.112122;842.905701;268.837402;;;;;;;;;;;;;;;;;;;;;
76;903.338501;813.224365;431.192108;491.974060;679.671326;192.817291;;;;555.941650;635.082397;185.301147;;;;;;;;;;;;;;;;;;;;;;;;;;;;604.212524;726.781921;191.385757;;;;825.299561;842.003113;269.010986;;;;;;;;;;;;;;;;;;;;;
77;899.699707;812.554626;431.223053;487.017242;680.349487;191.262817;;;;550.796448;635.588440;183.984238;;;;;;;;;;;;;;;;;;;;;;;;;;;;599.482239;726.883240;190.230881;;;;820.669739;841.443481;269.090515;;;;;;;;;;;;;;;;;;;;;
78;895.705383;812.010986;431.359222;481.898285;680.948181;190.030014;;;;545.851257;635.950012;182.392532;;;;;;;;;;;;;;;;;;;;;;;;;;;;594.615417;727.200684;189.222687;;;;816.480774;840.817017;268.841980;;;;;;;;;;;;;;;;;;;;;
79;892.459473;811.201172;430.857758;477.343597;681.539368;188.765793;;;;541.147827;636.244751;180.963608;;;;;;;;;;;;;;;;;;;;;;;;;;;;589.739807;727.446350;188.988724;;;;811.882019;839.815613;269.132019;;;;;;;;;;;;;;;;;;;;;
80;888.577515;810.569031;431.284241;472.926544;682.307800;186.347763;;;;536.593079;636.931702;179.315475;;;;;;;;;;;;;;;;;;;;;;;;;;;;585.804199;727.458679;186.867401;;;;807.570129;839.149475;269.309784;;;;;;;;;;;;;;;;;;;;;
81;884.910461;809.991333;431.128052;468.688019;683.112610;184.148712;;;;532.028992;637.435486;177.602341;;;;;;;;;;;;;;;;;;;;;;;;;;;;581.781738;727.355164;185.521484;;;;803.404907;838.675293;269.041260;;;;;;;;;;;;;;;;;;;;;
82;881.647827;809.266846;430.680634;464.543091;683.704773;181.877304;;;;527.499084;637.786255;176.156219;;;;;;;;;;;;;;;;;;;;;;;;;;;;577.444153;727.762268;184.080017;;;;799.342224;837.759583;268.790436;;;;;;;;;;;;;;;;;;;;;
83;878.054016;808.572876;430.873932;460.218353;684.408386;180.478302;;;;523.307739;638.039063;174.111923;;;;;;;;;;;;;;;;;;;;;;;;;;;;573.361816;727.780151;182.805542;;;;795.101624;836.938232;268.688721;;;;;;;;;;;;;;;;;;;;;
84;874.411560;807.646667;430.649292;456.144379;684.954224;178.757889;;;;519.031250;638.403687;172.487274;;;;;;;;;;;;;;;;;;;;;;;;;;;;569.925354;727.784485;180.553146;;;;791.290527;836.386597;268.670197;;;;;;;;;;;;;;;;;;;;;
85;870.842346;807.416382;430.695526;452.228607;685.572754;177.043182;;;;514.922302;638.795532;171.026917;;;;;;;;;;;;;;;;;;;;;;;;;;;;565.810242;727.981750;180.055649;;;;787.632874;835.661194;268.675171;;;;;;;;;;;;;;;;;;;;;
86;867.675049;806.836548;430.727112;448.722504;686.132751;174.426453;;;;511.143188;639.382996;169.306732;;;;;;;;;;;;;;;;;;;;;;;;;;;;562.829956;728.062439;177.728424;;;;784.347412;834.944092;268.016083;;;;;;;;;;;;;;;;;;;;;
87;864.424194;806.156311;430.282898;445.125549;686.608032;172.969162;;;;507.382690;639.622986;167.562637;;;;;;;;;;;;;;;;;;;;;;;;;;;;558.977722;728.039368;176.439377;;;;780.812134;834.394165;267.417877;;;;;;;;;;;;;;;;;;;;;
88;861.379333;805.170227;429.655731;441.500183;687.157471;170.816498;;;;503.780548;639.758301;165.774277;;;;;;;;;;;;;;;;;;;;;;;;;;;;555.831726;728.356018;175.229004;;;;776.971069;833.724731;267.190399;;;;;;;;;;;;;;;;;;;;;
89;858.903564;804.587524;429.157471;438.454590;687.644104;168.756088;;;;500.363708;639.923096;163.856125;;;;;;;;;;;;;;;;;;;;;;;;;;;;552.656738;728.386536;173.842407;;;;773.978882;832.945801;267.135193;;;;;;;;;;;;;;;;;;;;;
90;855.790344;803.858948;428.799103;435.507874;687.865784;167.131744;;;;496.718170;640.177917;162.901764;;;;;;;;;;;;;;;;;;;;;;;;;;;;549.603027;728.192932;171.741470;;;;770.995422;832.166138;266.718750;;;;;;;;;;;;;;;;;;;;;
91;852.130615;803.733398;429.422241;432.355042;688.226135;165.193634;;;;493.924194;640.449341;160.720184;;;;;;;;;;;;;;;;;;;;;;;;;;;;546.645142;728.294800;170.876328;;;;767.795410;831.642822;266.135956;;;;;;;;;;;;;;;;;;;;;
92;849.245056;803.344543;429.346313;429.248108;688.410828;163.746521;;;;491.059753;640.668701;159.013412;;;;;;;;;;;;;;;;;;;;;;;;;;;;543.735718;728.246399;169.279144;;;;764.738037;831.109009;265.692291;;;;;;;;;;;;;;;;;;;;;
93;846.606323;802.149109;428.795471;426.625488;688.666260;161.425232;;;;488.224152;640.880676;157.257401;;;;;;;;;;;;;;;;;;;;;;;;;;;;540.863464;728.471313;167.825760;;;;762.073608;830.490906;265.244202;;;;;;;;;;;;;;;;;;;;;
94;844.289673;801.805237;428.101105;424.103241;688.803833;159.933228;;;;485.334167;640.975159;156.008591;;;;;;;;;;;;;;;;;;;;;;;;;;;;538.798096;728.162048;165.966003;;;;759.173584;829.953552;264.841309;;;;;;;;;;;;;;;;;;;;;
95;;;;421.621765;688.874756;157.883682;;;;482.997742;641.032043;154.064117;;;;;;;;;;;;;;;;;;;;;;;;;;;;536.219116;728.327820;164.453796;;;;756.872559;829.474854;264.487305;;;;;;;;;;;;;;;;;;;;;
96;;;;419.157257;688.970398;156.459885;;;;480.836761;641.057922;152.243454;;;;;;;;;;;;;;;;;;;;;;;;;;;;533.700378;728.214539;163.600082;;;;754.491882;828.850647;264.019257;840.156921;801.050598;426.822632;;;;;;;;;;;;;;;;;;
97;;;;416.773438;688.980835;154.772812;;;;478.514801;640.995911;150.574936;;;;;;;;;;;;;;;;;;;;;;;;;;;;531.721741;728.124512;161.921799;;;;752.238770;828.470520;262.940704;837.309509;800.552368;426.445648;;;;;;;;;;;;;;;;;;
98;;;;414.705688;688.904236;153.027542;;;;476.079956;640.899658;149.300247;;;;;;;;;;;;;;;;;;;;;;;;;;;;529.340759;727.972839;160.487823;;;;749.920227;827.956055;262.550781;835.963989;800.024780;425.672211;;;;;;;;;;;;;;;;;;
99;;;;412.933136;688.764099;152.036789;;;;474.230591;640.830505;147.886307;;;;;;;;;;;;;;;;;;;;;;;;;;;;527.682495;727.955017;159.603546;;;;747.955627;827.589539;261.838837;833.850464;799.761658;424.879730;;;;;;;;;;;;;;;;;;
100;;;;411.497772;688.821228;149.794617;;;;472.900208;640.729675;145.497116;;;;;;;;;;;;;;;;;;;;;;;;;;;;526.043030;727.557861;157.870544;;;;746.159119;827.078674;261.363464;832.291077;799.618774;424.026215;;;;;;;;;;;;;;;;;;
101;;;;409.460297;688.935242;148.402008;;;;471.036926;640.434143;144.634262;;;;;;;;;;;;;;;;;;;;;;;;;;;;523.782532;727.656799;156.954742;;;;744.312256;826.681641;260.697754;830.965332;799.279114;422.996643;;;;;;;;;;;;;;;;;;
102;;;;407.943695;688.659546;147.367920;;;;469.214783;640.128296;143.401245;;;;;;;;;;;;;;;;;;;;;;;;;;;;522.194580;727.741699;156.621613;;;;742.765564;826.420715;259.742218;829.136475;799.106750;422.853607;;;;;;;;;;;;;;;;;;
103;;;;406.624084;688.340271;145.613358;;;;467.937042;640.064270;142.069916;;;;;;;;;;;;;;;;;;;;;;;;;;;;520.831116;727.203918;154.944672;;;;741.084839;826.125061;258.907471;827.145508;799.129028;422.403534;;;;;;;;;;;;;;;;;;
104;;;;405.445282;688.123657;144.333145;;;;466.749847;640.105835;140.515915;;;;;;;;;;;;;;;;;;;;;;;;;;;;519.817566;727.057251;152.853699;;;;739.877869;825.704895;258.250275;825.688354;799.045471;421.671936;;;;;;;;;;;;;;;;;;
105;;;;403.956116;687.864746;143.371918;;;;465.795197;639.778320;138.776672;;;;;;;;;;;;;;;;;;;;;;;;;;;;518.494141;727.105835;151.913040;;;;738.545288;825.229858;257.638763;824.814880;798.650574;420.580780;;;;;;;;;;;;;;;;;;
106;;;;402.543640;687.359009;142.681473;;;;464.489380;639.700806;137.645432;;;;;;;;;;;;;;;;;;;;;;;;;;;;517.117981;726.973083;151.241638;;;;737.036621;824.871704;257.058594;;;;;;;;;;;;;;;;;;;;;
107;;;;401.470306;687.015442;141.446762;;;;463.395844;639.628235;136.805008;;;;;;;;;;;;;;;;;;;;;;;;;;;;515.934082;727.026062;149.968582;;;;736.034973;824.660645;256.093445;;;;823.647339;798.154358;418.335419;;;;;;;;;;;;;;;
108;;;;401.021576;686.873535;139.744461;;;;462.628876;639.461487;135.207626;;;;;;;;;;;;;;;;;;;;;;;;;;;;514.734131;726.774658;148.771240;;;;735.046326;824.425781;254.927658;;;;821.492065;797.963379;418.140961;;;;;;;;;;;;;;;
109;;;;400.230804;686.871094;138.061111;;;;461.976440;639.620850;133.355042;;;;;;;;;;;;;;;;;;;;;;;;;;;;513.841736;726.474304;147.716980;;;;733.955750;824.316650;254.286636;;;;820.162415;797.780640;417.616638;;;;;;;;;;;;;;;
110;;;;399.370422;686.695007;137.251343;;;;461.084106;639.016785;132.181702;;;;;;;;;;;;;;;;;;;;;;;;;;;;513.161865;726.461731;146.643143;;;;733.190186;824.075012;253.732712;;;;819.490845;797.615967;416.486176;;;;;;;;;;;;;;;
111;;;;398.316040;686.356323;136.537781;;;;460.199158;638.745605;131.065903;;;;;;;;;;;;;;;;;;;;;;;;;;;;512.768677;726.558777;145.256729;;;;732.249695;823.836731;252.877731;;;;818.919861;797.364319;415.323639;;;;;;;;;;;;;;;
112;;;;397.283722;686.119629;135.723679;;;;459.561218;638.738098;130.289566;;;;;;;;;;;;;;;;;;;;;;;;;;;;512.021362;726.605103;144.168961;;;;731.607788;823.735779;251.747833;;;;;;;;;;;;;;;;;;;;;
113;;;;396.615845;685.910278;134.608795;;;;458.910034;638.634766;129.323761;;;;;;;;;;;;;;;;;;;;;;;;;;;;511.143951;726.319092;143.269821;;;;731.021118;823.615967;250.707932;;;;;;;817.199463;797.126648;414.124054;;;;;;;;;;;;
114;;;;396.257111;685.927551;132.983246;;;;458.290863;638.289063;127.676353;;;;;;;;;;;;;;;;;;;;;;;;;;;;510.261139;726.220337;142.832687;;;;730.367920;823.488037;249.828430;;;;;;;815.728027;797.053589;413.449890;;;;;;;;;;;;
115;;;;396.015991;685.861755;131.402527;;;;457.986542;638.160828;126.420181;;;;;;;;;;;;;;;;;;;;;;;;;;;;509.731995;726.194641;141.721085;;;;729.796448;823.310242;248.943253;;;;;;;814.631287;797.133606;412.802002;;;;;;;;;;;;
116;;;;395.768829;685.728455;130.103409;;;;457.390564;638.106201;125.435257;;;;;;;;;;;;;;;;;;;;;;;;;;;;509.202515;726.068359;139.910706;;;;729.553650;823.110474;248.319183;;;;;;;813.794006;797.117981;412.157349;;;;;;;;;;;;
117;;;;395.525818;685.577881;129.109863;;;;457.113617;638.235413;124.445801;;;;;;;;;;;;;;;;;;;;;;;;;;;;508.812317;725.973450;138.829529;;;;729.060852;823.009338;247.310440;;;;;;;813.016296;797.161682;411.276031;;;;;;;;;;;;
118;;;;395.058960;685.451721;127.957275;;;;456.896729;638.247253;123.327103;;;;;;;;;;;;;;;;;;;;;;;;;;;;508.553894;725.932434;138.113876;;;;728.295959;823.055847;246.326797;;;;;;;813.059692;796.937805;410.202728;;;;;;;;;;;;
119;;;;394.778320;685.398499;126.764633;;;;456.746979;638.115601;122.259186;;;;;;;;;;;;;;;;;;;;;;;;;;;;508.193848;725.883423;137.381775;;;;727.695251;823.021118;245.598099;;;;;;;;;;;;;;;;;;;;;
120;;;;394.684937;685.257629;125.663475;;;;456.423950;638.024719;120.971870;;;;;;;;;;;;;;;;;;;;;;;;;;;;507.971069;725.896667;136.119843;;;;727.408875;822.871094;245.002380;;;;;;;;;;811.520569;796.915283;408.121490;;;;;;;;;
121;;;;394.507721;685.216675;124.901520;;;;456.117950;637.954712;119.809418;;;;;;;;;;;;;;;;;;;;;;;;;;;;507.763672;725.775940;134.781708;;;;727.321106;822.718079;244.039200;;;;;;;;;;810.147827;796.951904;408.086182;;;;;;;;;
122;;;;394.108704;685.194519;123.996628;;;;456.144958;638.081726;118.621475;;;;;;;;;;;;;;;;;;;;;;;;;;;;507.596497;725.773926;133.846741;;;;726.808289;822.843018;242.849747;;;;;;;;;;809.259338;797.016479;407.810303;;;;;;;;;
123;;;;394.034210;685.110413;122.592728;;;;456.155640;638.027100;117.613235;;;;;;;;;;;;;;;;;;;;;;;;;;;;507.556549;725.668457;132.887421;;;;726.530945;822.963684;241.729538;;;;;;;;;;808.434631;796.920654;407.141663;;;;;;;;;
124;;;;394.252899;685.036011;121.088058;;;;456.469086;638.066528;116.690720;;;;;;;;;;;;;;;;;;;;;;;;;;;;507.542938;725.713562;131.937347;;;;726.277222;822.963257;241.049591;;;;;;;;;;807.744995;796.990784;406.450928;;;;;;;;;
125;;;;394.264557;685.021606;120.089561;;;;455.951447;637.843018;116.110085;;;;;;;;;;;;;;;;;;;;;;;;;;;;507.654053;725.835510;130.835266;;;;726.251221;822.880554;240.468048;;;;;;;;;;807.609619;796.964539;405.256836;;;;;;;;;
126;;;;394.240540;684.956421;119.546318;;;;455.839844;637.724121;114.987694;;;;;;;;;;;;;;;;;;;;;;;;;;;;507.446045;725.825989;129.688919;;;;726.316345;822.849609;239.723770;;;;;;;;;;;;;;;;;;;;;
127;;;;394.181122;684.848877;118.576851;;;;455.980316;637.641907;113.616570;;;;;;;;;;;;;;;;;;;;;;;;;;;;507.122070;725.815369;129.081772;;;;726.121399;822.846863;238.844574;;;;;;;;;;;;;;;;;;;;;
128;;;;394.272552;684.775146;117.393234;;;;456.453125;637.990845;112.276222;;;;;;;;;;;;;;;;;;;;;;;;;;;;507.255249;725.825500;128.280945;;;;726.040222;823.006165;237.825974;;;;;;;;;;;;;;;;;;;;;
129;;;;394.461914;684.709595;115.995346;;;;456.599365;637.892578;111.410217;;;;;;;;;;;;;;;;;;;;;;;;;;;;507.781097;725.729126;126.882652;;;;725.841064;823.059082;236.894363;;;;;;;;;;;;;805.166321;796.968079;402.864563;;;;;;
130;;;;394.558563;684.570435;115.056587;;;;456.711517;637.674622;110.663857;;;;;;;;;;;;;;;;;;;;;;;;;;;;508.018616;725.695679;125.230835;;;;725.834839;823.017273;236.281906;;;;;;;;;;;;;804.433411;796.940674;402.456635;;;;;;
131;;;;394.685791;684.456665;114.282578;;;;456.950287;637.507568;109.604271;;;;;;;;;;;;;;;;;;;;;;;;;;;;508.011810;725.670776;124.238800;;;;725.897156;823.055664;235.626663;;;;;;;;;;;;;803.900513;797.076660;401.757874;;;;;;
132;;;;394.819550;684.358032;113.266159;;;;457.245514;637.468628;107.991348;;;;;;;;;;;;;;;;;;;;;;;;;;;;507.916779;725.729431;123.911163;;;;725.876648;823.184265;234.971451;;;;;;;;;;;;;803.538208;797.210999;400.759552;;;;;;
133;;;;394.989197;684.269592;111.993164;;;;457.570709;637.576843;106.625076;;;;;;;;;;;;;;;;;;;;;;;;;;;;507.726471;725.831238;123.445320;;;;725.767578;823.233459;234.230530;;;;;;;;;;;;;803.359314;797.167419;400.250702;;;;;;
134;;;;395.021942;684.083679;111.313995;;;;457.513885;637.421753;105.659859;;;;;;;;;;;;;;;;;;;;;;;;;;;;508.170074;725.777344;122.276512;;;;725.824097;823.416626;233.438065;;;;;;;;;;;;;803.063965;797.149170;399.689850;;;;;;
135;;;;394.849335;683.888184;110.510529;;;;457.569763;637.314636;104.613617;;;;;;;;;;;;;;;;;;;;;;;;;;;;508.606079;725.775146;120.901764;;;;725.694824;823.551575;232.563507;;;;;;;;;;;;;802.910095;797.102112;399.005463;;;;;;
136;;;;395.063293;683.668579;109.393051;;;;458.019409;637.356262;103.169495;;;;;;;;;;;;;;;;;;;;;;;;;;;;508.888367;725.823608;119.323746;;;;725.554138;823.606567;231.937973;;;;;;;;;;;;;;;;;;;;;
137;;;;395.402374;683.965088;107.959740;;;;458.396515;637.405701;102.048584;;;;;;;;;;;;;;;;;;;;;;;;;;;;508.996613;725.850891;118.622040;;;;725.587158;823.617310;231.432281;;;;;;;;;;;;;;;;;;;;;
138;;;;395.976929;683.754944;106.088982;;;;458.744598;637.396179;101.035797;;;;;;;;;;;;;;;;;;;;;;;;;;;;508.798676;726.015320;118.246117;;;;725.792725;823.668701;230.803467;;;;;;;;;;;;;;;;;;;;;
139;;;;396.249298;683.766541;105.141312;;;;458.723206;637.265015;99.869415;;;;;;;;;;;;;;;;;;;;;;;;;;;;508.975098;726.123474;117.538849;;;;725.842590;823.817200;230.159592;;;;;;;;;;;;;;;;;;;;;
140;;;;396.424866;683.791504;103.959221;;;;458.615417;637.138550;98.778069;;;;;;;;;;;;;;;;;;;;;;;;;;;;509.360779;726.251282;116.696663;;;;725.918579;823.912476;229.588364;;;;;;;;;;;;;;;;800.896912;797.734314;396.399719;;;
141;;;;396.878387;683.995361;103.006447;;;;458.681671;637.262939;97.785339;;;;;;;;;;;;;;;;;;;;;;;;;;;;509.499847;726.461670;115.812279;;;;726.035583;823.966003;228.977310;;;;;;;;;;;;;;;;800.164795;797.932617;396.199402;;;
142;;;;397.496307;684.528625;102.908340;;;;459.286072;637.842346;97.671333;;;;;;;;;;;;;;;;;;;;;;;;;;;;509.697754;726.612305;114.704094;;;;726.061768;824.168030;227.984329;;;;;;;;;;;;;;;;799.436218;798.092102;396.009644;;;
143;;;;397.767914;684.974548;103.342087;;;;459.755707;638.472473;98.015747;;;;;;;;;;;;;;;;;;;;;;;;;;;;510.036682;727.117432;114.162949;;;;726.172668;824.322021;227.388733;;;;;;;;;;;;;;;;798.955688;798.232056;395.832336;;;
144;;;;397.847717;685.643311;103.744492;;;;460.045044;638.937439;98.301102;;;;;;;;;;;;;;;;;;;;;;;;;;;;510.330383;727.583008;113.878525;;;;726.348206;824.509277;226.815338;;;;;;;;;;;;;;;;798.752869;798.281982;395.610199;;;
145;;;;397.880646;686.094299;103.645317;;;;459.399841;639.540405;98.585358;;;;;;;;;;;;;;;;;;;;;;;;;;;;510.554138;728.035278;113.639107;;;;726.787292;824.695374;226.184982;;;;;;;;;;;;;;;;798.594116;798.405029;395.253235;;;
146;;;;397.814178;686.627197;103.238556;;;;459.820465;639.965271;98.361504;;;;;;;;;;;;;;;;;;;;;;;;;;;;510.596039;728.423828;113.598557;;;;727.290771;824.739868;225.543549;;;;;;;;;;;;;;;;798.444641;798.562317;394.990753;;;
147;;;;397.906555;687.265991;102.896271;;;;460.066437;640.544312;98.166283;;;;;;;;;;;;;;;;;;;;;;;;;;;;510.760895;728.567566;113.179382;;;;727.728455;824.804565;224.990707;;;;;;;;;;;;;;;;798.359558;798.886108;394.622437;;;
148;;;;398.084198;687.908325;102.671738;;;;460.078461;640.970276;98.272957;;;;;;;;;;;;;;;;;;;;;;;;;;;;510.982422;728.924316;112.947533;;;;728.148560;824.936646;224.525330;;;;;;;;;;;;;;;;798.684021;799.176514;393.735687;;;
149;;;;398.045502;688.272095;102.938766;;;;460.058502;641.272095;98.536026;;;;;;;;;;;;;;;;;;;;;;;;;;;;511.115265;729.181335;112.823685;;;;728.378418;825.178833;223.995117;;;;;;;;;;;;;;;;799.042786;799.322388;392.766846;;;
150;;;;397.894409;688.531433;103.160110;;;;460.009552;641.530090;98.765968;;;;;;;;;;;;;;;;;;;;;;;;;;;;511.310852;729.484192;112.707909;;;;728.976318;825.225769;223.572968;;;;;;;;;;;;;;;;799.491882;799.448242;391.886597;;;
151;;;;397.882446;688.821350;103.246002;;;;459.938629;641.747620;98.901398;;;;;;;;;;;;;;;;;;;;;;;;;;;;511.436737;729.628296;112.611069;;;;729.256592;825.362793;222.807297;;;;;;;;;;;;;;;;799.860352;799.619690;391.288849;;;
152;;;;397.931061;689.027283;103.207840;;;;459.828949;641.971130;98.792694;;;;;;;;;;;;;;;;;;;;;;;;;;;;511.474030;729.816040;112.625160;;;;729.550964;825.322876;222.295929;;;;;;;;;;;;;;;;799.976196;799.768005;391.014771;;;
153;;;;398.016205;689.244873;103.104332;;;;459.906494;642.207825;98.696915;;;;;;;;;;;;;;;;;;;;;;;;;;;;511.572083;730.030029;112.349144;;;;729.963806;825.368164;221.943573;;;;;;;;;;;;;;;;800.108337;799.927246;390.778839;;;
154;;;;398.178131;689.447205;103.104088;;;;459.992554;642.458557;98.625145;;;;;;;;;;;;;;;;;;;;;;;;;;;;511.857361;730.143005;111.709587;;;;730.502319;825.395935;221.335144;;;;;;;;;;;;;;;;800.187805;800.134216;390.600555;;;
155;;;;398.321106;689.660583;103.091309;;;;460.388092;642.749207;98.243408;;;;;;;;;;;;;;;;;;;;;;;;;;;;512.066467;730.442627;111.515053;;;;730.939148;825.454285;220.803925;;;;;;;;;;;;;;;;800.395752;800.256592;390.348053;;;
156;;;;398.494293;689.865540;103.028358;;;;460.555328;642.954712;98.058403;;;;;;;;;;;;;;;;;;;;;;;;;;;;512.181580;730.563171;111.152069;;;;731.236572;825.468384;220.356964;;;;;;;;;;;;;;;;800.342285;800.578247;390.258606;;;
157;;;;398.727905;689.975525;102.881310;;;;460.607452;643.020508;98.083481;;;;;;;;;;;;;;;;;;;;;;;;;;;;512.257996;730.828796;110.735237;;;;731.524414;825.494385;220.119690;;;;;;;;;;;;;;;;800.421753;800.841675;390.072845;;;
158;;;;398.933868;690.187073;102.737625;;;;460.830505;643.182312;97.966537;;;;;;;;;;;;;;;;;;;;;;;;;;;;512.259705;731.114258;110.610710;;;;731.683899;825.435303;219.783630;;;;;;;;;;;;;;;;800.558533;801.155334;389.745514;;;
159;;;;399.211395;690.316101;102.548920;;;;461.112915;643.360962;97.895683;;;;;;;;;;;;;;;;;;;;;;;;;;;;512.395142;731.241638;110.393204;;;;731.641968;825.436340;219.640472;;;;;;;;;;;;;;;;800.393799;801.405945;389.440948;;;
160;;;;399.449524;690.425842;102.347946;;;;461.387665;643.427734;97.680794;;;;;;;;;;;;;;;;;;;;;;;;;;;;512.576660;731.283691;110.082733;;;;731.755981;825.442871;219.490768;;;;;;;;;;;;;;;;800.364014;801.734131;389.329010;;;
161;;;;399.704620;690.513916;102.292397;;;;461.614014;643.496948;97.509842;;;;;;;;;;;;;;;;;;;;;;;;;;;;512.715515;731.396301;109.787636;;;;731.870789;825.403503;219.365250;;;;;;;;;;;;;;;;800.134338;801.624695;389.482880;;;
162;;;;399.962524;690.586670;102.254562;;;;461.860870;643.567627;97.351761;;;;;;;;;;;;;;;;;;;;;;;;;;;;513.109619;731.463440;109.301224;;;;731.881287;825.355957;219.231613;;;;;;;;;;;;;;;;;;;;;
163;;;;400.231995;690.667847;102.199944;;;;462.059998;643.605469;97.195229;;;;;;;;;;;;;;;;;;;;;;;;;;;;513.368225;731.536804;109.099014;;;;731.932068;825.286926;219.142044;;;;;;;;;;;;;;;;;;;;;
164;;;;400.415497;690.766235;102.285927;;;;462.740479;643.895081;96.737427;;;;;;;;;;;;;;;;;;;;;;;;;;;;513.610352;731.623657;108.881828;;;;731.997498;825.240479;219.039124;;;;;;;;;;;;;;;;;;;;;
165;;;;400.697113;690.743103;102.352058;;;;462.676849;643.858582;96.819969;;;;;;;;;;;;;;;;;;;;;;;;;;;;513.794983;731.616943;108.522156;;;;731.951599;825.287231;218.974457;;;;;;;;;;;;;;;;;;;;;
166;;;;401.064514;690.806030;102.344254;;;;462.763458;643.837585;96.801659;;;;;;;;;;;;;;;;;;;;;;;;;;;;514.102356;731.607178;108.248917;;;;731.984497;825.260010;218.880325;;;;;;;;;;;;;;;;;;;;;
167;;;;401.414307;690.823364;102.228851;;;;462.973511;643.916748;96.761726;;;;;;;;;;;;;;;;;;;;;;;;;;;;514.358582;731.713928;108.120613;;;;732.046509;825.316162;218.819702;;;;;;;;;;;;;;;;;;;;;
168;;;;401.665100;690.801697;102.429367;;;;463.116791;643.875793;96.636452;;;;;;;;;;;;;;;;;;;;;;;;;;;;514.615540;731.763062;107.980835;;;;732.140076;825.336670;218.715683;;;;;;;;;;;;;;;;;;;;;
169;;;;401.838928;690.773438;102.621201;;;;463.333893;643.923828;96.520721;;;;;;;;;;;;;;;;;;;;;;;;;;;;514.876038;731.783203;107.847572;;;;732.184509;825.383606;218.586761;;;;;;;;;;;;;;;;;;;;;
170;;;;402.043488;690.820374;102.646278;;;;463.544922;644.030457;96.056290;;;;;;;;;;;;;;;;;;;;;;;;;;;;515.281433;731.919189;107.281746;;;;732.313477;825.451965;218.530273;;;;;;;;;;;;;;;;;;;;;
171;;;;402.340912;690.832092;102.531273;;;;463.983002;644.146851;95.777679;;;;;;;;;;;;;;;;;;;;;;;;;;;;515.821167;731.960754;106.705673;;;;732.397827;825.495239;218.583817;;;;;;;;;;;;;;;;;;;;;
172;;;;402.671570;690.812012;102.423866;;;;464.328735;644.187073;95.567787;;;;;;;;;;;;;;;;;;;;;;;;;;;;516.119263;732.067688;106.512474;;;;732.450684;825.551270;218.552231;;;;;;;;;;;;;;;;;;;;;
173;;;;402.937592;690.918152;102.335526;;;;464.442505;644.215210;95.444031;;;;;;;;;;;;;;;;;;;;;;;;;;;;516.248840;732.221985;106.368034;;;;732.542114;825.603027;218.472153;;;;;;;;;;;;;;;;;;;;;
174;;;;403.167664;690.952332;102.200394;;;;464.974091;644.278992;95.152740;;;;;;;;;;;;;;;;;;;;;;;;;;;;515.934631;732.166565;106.683464;;;;732.618286;825.598633;218.505081;;;;;;;;;;;;;;;;;;;;;
175;;;;403.333008;690.946594;102.140228;;;;464.969025;644.450378;94.960510;;;;;;;;;;;;;;;;;;;;;;;;;;;;516.347107;732.457520;106.360062;;;;732.658752;825.628418;218.525299;;;;;;;;;;;;;;;;;;;;;
176;;;;403.476654;691.039124;102.065010;;;;465.322876;644.418030;95.044724;;;;;;;;;;;;;;;;;;;;;;;;;;;;516.653015;732.603455;105.985992;;;;732.686646;825.684265;218.522934;;;;;;;;;;;;;;;;;;;;;
177;;;;403.501709;691.169922;102.064201;;;;465.443207;644.491028;95.018158;;;;;;;;;;;;;;;;;;;;;;;;;;;;516.720032;732.701660;105.864204;;;;732.728271;825.740417;218.587433;;;;;;;;;;;;;;;;;;;;;
178;;;;403.487244;691.181702;102.081360;;;;465.458038;644.484924;95.091553;;;;;;;;;;;;;;;;;;;;;;;;;;;;516.725403;732.812683;105.888542;;;;732.791931;825.737915;218.654922;;;;;;;;;;;;;;;;;;;;;
179;;;;403.438263;691.269897;102.031853;;;;465.459167;644.578491;95.136757;;;;;;;;;;;;;;;;;;;;;;;;;;;;516.725586;732.914246;105.863823;;;;732.917236;825.721985;218.650604;;;;;;;;;;;;;;;;;;;;;
180;;;;403.481750;691.296570;101.941185;;;;465.466370;644.701965;95.130623;;;;;;;;;;;;;;;;;;;;;;;;;;;;516.718994;732.933899;105.872520;;;;732.916992;825.670532;218.682358;;;;;;;;;;;;;;;;;;;;;
181;;;;403.479858;691.399292;101.891533;;;;465.488586;644.740662;95.121048;;;;;;;;;;;;;;;;;;;;;;;;;;;;516.708862;733.052490;105.921944;;;;732.874451;825.650024;218.728668;;;;;;;;;;;;;;;;;;;;;
182;;;;403.503815;691.419556;101.869125;;;;465.438812;644.733643;95.184166;;;;;;;;;;;;;;;;;;;;;;;;;;;;516.724426;733.068420;105.807053;;;;732.808716;825.551819;218.786255;;;;;;;;;;;;;;;;;;;;;
183;;;;403.588684;691.398315;101.803177;;;;465.572449;644.916992;94.957626;;;;;;;;;;;;;;;;;;;;;;;;;;;;516.656982;733.162292;105.689606;;;;732.802917;825.528748;218.939514;;;;;;;;;;;;;;;;;;;;;
184;;;;403.494873;691.420288;101.865334;;;;465.602234;645.033020;94.747215;;;;;;;;;;;;;;;;;;;;;;;;;;;;516.641602;733.195374;105.636467;;;;732.749939;825.433655;219.017822;;;;;;;;;;;;;;;;;;;;;
185;;;;403.391876;691.428345;101.878151;;;;465.602264;645.050720;94.733322;;;;;;;;;;;;;;;;;;;;;;;;;;;;516.579102;733.199768;105.602242;;;;732.738708;825.421570;219.019638;;;;;;;;;;;;;;;;;;;;;
186;;;;403.395996;691.420715;101.829475;;;;465.616547;645.043030;94.705177;;;;;;;;;;;;;;;;;;;;;;;;;;;;516.550171;733.231567;105.428673;;;;732.600952;825.326843;219.014130;;;;;;;;;;;;;;;;;;;;;
187;;;;403.411224;691.410034;101.839195;;;;465.579529;644.927246;94.767715;;;;;;;;;;;;;;;;;;;;;;;;;;;;516.589172;733.166321;105.261826;;;;732.517395;825.259766;219.069473;;;;;;;;;;;;;;;;;;;;;
188;;;;403.343597;691.414612;101.814560;;;;465.578430;644.918335;94.681015;;;;;;;;;;;;;;;;;;;;;;;;;;;;516.523071;733.150330;105.284584;;;;732.568970;825.135437;219.114212;;;;;;;;;;;;;;;;;;;;;
189;;;;403.422546;691.392578;101.723846;;;;465.508118;644.913086;94.705055;;;;;;;;;;;;;;;;;;;;;;;;;;;;516.482178;733.052246;105.248779;;;;732.546692;825.016174;219.073792;;;;;;;;;;;;;;;;;;;;;
190;;;;403.427338;691.315796;101.670265;;;;465.515137;644.790161;94.690369;;;;;;;;;;;;;;;;;;;;;;;;;;;;516.522583;732.964172;105.195496;;;;732.443054;824.830078;219.085373;;;;;;;;;;;;;;;;;;;;;
191;;;;403.346100;691.301208;101.728401;;;;465.552429;644.789246;94.557968;;;;;;;;;;;;;;;;;;;;;;;;;;;;516.440857;733.001892;105.278198;;;;732.365173;824.816040;219.158752;;;;;;;;;;;;;;;;;;;;;
192;;;;403.309296;691.281982;101.799446;;;;465.458313;644.632690;94.724159;;;;;;;;;;;;;;;;;;;;;;;;;;;;516.692200;732.639038;104.345680;;;;732.407715;824.720032;219.211136;;;;;;;;;;;;;;;;;;;;;
193;;;;403.273132;691.189636;101.859444;;;;465.368561;644.494080;94.852112;;;;;;;;;;;;;;;;;;;;;;;;;;;;516.649353;732.678894;104.647186;;;;732.353088;824.634460;219.187302;;;;;;;;;;;;;;;;;;;;;
194;;;;403.301300;691.167236;101.846954;;;;465.385376;644.484619;94.856941;;;;;;;;;;;;;;;;;;;;;;;;;;;;516.534058;732.617554;104.878998;;;;732.294983;824.515198;219.210892;;;;;;;;;;;;;;;;;;;;;
195;;;;403.335876;691.162842;101.756310;;;;465.355865;644.388550;94.812386;;;;;;;;;;;;;;;;;;;;;;;;;;;;516.425659;732.598816;104.837471;;;;732.308838;824.433289;219.294128;;;;;;;;;;;;;;;;;;;;;
196;;;;403.342194;691.163818;101.730995;;;;465.306122;644.386902;94.768631;;;;;;;;;;;;;;;;;;;;;;;;;;;;516.439758;732.507813;104.758591;;;;732.228699;824.306702;219.293152;;;;;;;;;;;;;;;;;;;;;
197;;;;403.272217;691.089478;101.756203;;;;464.981171;644.488708;94.821220;;;;;;;;;;;;;;;;;;;;;;;;;;;;516.585754;732.421936;104.489761;;;;732.236206;824.178650;219.279846;;;;;;;;;;;;;;;;;;;;;
198;;;;403.180145;691.086731;102.001091;;;;465.227753;644.319519;94.783546;;;;;;;;;;;;;;;;;;;;;;;;;;;;516.793335;732.207214;103.872009;;;;732.179199;824.119080;219.308670;;;;;;;;;;;;;;;;;;;;;
199;;;;403.215881;691.068115;101.810478;;;;464.986847;644.384338;94.847069;;;;;;;;;;;;;;;;;;;;;;;;;;;;516.950500;732.172729;103.575569;;;;732.151367;824.025330;219.334930;;;;;;;;;;;;;;;;;;;;;
200;;;;403.283661;691.068542;101.644035;;;;465.233917;644.304077;94.789589;;;;;;;;;;;;;;;;;;;;;;;;;;;;516.987732;732.091431;103.539795;;;;732.119019;823.898621;219.358749;;;;;;;;;;;;;;;;;;;;;
201;;;;403.303925;691.085449;101.649055;;;;464.988922;644.392761;94.842384;;;;;;;;;;;;;;;;;;;;;;;;;;;;516.946228;732.070374;103.422089;;;;732.117859;823.783997;219.345322;;;;;;;;;;;;;;;;;;;;;
202;;;;403.316833;691.084595;101.669701;;;;465.273712;644.295532;94.770561;;;;;;;;;;;;;;;;;;;;;;;;;;;;516.962341;732.061584;103.349472;;;;732.126770;823.664978;219.351242;;;;;;;;;;;;;;;;;;;;;
203;;;;403.252899;691.204224;101.858498;;;;465.362915;644.279785;94.715767;;;;;;;;;;;;;;;;;;;;;;;;;;;;517.034546;732.145630;103.335976;;;;732.101929;823.545715;219.347809;;;;;;;;;;;;;;;;;;;;;
204;;;;403.234100;691.209473;101.622322;;;;465.420105;644.286011;94.735741;;;;;;;;;;;;;;;;;;;;;;;;;;;;517.084778;732.084351;103.205696;;;;732.199158;823.452332;219.283417;;;;;;;;;;;;;;;;;;;;;
205;;;;403.357727;691.202698;101.403915;;;;465.077698;644.473206;94.807335;;;;;;;;;;;;;;;;;;;;;;;;;;;;517.076721;732.064270;103.088692;;;;732.133240;823.426819;219.304871;;;;;;;;;;;;;;;;;;;;;
206;;;;403.361725;691.219727;101.459763;;;;465.358154;644.395813;94.806190;;;;;;;;;;;;;;;;;;;;;;;;;;;;517.063293;732.160706;103.111763;;;;732.140625;823.362915;219.311432;;;;;;;;;;;;;;;;;;;;;
207;;;;403.426758;691.212646;101.476761;;;;465.472382;644.385437;94.751190;;;;;;;;;;;;;;;;;;;;;;;;;;;;517.035339;732.190002;103.179756;;;;732.138855;823.236938;219.268463;;;;;;;;;;;;;;;;;;;;;
208;;;;403.395111;691.213623;101.361137;;;;465.479187;644.393555;94.723579;;;;;;;;;;;;;;;;;;;;;;;;;;;;517.053406;732.166016;103.122528;;;;732.159058;823.226807;219.307571;;;;;;;;;;;;;;;;;;;;;
209;;;;403.431702;691.317993;101.281059;;;;465.462250;644.396301;94.739136;;;;;;;;;;;;;;;;;;;;;;;;;;;;517.080994;732.157104;103.076469;;;;732.172913;823.152527;219.313171;;;;;;;;;;;;;;;;;;;;;
210;;;;403.450897;691.338196;101.258553;;;;465.455505;644.393738;94.749588;;;;;;;;;;;;;;;;;;;;;;;;;;;;517.089844;732.157288;103.065392;;;;732.253723;823.149902;219.379578;;;;;;;;;;;;;;;;;;;;;
211;;;;403.421509;691.338745;101.312630;;;;465.468201;644.473511;94.726257;;;;;;;;;;;;;;;;;;;;;;;;;;;;517.047913;732.160156;103.013275;;;;732.274292;823.055725;219.374969;;;;;;;;;;;;;;;;;;;;;
212;;;;403.353058;691.341797;101.277458;;;;465.424774;644.508423;94.756966;;;;;;;;;;;;;;;;;;;;;;;;;;;;517.021790;732.262268;102.991814;;;;732.101990;822.987488;219.472198;;;;;;;;;;;;;;;;;;;;;
213;;;;403.376343;691.431519;101.229836;;;;465.461609;644.488220;94.728340;;;;;;;;;;;;;;;;;;;;;;;;;;;;517.020813;732.288208;103.015854;;;;732.072876;822.878662;219.554153;;;;;;;;;;;;;;;;;;;;;
214;;;;403.298584;691.471802;101.341545;;;;465.425842;644.499512;94.758469;;;;;;;;;;;;;;;;;;;;;;;;;;;;517.045105;732.271729;102.986801;;;;732.120972;822.884766;219.639114;;;;;;;;;;;;;;;;;;;;;
215;;;;403.323242;691.476807;101.407234;;;;465.406677;644.508545;94.819061;;;;;;;;;;;;;;;;;;;;;;;;;;;;517.052612;732.263672;102.948502;;;;732.211426;822.797302;219.550781;;;;;;;;;;;;;;;;;;;;;
216;;;;403.338318;691.478149;101.405540;;;;465.458008;644.482605;94.742363;;;;;;;;;;;;;;;;;;;;;;;;;;;;516.984802;732.278809;102.924927;;;;732.251526;822.664795;219.567566;;;;;;;;;;;;;;;;;;;;;
217;;;;403.292175;691.488342;101.363708;;;;465.423737;644.507874;94.797592;;;;;;;;;;;;;;;;;;;;;;;;;;;;516.945435;732.296692;102.995316;;;;732.286865;822.573486;219.646774;;;;;;;;;;;;;;;;;;;;;
218;;;;403.280060;691.489319;101.337570;;;;465.430328;644.515198;94.767426;;;;;;;;;;;;;;;;;;;;;;;;;;;;516.927612;732.299133;103.032150;;;;732.256104;822.461487;219.660233;;;;;;;;;;;;;;;;;;;;;
219;;;;403.251404;691.535034;101.125061;;;;465.425751;644.508972;94.779091;;;;;;;;;;;;;;;;;;;;;;;;;;;;516.906921;732.286560;102.916443;;;;732.125671;822.407837;219.773514;;;;;;;;;;;;;;;;;;;;;
220;;;;403.329071;691.583862;100.970108;;;;465.409698;644.507935;94.818291;;;;;;;;;;;;;;;;;;;;;;;;;;;;516.933960;732.281677;102.836456;;;;732.115662;822.297302;219.855118;;;;;;;;;;;;;;;;;;;;;
221;;;;403.336334;691.602539;101.190346;;;;465.389893;644.487549;94.770821;;;;;;;;;;;;;;;;;;;;;;;;;;;;516.923706;732.294800;102.862701;;;;732.233398;822.233459;219.818039;;;;;;;;;;;;;;;;;;;;;
222;;;;403.205750;691.436157;100.872520;;;;465.365082;644.470886;94.779716;;;;;;;;;;;;;;;;;;;;;;;;;;;;516.929138;732.285217;102.853363;;;;731.885376;822.209412;220.067963;;;;;;;;;;;;;;;;;;;;;
223;;;;403.272125;691.559021;100.936165;;;;465.343964;644.518555;94.760338;;;;;;;;;;;;;;;;;;;;;;;;;;;;516.957886;732.187561;102.815613;;;;731.751404;822.097107;220.178329;;;;;;;;;;;;;;;;;;;;;
224;;;;403.254150;691.477295;101.036087;;;;465.310394;644.500671;94.761856;;;;;;;;;;;;;;;;;;;;;;;;;;;;516.932434;732.190063;102.872284;;;;731.777954;821.946045;220.195053;;;;;;;;;;;;;;;;;;;;;
225;;;;403.224701;691.467468;101.061256;;;;465.315765;644.487671;94.739799;;;;;;;;;;;;;;;;;;;;;;;;;;;;516.945435;732.180054;102.836784;;;;732.147339;821.766724;219.933411;;;;;;;;;;;;;;;;;;;;;
226;;;;403.254364;691.471069;101.037132;;;;465.023254;644.594482;94.774033;;;;;;;;;;;;;;;;;;;;;;;;;;;;516.966064;732.177246;102.803345;;;;731.837891;821.660645;220.341537;;;;;;;;;;;;;;;;;;;;;
227;;;;403.276703;691.489136;100.975372;;;;465.269806;644.521729;94.776840;;;;;;;;;;;;;;;;;;;;;;;;;;;;516.944885;732.103210;102.852737;;;;732.068787;821.464600;220.287872;;;;;;;;;;;;;;;;;;;;;
228;;;;403.287354;691.495056;100.953278;;;;465.343933;644.477600;94.688660;;;;;;;;;;;;;;;;;;;;;;;;;;;;516.933838;732.090454;102.879364;;;;731.825195;821.481323;220.480972;;;;;;;;;;;;;;;;;;;;;
229;;;;403.286835;691.499146;100.932602;;;;465.350525;644.414673;94.675308;;;;;;;;;;;;;;;;;;;;;;;;;;;;516.903687;732.096802;102.796776;;;;731.784729;821.401917;220.587265;;;;;;;;;;;;;;;;;;;;;
230;;;;403.329315;691.481384;100.847923;;;;465.024048;644.495483;94.793053;;;;;;;;;;;;;;;;;;;;;;;;;;;;516.953125;732.000366;102.718575;;;;732.137146;821.191772;220.297974;;;;;;;;;;;;;;;;;;;;;
231;;;;403.315369;691.490723;100.838493;;;;464.984558;644.519531;94.816322;;;;;;;;;;;;;;;;;;;;;;;;;;;;516.936340;732.079346;102.754921;;;;732.025513;821.115967;220.455673;;;;;;;;;;;;;;;;;;;;;
232;;;;403.362823;691.534363;100.547424;;;;464.843475;644.490112;94.833023;;;;;;;;;;;;;;;;;;;;;;;;;;;;516.964600;731.996155;102.677216;;;;731.927734;820.967651;220.546844;;;;;;;;;;;;;;;;;;;;;
233;;;;403.138550;691.524170;100.694511;;;;464.838226;644.492615;94.832237;;;;;;;;;;;;;;;;;;;;;;;;;;;;516.948547;731.992859;102.731461;;;;731.938538;820.840942;220.528305;;;;;;;;;;;;;;;;;;;;;
234;;;;403.291168;691.601074;100.881531;;;;465.157959;644.384888;94.734978;;;;;;;;;;;;;;;;;;;;;;;;;;;;516.938171;731.994263;102.746277;;;;732.007324;820.680603;220.361420;;;;;;;;;;;;;;;;;;;;;
235;;;;403.270264;691.615295;100.783424;;;;464.924896;644.488098;94.774017;;;;;;;;;;;;;;;;;;;;;;;;;;;;516.910950;731.988586;102.625374;;;;732.138733;820.553162;220.268631;;;;;;;;;;;;;;;;;;;;;
236;;;;403.285461;691.630432;100.685631;;;;465.120026;644.376770;94.650169;;;;;;;;;;;;;;;;;;;;;;;;;;;;516.899841;732.001282;102.648170;;;;732.234009;820.334045;220.276947;;;;;;;;;;;;;;;;;;;;;
237;;;;403.306152;691.646912;100.624397;;;;465.303406;644.381592;94.541725;;;;;;;;;;;;;;;;;;;;;;;;;;;;516.934082;731.896301;102.585327;;;;732.162415;820.183838;220.215439;;;;;;;;;;;;;;;;;;;;;
238;;;;403.364594;691.629150;100.572250;;;;465.159821;644.396240;94.563148;;;;;;;;;;;;;;;;;;;;;;;;;;;;516.908142;731.901123;102.583015;;;;732.121216;820.082886;220.216965;;;;;;;;;;;;;;;;;;;;;
239;;;;403.288879;691.656921;100.559280;;;;465.295349;644.427185;94.577171;;;;;;;;;;;;;;;;;;;;;;;;;;;;516.883911;731.893738;102.522018;;;;732.122131;819.978149;220.208939;;;;;;;;;;;;;;;;;;;803.212158;804.997620;391.528381
240;;;;403.246338;691.657776;100.556458;;;;465.263580;644.416748;94.585686;;;;;;;;;;;;;;;;;;;;;;;;;;;;516.865051;731.906128;102.573425;;;;732.166199;819.769104;220.517990;;;;;;;;;;;;;;;;;;;802.787476;804.952148;391.880890
241;;;;403.165802;691.655396;100.644577;;;;465.079712;644.381653;94.464539;;;;;;;;;;;;;;;;;;;;;;;;;;;;516.879456;731.827209;102.608612;;;;732.119568;819.629211;220.635056;;;;;;;;;;;;;;;;;;;802.446411;804.791016;392.174683
242;;;;403.197021;691.647522;100.571022;;;;465.109344;644.384888;94.413818;;;;;;;;;;;;;;;;;;;;;;;;;;;;516.836243;731.810364;102.603676;;;;732.134155;819.507996;220.677231;;;;;;;;;;;;;;;;;;;802.516113;804.680908;392.222443
243;;;;403.307800;691.648193;100.466660;;;;465.120667;644.355469;94.421844;;;;;;;;;;;;;;;;;;;;;;;;;;;;516.888489;731.798645;102.539963;;;;732.134033;819.368530;220.712753;;;;;;;;;;;;;;;;;;;802.602112;804.573059;392.175293
244;;;;403.301666;691.670105;100.438736;;;;465.110626;644.371704;94.403030;;;;;;;;;;;;;;;;;;;;;;;;;;;;516.910095;731.787354;102.477997;;;;732.235046;819.213013;220.809677;;;;;;;;;;;;;;;;;;;802.588318;804.487671;392.377960
245;;;;403.307343;691.645996;100.482635;;;;464.993591;644.458435;94.108360;;;;;;;;;;;;;;;;;;;;;;;;;;;;516.826294;731.738586;102.645714;;;;732.229614;819.101379;220.823746;;;;;;;;;;;;;;;;;;;802.497070;804.383423;392.458466
246;;;;403.243652;691.645081;100.441299;;;;464.958557;644.524597;93.966042;;;;;;;;;;;;;;;;;;;;;;;;;;;;516.804688;731.720703;102.741447;;;;732.153320;819.048340;220.928650;;;;;;;;;;;;;;;;;;;802.624573;804.178467;392.457764
247;;;;403.232483;691.634766;100.446175;;;;464.967804;644.407288;94.125999;;;;;;;;;;;;;;;;;;;;;;;;;;;;516.761169;731.704773;102.719597;;;;732.139221;818.999329;221.092773;;;;;;;;;;;;;;;;;;;802.926392;804.174622;392.264771
248;;;;403.162292;691.642761;100.519623;;;;464.965515;644.473389;94.031723;;;;;;;;;;;;;;;;;;;;;;;;;;;;516.786133;731.619019;102.591377;;;;732.067200;818.892944;221.221359;;;;;;;;;;;;;;;;;;;802.716797;804.049255;392.395721
249;;;;403.205170;691.626465;100.487518;;;;465.012238;644.499390;93.931488;;;;;;;;;;;;;;;;;;;;;;;;;;;;516.773010;731.621338;102.637108;;;;731.951965;818.816772;221.313187;;;;;;;;;;;;;;;;;;;802.866150;803.918579;392.625549
250;;;;403.172180;691.653625;100.481194;;;;464.960999;644.504578;93.903427;;;;;;;;;;;;;;;;;;;;;;;;;;;;516.793762;731.612305;102.584244;;;;731.849731;818.722778;221.472015;;;;;;;;;;;;;;;;;;;802.789307;803.816772;392.660095
251;;;;403.117401;691.680542;100.436043;;;;465.087097;644.500488;93.955482;;;;;;;;;;;;;;;;;;;;;;;;;;;;516.788574;731.612976;102.579979;;;;731.758240;818.720520;221.623428;;;;;;;;;;;;;;;;;;;802.820740;803.702393;392.718628
252;;;;403.144318;691.652039;100.426331;;;;464.939545;644.360901;94.132851;;;;;;;;;;;;;;;;;;;;;;;;;;;;516.625061;731.655884;102.618881;;;;731.595032;818.700806;221.840408;;;;;;;;;;;;;;;;;;;802.915710;803.658325;392.740784
253;;;;403.002075;691.665649;100.443504;;;;464.926147;644.438477;94.017433;;;;;;;;;;;;;;;;;;;;;;;;;;;;516.645386;731.635132;102.523193;;;;731.407654;818.646606;221.991714;;;;;;;;;;;;;;;;;;;803.013123;803.551208;392.783905
254;;;;402.930847;691.647949;100.537941;;;;465.062958;644.483582;93.977722;;;;;;;;;;;;;;;;;;;;;;;;;;;;516.594055;731.660278;102.520905;;;;731.346863;818.621338;222.222534;;;;;;;;;;;;;;;;;;;802.964111;803.419800;392.978943
255;;;;402.888245;691.657471;100.595039;;;;464.822357;644.292175;94.317947;;;;;;;;;;;;;;;;;;;;;;;;;;;;516.630066;731.654114;102.524857;;;;731.154846;818.692078;222.460144;;;;;;;;;;;;;;;;;;;802.948303;803.284302;393.158569
256;;;;402.794342;691.679749;100.471336;;;;464.690430;644.216431;94.476089;;;;;;;;;;;;;;;;;;;;;;;;;;;;516.613708;731.656372;102.538902;;;;730.969055;818.643555;222.797012;;;;;;;;;;;;;;;;;;;803.112122;803.250244;393.390961
257;;;;402.814819;691.647461;100.569153;;;;464.720581;644.249756;94.517921;;;;;;;;;;;;;;;;;;;;;;;;;;;;516.654968;731.749634;102.607475;;;;730.692200;818.699097;223.145508;;;;;;;;;;;;;;;;;;;803.112305;803.084656;393.798889
258;;;;402.682770;691.651733;100.609703;;;;464.689240;644.356323;94.499870;;;;;;;;;;;;;;;;;;;;;;;;;;;;516.655823;731.756775;102.664200;;;;730.069336;818.738831;223.843292;;;;;;;;;;;;;;;;;;;803.210754;803.047974;394.070679
259;;;;402.565857;691.742981;100.644707;;;;464.650238;644.365662;94.533257;;;;;;;;;;;;;;;;;;;;;;;;;;;;516.569275;731.886292;102.731583;;;;729.779297;818.953430;224.156097;;;;;;;;;;;;;;;;;;;803.529663;803.043762;394.250732
260;;;;402.517334;691.765015;100.680725;;;;464.579285;644.388428;94.643402;;;;;;;;;;;;;;;;;;;;;;;;;;;;516.451050;731.869751;102.893089;;;;729.805847;819.118469;224.244858;;;;;;;;;;;;;;;;;;;803.490112;802.994812;395.062347
261;;;;402.375977;691.766174;100.683578;;;;464.505005;644.371582;94.751526;;;;;;;;;;;;;;;;;;;;;;;;;;;;516.267273;731.819214;103.035835;;;;730.013428;819.210388;224.323746;;;;;;;;;;;;;;;;;;;803.425842;803.062805;395.682617
262;;;;402.260986;691.774841;100.698509;;;;464.258301;644.395752;94.985275;;;;;;;;;;;;;;;;;;;;;;;;;;;;516.247925;731.919983;103.143486;;;;729.860596;819.458923;224.582748;;;;;;;;;;;;;;;;;;;803.700012;803.109863;396.047455
