Weight62;;;;;;;;;;;;;;;;;;;;;;;;;;;;;;;;;;;;;;;;;;;;;;;;;;;;;;;;;;;;;;;
Date:;2025/05/06;;;;;;;;;;;;;;;;;;;;;;;;;;;;;;;;;;;;;;;;;;;;;;;;;;;;;;;;;;;;;;
Time:;14:07:46;;;;;;;;;;;;;;;;;;;;;;;;;;;;;;;;;;;;;;;;;;;;;;;;;;;;;;;;;;;;;;
Type:;test;;;;;;;;;;;;;;;;;;;;;;;;;;;;;;;;;;;;;;;;;;;;;;;;;;;;;;;;;;;;;;
Description:;"";;;;;;;;;;;;;;;;;;;;;;;;;;;;;;;;;;;;;;;;;;;;;;;;;;;;;;;;;;;;;;
Notes:;"";;;;;;;;;;;;;;;;;;;;;;;;;;;;;;;;;;;;;;;;;;;;;;;;;;;;;;;;;;;;;;
TRAJECTORIES;;;;;;;;;;;;;;;;;;;;;;;;;;;;;;;;;;;;;;;;;;;;;;;;;;;;;;;;;;;;;;;
200.000000;Hz;;;;;;;;;;;;;;;;;;;;;;;;;;;;;;;;;;;;;;;;;;;;;;;;;;;;;;;;;;;;;;
;*1;;;*2;;;*3;;;*4;;;*5;;;*6;;;*7;;;*8;;;*9;;;*10;;;*11;;;*12;;;*13;;;*14;;;*15;;;*16;;;*17;;;*18;;;*19;;;*20;;;*21;;
Field #;X;Y;Z;X;Y;Z;X;Y;Z;X;Y;Z;X;Y;Z;X;Y;Z;X;Y;Z;X;Y;Z;X;Y;Z;X;Y;Z;X;Y;Z;X;Y;Z;X;Y;Z;X;Y;Z;X;Y;Z;X;Y;Z;X;Y;Z;X;Y;Z;X;Y;Z;X;Y;Z;X;Y;Z
1;885.902710;670.330566;112.851830;1094.713501;799.515259;204.589523;1106.528687;791.932983;394.117981;806.211182;611.058960;104.641846;768.237854;683.569458;116.398125;;;;;;;;;;;;;;;;;;;;;;;;;;;;;;;;;;;;;;;;;;;;;;;;
2;885.667786;670.323608;113.245926;1094.679688;799.707886;204.606308;1106.283569;791.956299;394.065094;806.204956;611.167114;104.605064;768.065430;683.547424;116.477760;;;;;;;;;;;;;;;;;;;;;;;;;;;;;;;;;;;;;;;;;;;;;;;;
3;885.387878;670.343384;113.847137;1094.665161;800.011414;204.534195;1106.048584;792.017090;394.048706;806.026062;611.219604;104.768929;767.922974;683.546204;116.548698;;;;;;;;;;;;;;;;;;;;;;;;;;;;;;;;;;;;;;;;;;;;;;;;
4;885.196960;670.327026;114.601059;1094.520508;800.282654;204.557526;1105.544556;792.093079;394.204681;805.875610;611.310486;104.959198;767.713257;683.544312;116.610634;;;;;;;;;;;;;;;;;;;;;;;;;;;;;;;;;;;;;;;;;;;;;;;;
5;885.031616;670.347412;115.142235;1094.523560;800.565613;204.597382;1105.231567;792.205505;394.234772;805.620911;611.325562;105.243774;767.476807;683.557190;116.650635;;;;;;;;;;;;;;;;;;;;;;;;;;;;;;;;;;;;;;;;;;;;;;;;
6;884.981201;670.402344;115.793236;1094.456421;800.869751;204.573364;1104.934448;792.274536;394.084076;805.372742;611.508789;105.713264;767.552429;683.511963;116.498711;;;;;;;;;;;;;;;;;;;;;;;;;;;;;;;;;;;;;;;;;;;;;;;;
7;884.760132;670.486816;116.752083;1094.276733;801.184570;204.519806;1104.615234;792.374146;393.964233;805.047546;611.665527;106.253166;766.894958;683.606018;116.728645;;;;;;;;;;;;;;;;;;;;;;;;;;;;;;;;;;;;;;;;;;;;;;;;
8;884.494629;670.486206;117.823860;1094.257813;801.576477;204.530487;1104.231445;792.538391;393.873016;804.746460;611.675781;107.215347;766.411865;683.717834;117.178474;;;;;;;;;;;;;;;;;;;;;;;;;;;;;;;;;;;;;;;;;;;;;;;;
9;884.383423;670.701904;118.734894;1094.205200;801.972778;204.489120;1103.693359;792.735962;393.719910;804.382263;611.894836;108.152771;766.019592;683.882141;117.639923;;;;;;;;;;;;;;;;;;;;;;;;;;;;;;;;;;;;;;;;;;;;;;;;
10;884.235413;670.968811;119.246780;1094.087036;802.384827;204.477768;1103.326050;792.827637;393.554962;803.912537;612.163696;108.821449;765.726013;684.142883;117.999542;;;;;;;;;;;;;;;;;;;;;;;;;;;;;;;;;;;;;;;;;;;;;;;;
11;883.647522;671.261353;120.001122;1094.120117;802.759583;204.336823;1102.178223;793.067749;393.527527;803.352722;612.412354;109.441948;765.258606;684.540588;118.508766;;;;;;;;;;;;;;;;;;;;;;;;;;;;;;;;;;;;;;;;;;;;;;;;
12;883.578857;671.335266;120.464386;1094.195190;803.025879;204.170731;1100.967407;793.487305;393.581573;802.520874;612.683716;110.442482;764.814148;685.007751;119.377670;;;;;;;;;;;;;;;;;;;;;;;;;;;;;;;;;;;;;;;;;;;;;;;;
13;882.852722;671.843811;121.566872;1093.853882;803.268433;204.191010;1099.930908;793.447021;393.708984;801.752808;613.363159;112.187012;764.173218;685.498108;119.904671;;;;;;;;;;;;;;;;;;;;;;;;;;;;;;;;;;;;;;;;;;;;;;;;
14;881.586243;672.607788;123.006195;1093.315308;803.623291;204.201889;1098.915405;793.475769;393.809082;801.138123;614.055542;113.689606;763.837280;686.030640;120.863838;;;;;;;;;;;;;;;;;;;;;;;;;;;;;;;;;;;;;;;;;;;;;;;;
15;880.951843;673.025574;123.785286;1092.752808;803.917847;204.230133;1097.886597;793.543762;393.511322;800.356995;614.575256;114.889725;763.270325;686.681519;122.185837;;;;;;;;;;;;;;;;;;;;;;;;;;;;;;;;;;;;;;;;;;;;;;;;
16;880.024658;673.365723;125.189537;1091.975708;804.174255;204.453812;1096.194824;793.789734;393.041565;799.306030;615.352966;116.645073;762.396423;687.487366;123.863441;;;;;;;;;;;;;;;;;;;;;;;;;;;;;;;;;;;;;;;;;;;;;;;;
17;878.854248;673.502075;126.324135;1091.161377;804.419556;204.731598;1094.796631;793.854614;393.101288;797.808105;615.979492;118.865242;761.148315;688.202148;125.497612;;;;;;;;;;;;;;;;;;;;;;;;;;;;;;;;;;;;;;;;;;;;;;;;
18;877.820129;673.804382;127.137695;1090.315796;804.622864;204.631989;1093.671021;793.942566;393.043701;796.571106;616.445923;120.369675;759.669617;688.747314;127.021690;;;;;;;;;;;;;;;;;;;;;;;;;;;;;;;;;;;;;;;;;;;;;;;;
19;876.713135;674.610535;128.555435;1089.569458;804.733337;204.288620;1092.235596;794.165466;392.794769;795.084534;617.246826;122.481628;758.339722;689.519592;128.595810;;;;;;;;;;;;;;;;;;;;;;;;;;;;;;;;;;;;;;;;;;;;;;;;
20;874.850464;675.383850;129.947403;1088.917480;804.990845;204.084045;1090.799438;794.292969;392.465973;793.562012;617.942749;124.543816;757.138428;690.321167;130.153366;;;;;;;;;;;;;;;;;;;;;;;;;;;;;;;;;;;;;;;;;;;;;;;;
21;872.899719;675.677368;131.282883;1087.358276;805.364624;204.376373;1089.571289;794.344177;392.631195;791.901733;618.487488;125.942703;755.541443;690.861938;132.228622;;;;;;;;;;;;;;;;;;;;;;;;;;;;;;;;;;;;;;;;;;;;;;;;
22;871.291443;676.244446;132.428360;1085.784546;805.716553;204.713150;1088.257446;794.322571;392.839233;789.640625;618.985840;128.530899;753.041565;691.433777;134.494720;;;;;;;;;;;;;;;;;;;;;;;;;;;;;;;;;;;;;;;;;;;;;;;;
23;869.210449;676.973389;133.531906;1084.513184;805.843689;204.463943;1087.016724;794.490845;392.469025;787.533752;619.539368;130.441422;751.048523;692.087952;136.270737;;;;;;;;;;;;;;;;;;;;;;;;;;;;;;;;;;;;;;;;;;;;;;;;
24;866.483337;677.523743;135.573715;1082.514404;806.231506;204.427048;1085.622681;794.570190;392.225616;784.989624;619.880371;132.436890;748.401062;692.555176;138.205353;;;;;;;;;;;;;;;;;;;;;;;;;;;;;;;;;;;;;;;;;;;;;;;;
25;864.023804;677.995605;137.082870;1080.532593;806.663025;204.673340;1084.203735;794.429749;392.274139;782.526672;620.532043;134.595184;746.164124;692.925659;140.340714;;;;;;;;;;;;;;;;;;;;;;;;;;;;;;;;;;;;;;;;;;;;;;;;
26;860.982422;678.419556;138.448959;1078.616821;806.984131;204.137894;1083.035156;794.349060;392.380127;779.543396;620.753723;136.437546;742.883972;693.095642;142.707138;;;;;;;;;;;;;;;;;;;;;;;;;;;;;;;;;;;;;;;;;;;;;;;;
27;858.278564;678.952515;139.775482;1075.818237;807.537415;204.414520;1081.510742;794.485474;391.927643;776.645508;621.143738;137.893875;739.943909;693.573975;144.858612;;;;;;;;;;;;;;;;;;;;;;;;;;;;;;;;;;;;;;;;;;;;;;;;
28;854.696045;679.525391;141.234589;1073.570190;807.783142;204.502106;1079.749390;794.635864;391.460571;773.298767;621.530701;140.261826;736.800537;693.908447;146.678436;;;;;;;;;;;;;;;;;;;;;;;;;;;;;;;;;;;;;;;;;;;;;;;;
29;851.233337;679.856384;143.088531;1070.591919;808.205200;204.741577;1078.149414;794.507202;391.620636;770.173279;621.884705;142.148941;733.380371;694.128296;148.812653;;;;;;;;;;;;;;;;;;;;;;;;;;;;;;;;;;;;;;;;;;;;;;;;
30;848.010864;680.469482;144.538452;1067.393188;808.823120;204.740723;1076.529419;794.512634;391.489227;766.293152;621.899292;143.801025;729.833374;694.315796;151.444016;;;;;;;;;;;;;;;;;;;;;;;;;;;;;;;;;;;;;;;;;;;;;;;;
31;844.228271;681.049133;145.773651;1064.564697;809.087097;204.589340;1074.706665;794.609436;390.936859;762.817322;622.259705;145.617447;726.085754;694.621643;153.812057;;;;;;;;;;;;;;;;;;;;;;;;;;;;;;;;;;;;;;;;;;;;;;;;
32;840.121826;681.441650;147.262894;1060.676880;809.504150;204.744049;1072.889771;794.467773;391.088379;759.033386;622.817627;147.224579;722.176331;694.891785;155.989151;;;;;;;;;;;;;;;;;;;;;;;;;;;;;;;;;;;;;;;;;;;;;;;;
33;835.862366;681.967224;148.825226;1057.100220;810.057434;204.844299;1070.784058;794.639099;390.892151;755.210693;623.202332;149.240295;718.226746;695.115417;158.133728;;;;;;;;;;;;;;;;;;;;;;;;;;;;;;;;;;;;;;;;;;;;;;;;
34;831.729614;682.484924;150.093658;1053.846924;810.376831;204.550049;1068.912231;794.677185;390.365417;750.957825;623.470093;150.871735;714.028381;695.408813;160.383820;;;;;;;;;;;;;;;;;;;;;;;;;;;;;;;;;;;;;;;;;;;;;;;;
35;827.573547;683.121155;151.510880;1049.940308;810.596802;204.863602;1066.539795;794.787781;390.260040;746.566223;623.769226;152.893692;709.818298;695.730286;163.138824;;;;;;;;;;;;;;;;;;;;;;;;;;;;;;;;;;;;;;;;;;;;;;;;
36;823.381165;683.392029;152.459564;1045.796509;811.006775;205.338013;1064.207275;794.962524;389.639130;742.279419;624.192261;154.184235;705.359985;696.175354;165.340973;;;;;;;;;;;;;;;;;;;;;;;;;;;;;;;;;;;;;;;;;;;;;;;;
37;818.565063;684.061523;154.250443;1041.185669;811.616333;205.299271;1061.893311;794.804077;389.820465;737.735474;624.643311;155.814743;700.846680;696.514893;167.129730;;;;;;;;;;;;;;;;;;;;;;;;;;;;;;;;;;;;;;;;;;;;;;;;
38;813.424988;684.513489;155.811951;1037.048340;811.861206;205.057968;1059.325562;795.018127;389.294464;733.299744;625.012451;157.329590;696.229431;696.915771;168.811813;;;;;;;;;;;;;;;;;;;;;;;;;;;;;;;;;;;;;;;;;;;;;;;;
39;808.291992;684.937439;157.091354;1033.216797;811.997009;205.059448;1056.940063;794.808960;389.360413;728.391907;625.641357;159.277893;691.475037;697.293579;170.934479;;;;;;;;;;;;;;;;;;;;;;;;;;;;;;;;;;;;;;;;;;;;;;;;
40;803.292358;685.665771;158.774719;1028.998657;812.154419;205.393631;1054.198975;795.118774;388.944031;723.305725;626.119202;160.572937;686.556824;697.792542;173.229767;;;;;;;;;;;;;;;;;;;;;;;;;;;;;;;;;;;;;;;;;;;;;;;;
41;798.579529;686.303345;159.594177;1024.353882;812.537109;205.364807;1051.659546;794.990967;388.762573;717.980225;626.679688;162.599228;681.473816;698.313171;175.196503;;;;;;;;;;;;;;;;;;;;;;;;;;;;;;;;;;;;;;;;;;;;;;;;
42;793.881470;686.799744;160.504608;1019.575134;812.844238;205.620239;1048.674438;795.367126;388.292877;712.939392;627.108093;163.966812;676.355957;698.845703;176.838211;;;;;;;;;;;;;;;;;;;;;;;;;;;;;;;;;;;;;;;;;;;;;;;;
43;788.916199;687.293579;161.398483;1014.751709;813.208374;205.965576;1045.954468;795.089600;388.559998;707.798157;627.697327;165.295975;670.952576;699.605103;178.680054;;;;;;;;;;;;;;;;;;;;;;;;;;;;;;;;;;;;;;;;;;;;;;;;
44;783.565918;687.833008;162.462280;1009.976074;813.410828;206.413620;1043.003784;795.509094;388.144714;702.602417;628.317444;166.588837;665.555054;700.383362;180.159943;;;;;;;;;;;;;;;;;;;;;;;;;;;;;;;;;;;;;;;;;;;;;;;;
45;777.851501;688.664063;163.839935;1004.913025;813.668518;207.006363;1039.960327;795.230835;388.257111;697.103699;628.988220;167.951904;660.382141;700.952637;181.073349;;;;;;;;;;;;;;;;;;;;;;;;;;;;;;;;;;;;;;;;;;;;;;;;
46;772.300171;689.244995;164.869171;999.834778;813.846985;207.248322;1037.075562;795.630554;387.617950;691.710266;629.683044;168.775803;655.235901;701.664368;181.854156;;;;;;;;;;;;;;;;;;;;;;;;;;;;;;;;;;;;;;;;;;;;;;;;
47;766.663025;689.986023;165.288528;994.595215;814.121338;207.728287;1034.217896;795.485962;387.380585;686.217224;630.422424;169.623428;649.796997;702.452515;183.085388;;;;;;;;;;;;;;;;;;;;;;;;;;;;;;;;;;;;;;;;;;;;;;;;
48;761.033630;690.511536;166.321671;989.534241;814.396606;207.787308;1030.768677;795.509277;387.723114;680.462280;631.023865;170.753799;644.111511;703.090820;184.283432;;;;;;;;;;;;;;;;;;;;;;;;;;;;;;;;;;;;;;;;;;;;;;;;
49;755.677979;691.033142;166.776108;984.435303;814.397095;208.424210;1027.766235;795.444153;387.286591;674.931946;631.836548;171.864899;638.310242;703.830261;185.311844;;;;;;;;;;;;;;;;;;;;;;;;;;;;;;;;;;;;;;;;;;;;;;;;
50;750.028870;691.816711;167.836288;979.510986;814.413391;208.909698;1024.455933;795.363281;387.605621;669.329651;632.601196;172.431274;632.654480;704.635986;186.208176;;;;;;;;;;;;;;;;;;;;;;;;;;;;;;;;;;;;;;;;;;;;;;;;
51;744.129700;692.289429;168.749176;974.485840;814.299927;209.452118;1020.511047;795.431030;387.838928;663.779724;633.111084;172.833420;627.303894;705.612122;186.392151;;;;;;;;;;;;;;;;;;;;;;;;;;;;;;;;;;;;;;;;;;;;;;;;
52;738.529114;692.775024;168.751312;969.384155;814.141479;210.025879;1017.314880;794.994934;387.821228;658.109619;633.895691;173.387558;621.642578;706.411865;187.389206;;;;;;;;;;;;;;;;;;;;;;;;;;;;;;;;;;;;;;;;;;;;;;;;
53;733.377075;693.242554;168.432083;964.326904;814.091736;210.409164;1014.820679;795.356750;386.935150;652.413818;634.643921;173.711807;616.036011;707.046021;188.162582;;;;;;;;;;;;;;;;;;;;;;;;;;;;;;;;;;;;;;;;;;;;;;;;
54;728.465942;693.612427;168.706970;959.165955;814.133118;210.767258;1011.152832;795.595398;387.053467;646.692871;635.215393;173.941574;610.682983;707.648132;188.867264;;;;;;;;;;;;;;;;;;;;;;;;;;;;;;;;;;;;;;;;;;;;;;;;
55;723.065002;694.050354;169.226929;954.084106;814.208252;211.184662;1007.777344;795.259460;387.209320;641.140442;635.796204;174.147034;605.528137;708.336548;188.896637;;;;;;;;;;;;;;;;;;;;;;;;;;;;;;;;;;;;;;;;;;;;;;;;
56;717.177185;694.665894;169.560577;949.096985;814.143860;211.884506;1003.920349;795.011719;387.340942;635.585022;636.257690;174.329086;600.262207;708.946899;189.234955;;;;;;;;;;;;;;;;;;;;;;;;;;;;;;;;;;;;;;;;;;;;;;;;
57;712.003967;695.022339;169.498734;944.106079;814.078674;212.699112;1000.745361;794.861572;387.055756;630.142334;636.783997;174.444565;594.802429;709.339355;189.845947;;;;;;;;;;;;;;;;;;;;;;;;;;;;;;;;;;;;;;;;;;;;;;;;
58;706.862183;695.240845;169.130417;938.942017;814.015320;213.306641;997.474365;794.754517;387.181549;624.696533;637.340759;174.024536;589.352234;709.785645;190.191055;;;;;;;;;;;;;;;;;;;;;;;;;;;;;;;;;;;;;;;;;;;;;;;;
59;701.876831;695.558594;168.740051;933.629089;813.858765;213.872299;994.134644;794.173279;386.737885;619.370972;637.773132;173.523712;584.360352;710.257263;189.817200;;;;;;;;;;;;;;;;;;;;;;;;;;;;;;;;;;;;;;;;;;;;;;;;
60;696.854126;696.018677;168.881393;928.391541;813.594116;214.186691;990.069397;793.843323;387.028015;614.309631;638.274231;173.104889;579.373596;710.658508;189.945038;;;;;;;;;;;;;;;;;;;;;;;;;;;;;;;;;;;;;;;;;;;;;;;;
61;691.371704;696.658386;169.326874;923.525513;813.239319;215.127945;986.308228;793.527588;387.276855;609.004639;638.673340;172.759964;574.062012;710.965088;190.250336;;;;;;;;;;;;;;;;;;;;;;;;;;;;;;;;;;;;;;;;;;;;;;;;
62;686.137695;697.100647;169.462448;919.100525;813.094055;215.666946;982.483276;793.608337;387.765778;603.899841;639.078186;171.927277;568.886414;711.360291;189.401550;;;;;;;;;;;;;;;;;;;;;;;;;;;;;;;;;;;;;;;;;;;;;;;;
63;681.142212;697.611816;168.665009;914.498291;813.015076;216.031494;979.171631;793.606445;387.858490;598.944946;639.557739;171.380524;563.864197;711.662720;188.977646;;;;;;;;;;;;;;;;;;;;;;;;;;;;;;;;;;;;;;;;;;;;;;;;
64;675.942261;698.095886;168.402039;909.668396;812.883240;216.339554;975.716736;793.680725;387.436462;594.073730;639.827576;170.895798;558.951355;711.969116;188.962036;;;;;;;;;;;;;;;;;;;;;;;;;;;;;;;;;;;;;;;;;;;;;;;;
65;670.905396;698.438110;168.209747;904.896973;812.742554;216.904099;972.380005;793.254150;387.615204;588.975952;640.078552;170.268692;554.006958;712.464417;188.349960;;;;;;;;;;;;;;;;;;;;;;;;;;;;;;;;;;;;;;;;;;;;;;;;
66;666.262329;698.757690;167.413651;900.084229;812.676025;217.748032;969.390686;793.026611;387.315643;584.102112;640.588867;169.605087;549.113525;712.735840;187.697418;;;;;;;;;;;;;;;;;;;;;;;;;;;;;;;;;;;;;;;;;;;;;;;;
67;661.606384;698.988892;166.933655;895.529724;812.406311;218.262589;965.665710;792.682129;386.966400;579.419189;640.971985;168.741516;544.361267;713.372986;186.517044;;;;;;;;;;;;;;;;;;;;;;;;;;;;;;;;;;;;;;;;;;;;;;;;
68;657.055420;699.358887;166.304001;891.070923;812.033142;218.829224;962.252441;792.376404;387.083405;574.956177;641.494202;167.852524;539.717529;713.776794;186.025665;;;;;;;;;;;;;;;;;;;;;;;;;;;;;;;;;;;;;;;;;;;;;;;;
69;652.841125;699.688599;165.426743;886.644592;811.637878;219.436478;958.731445;791.629639;387.113770;570.439087;641.952881;167.493881;535.516602;714.241272;185.428680;;;;;;;;;;;;;;;;;;;;;;;;;;;;;;;;;;;;;;;;;;;;;;;;
70;648.480652;700.140869;164.291229;882.358948;811.425781;219.601868;955.123657;791.528809;387.271484;565.901306;642.165710;166.473816;531.510559;714.799500;184.199371;;;;;;;;;;;;;;;;;;;;;;;;;;;;;;;;;;;;;;;;;;;;;;;;
71;643.912354;700.645569;163.734451;877.867554;811.267273;220.602783;952.271362;791.453552;386.957550;561.631653;642.517639;165.324066;526.894775;715.365356;182.956680;;;;;;;;;;;;;;;;;;;;;;;;;;;;;;;;;;;;;;;;;;;;;;;;
72;639.751465;700.526184;162.894760;873.970642;811.042786;220.125031;948.913025;791.063293;386.577332;557.429504;643.073486;164.413681;522.418518;715.792053;181.783554;;;;;;;;;;;;;;;;;;;;;;;;;;;;;;;;;;;;;;;;;;;;;;;;
73;635.506897;700.819946;162.051346;870.045715;810.606689;220.140793;945.560730;790.735413;386.669769;553.221497;643.492432;163.307404;518.222900;716.124207;180.791245;;;;;;;;;;;;;;;;;;;;;;;;;;;;;;;;;;;;;;;;;;;;;;;;
74;631.064758;701.142822;161.619766;865.533386;810.178528;221.012939;942.178223;790.061401;386.477173;548.947998;643.821106;162.305832;514.254944;716.386353;179.621399;;;;;;;;;;;;;;;;;;;;;;;;;;;;;;;;;;;;;;;;;;;;;;;;
75;627.085510;701.304138;160.552155;861.710815;809.467468;221.365799;938.782593;789.518250;386.533081;544.887329;644.030212;161.517883;510.358612;716.692932;178.538605;;;;;;;;;;;;;;;;;;;;;;;;;;;;;;;;;;;;;;;;;;;;;;;;
76;623.479858;701.486267;159.570343;858.085571;808.980042;221.193497;936.058533;789.055847;386.001129;541.042969;644.186462;160.173401;506.330566;717.092346;176.767151;;;;;;;;;;;;;;;;;;;;;;;;;;;;;;;;;;;;;;;;;;;;;;;;
77;619.542603;701.637817;158.883316;854.312683;808.590088;221.611664;933.114014;788.528564;385.260498;537.187317;644.509399;158.733566;502.442139;717.277710;175.335938;;;;;;;;;;;;;;;;;;;;;;;;;;;;;;;;;;;;;;;;;;;;;;;;
78;615.676575;701.517761;157.770782;850.804871;808.083313;222.095871;930.269165;788.019165;385.320190;533.321167;644.637939;157.149872;498.169464;717.464294;174.048111;;;;;;;;;;;;;;;;;;;;;;;;;;;;;;;;;;;;;;;;;;;;;;;;
79;612.001343;701.816284;156.730698;846.907104;807.434021;221.620361;926.666748;787.451660;385.732849;529.325806;644.552734;155.908752;494.748199;717.511719;172.777206;;;;;;;;;;;;;;;;;;;;;;;;;;;;;;;;;;;;;;;;;;;;;;;;
80;608.366943;701.922119;155.563721;843.629883;806.540588;221.856979;923.756409;786.769592;385.194275;525.601807;644.943848;154.523438;491.217468;717.705505;170.805664;;;;;;;;;;;;;;;;;;;;;;;;;;;;;;;;;;;;;;;;;;;;;;;;
81;605.000061;701.632446;154.202271;839.936646;806.118408;222.155914;921.762695;786.163940;384.339600;522.171082;645.237732;153.050369;487.643616;717.960144;168.849091;;;;;;;;;;;;;;;;;;;;;;;;;;;;;;;;;;;;;;;;;;;;;;;;
82;601.715515;702.087585;153.142288;837.043762;805.491638;221.504715;918.409180;785.633118;384.094452;519.000183;645.429260;151.056168;484.390350;718.185303;167.586960;;;;;;;;;;;;;;;;;;;;;;;;;;;;;;;;;;;;;;;;;;;;;;;;
83;598.769348;702.072388;151.533096;833.501282;804.978760;221.763397;916.044922;785.060669;383.688416;515.781860;645.638916;149.414124;481.099548;718.390259;166.036316;;;;;;;;;;;;;;;;;;;;;;;;;;;;;;;;;;;;;;;;;;;;;;;;
84;595.077820;702.202576;150.622696;830.440430;804.066223;221.706116;912.921509;784.401428;383.472992;512.335266;645.967285;148.051193;477.529968;718.471008;164.411362;;;;;;;;;;;;;;;;;;;;;;;;;;;;;;;;;;;;;;;;;;;;;;;;
85;592.291870;702.030884;148.351959;827.143799;803.500732;221.808731;910.420105;783.733826;382.911072;508.974854;646.125732;146.950836;474.798065;718.794739;162.446228;;;;;;;;;;;;;;;;;;;;;;;;;;;;;;;;;;;;;;;;;;;;;;;;
86;589.083984;702.191589;147.683105;824.516174;802.726746;221.533325;908.476807;783.248596;381.870087;506.172028;646.224182;144.846420;471.664429;718.932739;160.810471;;;;;;;;;;;;;;;;;;;;;;;;;;;;;;;;;;;;;;;;;;;;;;;;
87;586.439697;702.166870;146.806030;821.025269;802.048096;221.374710;905.722778;782.792969;381.202789;503.353149;646.427612;143.126221;469.282715;719.087646;158.467392;;;;;;;;;;;;;;;;;;;;;;;;;;;;;;;;;;;;;;;;;;;;;;;;
88;583.404541;702.220764;145.436783;818.804688;801.168030;221.231262;903.532715;781.983521;381.193695;500.574951;646.537415;141.537064;466.043427;719.307190;157.389755;;;;;;;;;;;;;;;;;;;;;;;;;;;;;;;;;;;;;;;;;;;;;;;;
89;581.229919;702.104492;144.090164;815.608582;800.520447;221.308517;900.881409;781.230652;380.392517;497.743164;646.533264;140.077347;463.295135;719.452148;156.016449;;;;;;;;;;;;;;;;;;;;;;;;;;;;;;;;;;;;;;;;;;;;;;;;
90;578.129883;702.029541;142.664078;812.823120;799.949402;221.057419;899.124756;780.638611;379.672852;494.880554;646.414246;138.640610;460.498291;719.535950;154.506790;;;;;;;;;;;;;;;;;;;;;;;;;;;;;;;;;;;;;;;;;;;;;;;;
91;575.565979;701.916138;141.255753;810.838318;799.025208;220.389099;896.759705;780.005371;379.228180;492.760925;646.559082;136.618225;458.113495;719.455627;152.990112;;;;;;;;;;;;;;;;;;;;;;;;;;;;;;;;;;;;;;;;;;;;;;;;
92;573.129578;701.839905;140.293365;808.390808;797.964844;220.139725;894.650024;779.338989;378.906464;490.195587;646.429993;134.908310;455.448181;719.597656;151.019241;;;;;;;;;;;;;;;;;;;;;;;;;;;;;;;;;;;;;;;;;;;;;;;;
93;570.681641;701.986084;138.908310;806.151184;797.325195;219.773026;892.489502;778.510925;378.035675;488.021118;646.426392;133.121948;453.264221;719.448059;149.435135;;;;;;;;;;;;;;;;;;;;;;;;;;;;;;;;;;;;;;;;;;;;;;;;
94;568.891663;701.775269;137.180359;803.632446;796.311401;220.142456;891.149963;777.911743;377.175934;485.800232;646.123840;130.942078;450.969299;719.362427;147.741516;;;;;;;;;;;;;;;;;;;;;;;;;;;;;;;;;;;;;;;;;;;;;;;;
95;566.760559;701.716370;135.566620;801.091003;795.044067;220.294510;889.382385;777.226807;376.565674;483.460083;646.053894;129.390106;449.070068;719.117920;146.235001;;;;;;;;;;;;;;;;;;;;;;;;;;;;;;;;;;;;;;;;;;;;;;;;
96;564.563599;701.634033;134.784851;;;;887.512451;776.338501;376.182831;481.520874;646.094482;127.879547;446.890747;718.809692;144.874374;;;;;;;;;;;;;;;;;;;;;;;;;;;;;;;;;;;;;;;;;;;;;;;;
97;562.797058;701.505005;133.783234;;;;885.736084;775.521423;375.619446;479.686432;645.974792;126.508972;444.618683;718.773926;143.283722;796.565430;793.364502;220.641052;;;;;;;;;;;;;;;;;;;;;;;;;;;;;;;;;;;;;;;;;;;;;
98;560.950195;701.344299;132.027695;;;;883.632385;774.934021;375.101013;477.557251;645.941895;124.638916;442.946960;718.547974;141.729202;795.619690;792.527710;219.535645;;;;;;;;;;;;;;;;;;;;;;;;;;;;;;;;;;;;;;;;;;;;;
99;559.005920;701.157043;131.017456;;;;882.208557;774.664551;374.555389;475.987671;645.968628;122.623337;441.349640;718.473572;139.695129;;;;;;;;;;;;;;;;;;;;;;;;;;;;;;;;;;;;;;;;;;;;;;;;
100;557.165710;701.193054;129.888443;;;;880.808105;774.257446;373.888000;474.490784;646.130249;121.218391;439.588287;718.378601;138.131409;;;;;;;;;;;;;;;;;;;;;;;;;;;;;;;;;;;;;;;;;;;;;;;;
101;556.131897;700.971313;128.073639;;;;879.421997;773.734192;373.319763;472.715179;646.035889;119.514984;437.994110;718.517944;136.297760;;;;;;;;;;;;;;;;;;;;;;;;;;;;;;;;;;;;;;;;;;;;;;;;
102;554.507385;700.977600;127.262825;;;;878.330444;773.172607;372.607056;471.576508;646.028442;117.745056;436.754791;718.546204;134.673752;;;;788.483276;789.604492;218.843018;;;;;;;;;;;;;;;;;;;;;;;;;;;;;;;;;;;;;;;;;;
103;552.836853;700.986938;125.974396;;;;877.076477;772.593750;371.769165;470.038605;645.938049;116.380295;435.070313;718.632141;132.656204;;;;;;;;;;;;;;;;;;;;;;;;;;;;;;;;;;;;;;;;;;;;;;;;
104;551.742004;700.905701;124.642204;;;;;;;468.579224;645.900146;114.832916;433.946869;718.687012;131.292313;;;;;;;;;;;;;;;;;;;;;;;;;;;;;;;;;;;;;;;;;;;;;;;;
105;550.523682;700.793152;123.310249;;;;;;;467.390930;645.854614;113.760681;432.691772;718.819641;130.119919;;;;;;;874.380432;771.202271;370.837067;;;;;;;;;;;;;;;;;;;;;;;;;;;;;;;;;;;;;;;
106;549.529358;700.661133;122.119972;;;;;;;466.413757;645.958923;111.655632;;;;;;;;;;873.501465;770.844116;369.842072;;;;;;;;;;;;;;;;;;;;;;;;;;;;;;;;;;;;;;;
107;548.116943;700.601257;121.160858;;;;;;;465.474640;645.882385;110.267090;;;;;;;;;;872.539185;770.317993;369.324158;430.181702;718.992554;127.376663;;;;;;;;;;;;;;;;;;;;;;;;;;;;;;;;;;;;
108;546.820190;700.661133;120.237152;;;;;;;464.088348;645.922180;109.207870;;;;;;;;;;871.107056;769.853088;369.052643;429.079559;718.966370;125.646553;;;;;;;;;;;;;;;;;;;;;;;;;;;;;;;;;;;;
109;546.292908;700.591064;118.844658;;;;;;;463.029907;645.725525;107.874352;;;;;;;;;;869.861450;769.435364;368.709473;428.233124;719.149536;124.020966;780.456970;784.309570;215.957565;;;;;;;;;;;;;;;;;;;;;;;;;;;;;;;;;
110;545.562561;700.477539;117.388977;;;;;;;462.016266;645.682983;106.755554;;;;;;;;;;869.212952;769.075623;368.272797;427.607544;719.141113;122.556770;778.955811;783.847900;216.050201;;;;;;;;;;;;;;;;;;;;;;;;;;;;;;;;;
111;545.008728;700.146729;116.339043;;;;;;;461.405579;645.859985;105.432938;;;;;;;;;;;;;426.778229;719.165039;121.295441;777.665771;783.130737;216.158279;;;;;;;;;;;;;;;;;;;;;;;;;;;;;;;;;
112;543.897949;700.007996;115.830139;;;;;;;460.679230;645.816650;103.570152;;;;;;;;;;;;;426.155518;719.303467;119.937485;776.945190;782.515137;215.954514;;;;;;;;;;;;;;;;;;;;;;;;;;;;;;;;;
113;542.914429;699.882874;114.756989;;;;;;;459.770966;646.063232;101.783318;;;;;;;;;;;;;;;;776.346375;782.003662;215.410477;866.598145;767.796143;366.500458;;;;;;;;;;;;;;;;;;;;;;;;;;;;;;
114;542.757935;699.673096;113.107979;;;;;;;459.222504;645.959229;100.878983;;;;;;;;;;;;;;;;775.824463;781.404907;214.732071;865.986694;767.509766;365.857147;;;;;;;;;;;;;;;;;;;;;;;;;;;;;;
115;542.413940;699.518616;112.021042;;;;;;;458.468567;646.116821;99.727318;;;;;;;;;;;;;;;;775.198242;780.878662;214.234146;865.296265;767.324219;365.306702;;;;;;;;;;;;;;;;;;;;;;;;;;;;;;
116;541.810059;699.350220;111.112427;;;;;;;458.074097;646.250854;98.058098;;;;;;;;;;;;;;;;;;;864.574890;767.080322;364.853210;;;;;;;;;;;;;;;;;;;;;;;;;;;;;;
117;541.374695;699.328369;110.151527;;;;;;;457.851654;646.212463;96.688309;;;;;;;;;;;;;;;;;;;863.749817;766.867126;364.494324;;;;;;;;;;;;;;;;;;;;;;;;;;;;;;
118;541.301819;699.280457;109.041756;;;;;;;457.491638;645.994751;95.995689;;;;;;;;;;;;;;;;;;;862.899963;766.610352;364.239441;423.517181;720.067017;111.358437;;;;;;;;;;;;;;;;;;;;;;;;;;;
119;541.203918;699.396912;107.821396;;;;;;;457.443726;646.914734;95.792755;;;;;;;;;;;;;;;;;;;862.294312;766.388916;364.181091;;;;;;;;;;;;;;;;;;;;;;;;;;;;;;
120;541.277832;699.699280;106.981689;;;;;;;457.201416;647.994751;96.829491;;;;;;;;;;;;;;;;;;;861.968323;766.090698;363.768250;;;;;;;;;;;;;;;;;;;;;;;;;;;;;;
121;541.195313;699.939148;106.487602;;;;;;;456.855530;648.461365;97.592720;;;;;;;;;;;;;;;;;;;;;;;;;423.954895;722.681091;111.150879;;;;;;;;;;;;;;;;;;;;;;;;
122;540.926331;700.038696;106.248459;;;;;;;456.491211;648.802429;97.376686;;;;;;;;;;;;;;;;;;;;;;;;;423.924438;723.490295;110.589798;;;;;;;;;;;;;;;;;;;;;;;;
123;540.345886;700.340271;106.378815;;;;;;;455.845245;648.991943;97.334084;;;;;;;;;;;;;;;;;;;;;;;;;423.594238;723.995483;110.056114;860.880554;765.752319;362.307556;;;;;;;;;;;;;;;;;;;;;
124;539.983154;700.581360;106.281654;;;;;;;455.346832;649.145020;96.955086;;;;;;;;;;;;;;;;;;;;;;;;;423.083832;724.277344;109.379227;860.550598;765.830811;362.105133;;;;;;;;;;;;;;;;;;;;;
125;539.674622;700.710144;106.153259;;;;;;;455.074829;649.419922;96.803604;;;;;;;;;;;;;;;;;;;;;;;;;422.806488;724.691406;108.635490;860.151062;765.875305;361.962616;;;;;;;;;;;;;;;;;;;;;
126;539.672363;701.147827;105.969078;;;;;;;454.873322;650.054260;97.168831;;;;;;;;;;;;;;;;;;;;;;;;;422.787598;725.327271;108.494240;860.134277;765.959412;361.609802;;;;;;;;;;;;;;;;;;;;;
127;539.837402;701.381775;105.658806;;;;;;;454.526733;650.354919;97.538895;;;;;;;;;;;;;;;;;;;;;;;;;422.862823;725.931641;108.398308;860.165833;766.110657;361.266479;;;;;;;;;;;;;;;;;;;;;
128;539.893372;701.415100;105.454895;;;;;;;454.321808;650.643005;97.517990;;;;;;;;;;;;;;;;;;;;;;;;;422.989960;726.187378;108.205177;859.983276;766.162048;361.007935;773.450745;778.236511;207.967438;;;;;;;;;;;;;;;;;;
129;540.065186;701.344543;105.204857;;;;;;;454.254913;650.713379;97.345306;;;;;;;;;;;;;;;;;;;;;;;;;423.025574;726.278320;108.161522;859.880981;766.279114;360.888763;773.678833;778.242554;207.497299;;;;;;;;;;;;;;;;;;
130;540.133667;701.237061;105.151077;;;;;;;454.317657;650.644531;97.032951;;;;;;;;;;;;;;;;;;;;;;;;;423.041626;726.170166;108.127861;859.864807;766.398193;360.687378;773.791138;778.326355;207.047867;;;;;;;;;;;;;;;;;;
131;540.162537;701.128845;105.072548;;;;;;;454.431458;650.541992;96.878166;;;;;;;;;;;;;;;;;;;;;;;;;423.033539;726.027222;108.282310;860.036255;766.421753;360.506592;773.820862;778.370667;206.539932;;;;;;;;;;;;;;;;;;
132;540.271301;701.021240;104.979401;;;;;;;454.564606;650.373596;96.886589;;;;;;;;;;;;;;;;;;;;;;;;;422.989990;725.852417;108.648750;860.048279;766.712463;360.305725;773.825378;778.476318;206.251862;;;;;;;;;;;;;;;;;;
133;540.330750;700.989685;104.856949;;;;;;;454.660156;650.247681;96.921600;;;;;;;;;;;;;;;;;;;;;;;;;423.111298;725.747803;108.401230;860.064453;766.855957;360.260132;773.833679;778.587646;206.220627;;;;;;;;;;;;;;;;;;
134;540.401794;700.983643;104.795563;;;;;;;454.718781;650.235229;96.867767;;;;;;;;;;;;;;;;;;;;;;;;;423.238922;725.798340;108.709229;860.137512;767.071655;360.089813;;;;;;;;;;;;;;;;;;;;;
135;540.469116;700.994141;104.727097;;;;;;;454.886108;650.279724;96.809418;;;;;;;;;;;;;;;;;;;;;;;;;423.289886;725.926086;108.726326;860.364075;767.211487;359.941284;;;;;;;;;;;;;;;;;;;;;
136;540.484009;701.016235;104.730843;;;;;;;454.947845;650.365723;96.734123;;;;;;;;;;;;;;;;;;;;;;;;;423.327301;725.956665;108.538376;860.481201;767.310669;359.888977;;;;;;;;;;;;;;;;;;;;;
137;540.516357;701.063049;104.609222;;;;;;;454.988953;650.412720;96.709282;;;;;;;;;;;;;;;;;;;;;;;;;423.397217;726.042358;108.453651;860.600708;767.500916;359.930878;;;;;;;;;;;;;;;;;;;;;
138;540.531738;701.190125;104.641914;;;;;;;455.104095;650.268127;96.609299;;;;;;;;;;;;;;;;;;;;;;;;;423.407990;725.952026;108.443344;860.765198;767.644287;359.887146;;;;;;;;;;;;;;;;;;;;;
139;540.565125;701.279175;104.619911;;;;;;;455.118652;650.129700;96.573662;;;;;;;;;;;;;;;;;;;;;;;;;423.400146;725.941406;108.478951;860.916870;767.824707;359.919495;;;;;;;;;;;;;;;;;;;;;
140;540.603027;701.293030;104.592293;;;;;;;455.295532;650.041931;96.408821;;;;;;;;;;;;;;;;;;;;;;;;;423.421478;725.830933;108.571785;860.868469;767.932861;360.034790;;;;;;;;;;;;;;;;;;;;;
141;540.608398;701.384460;104.604355;;;;;;;455.451233;650.062073;96.403702;;;;;;;;;;;;;;;;;;;;;;;;;423.413208;725.813538;108.599380;860.846130;768.134583;360.161865;;;;;;;;;;;;;;;;;;;;;
142;540.584900;701.496094;104.651596;;;;;;;455.481842;650.086731;96.400909;;;;;;;;;;;;;;;;;;;;;;;;;423.377869;725.811829;108.624489;860.702820;768.360840;360.345154;;;;;;;;;;;;;;;;;;;;;
143;540.592285;701.594971;104.692772;;;;;;;455.629761;650.022400;96.394867;;;;;;;;;;;;;;;;;;;;;;;;;423.337311;725.826477;108.559326;860.590027;768.666992;360.493225;;;;;;;;;;;;;;;;;;;;;
144;540.648865;701.713257;104.679077;;;;;;;455.715912;649.976685;96.402122;;;;;;;;;;;;;;;;;;;;;;;;;423.389954;725.723145;108.560234;860.426636;768.922363;360.658417;;;;;;;;;;;;;;;;;;;;;
145;540.612976;701.805725;104.681969;;;;;;;455.716644;649.955017;96.408875;;;;;;;;;;;;;;;;;;;;;;;;;423.398560;725.724182;108.467125;860.205139;769.231689;360.875671;;;;;;;;;;;;;;;;;;;;;
146;540.642334;701.816284;104.705849;;;;;;;455.799347;650.024597;96.318855;;;;;;;;;;;;;;;;;;;;;;;;;423.382507;725.607300;108.591187;860.013428;769.479065;361.074799;;;;;;;;;;;;;;;;;;;;;
147;540.538391;701.857605;104.733841;;;;;;;455.882965;649.966309;96.325165;;;;;;;;;;;;;;;;;;;;;;;;;423.331696;725.587280;108.593254;859.898132;769.609741;361.209198;;;;;;;;;;;;;;;;;;;;;
148;540.548279;702.044617;104.797623;;;;;;;455.876923;649.952332;96.381134;;;;;;;;;;;;;;;;;;;;;;;;;423.220184;725.618164;108.505798;859.851868;769.722778;361.449005;;;;;;;;;;;;;;;;;;;;;
149;540.537170;702.053833;104.784515;;;;;;;455.886719;650.025330;96.337448;;;;;;;;;;;;;;;;;;;;;;;;;423.233276;725.637390;108.427994;859.754456;769.821411;361.634613;;;;;;;;;;;;;;;;;;;;;
150;540.543335;702.127808;104.741409;;;;;;;455.905151;650.042480;96.280167;;;;;;;;;;;;;;;;;;;;;;;;;423.301270;725.645264;108.378899;859.676636;769.933350;361.713806;;;;;;;;;;;;;;;;;;;;;
151;540.424316;702.237183;104.749504;;;;;;;455.845520;650.068420;96.299019;;;;;;;;;;;;;;;;;;;;;;;;;423.244934;725.646179;108.409286;859.649902;770.031067;361.770264;;;;;;;;;;;;;;;;;;;;;
152;540.371216;702.264709;104.687553;;;;;;;455.839813;650.061096;96.278854;;;;;;;;;;;;;;;;;;;;;;;;;423.112946;725.732544;108.507408;859.565796;770.129089;361.841339;;;;;;;;;;;;;;;;;;;;;
153;540.354004;702.358398;104.688095;;;;;;;455.890900;650.060852;96.167343;;;;;;;;;;;;;;;;;;;;;;;;;423.065277;725.737366;108.520180;859.566895;770.229614;361.954681;;;;;;;;;;;;;;;;;;;;;
154;540.265625;702.482300;104.705681;;;;;;;455.921387;650.100830;96.194435;;;;;;;;;;;;;;;;;;;;;;;;;423.007904;725.734436;108.533775;859.652405;770.239807;362.132599;;;;;;;;;;;;;;;;;;;;;
155;540.243774;702.493469;104.744019;;;;;;;455.885834;650.051636;96.147057;;;;;;;;;;;;;;;;;;;;;;;;;422.931488;725.735291;108.455444;859.638306;770.324402;362.197784;;;;;;;;;;;;;;;;;;;;;
156;540.191406;702.590881;104.754662;;;;;;;455.866943;650.055542;96.216080;;;;;;;;;;;;;;;;;;;;;;;;;422.966583;725.732361;108.443130;859.610840;770.333679;362.240479;;;;;;;;;;;;;;;;;;;;;
157;540.083435;702.554321;104.837334;;;;;;;455.819916;650.175781;96.160110;;;;;;;;;;;;;;;;;;;;;;;;;422.936523;725.738220;108.465309;859.668213;770.318604;362.290314;;;;772.825195;782.122314;207.874146;;;;;;;;;;;;;;;
158;540.151245;702.589172;104.743782;;;;;;;455.849640;650.204651;96.154999;;;;;;;;;;;;;;;;;;;;;;;;;422.914337;725.738647;108.492188;859.679932;770.402527;362.310974;;;;772.850159;782.110168;208.010742;;;;;;;;;;;;;;;
159;540.179688;702.591003;104.742355;;;;;;;455.834198;650.192627;96.094185;;;;;;;;;;;;;;;;;;;;;;;;;422.903809;725.712097;108.224815;859.690247;770.499207;362.312775;;;;772.684998;782.223938;208.170898;;;;;;;;;;;;;;;
160;540.174255;702.593750;104.763573;;;;;;;455.832275;650.189880;96.080673;;;;;;;;;;;;;;;;;;;;;;;;;422.904633;725.748657;108.284096;859.640137;770.514954;362.379547;;;;772.600220;782.271362;208.346008;;;;;;;;;;;;;;;
161;540.168030;702.594055;104.771492;;;;;;;455.821442;650.109863;96.107872;;;;;;;;;;;;;;;;;;;;;;;;;422.830902;725.748779;108.410393;859.581848;770.603638;362.449860;;;;772.497620;782.292786;208.476593;;;;;;;;;;;;;;;
162;540.188538;702.486694;104.727150;;;;;;;455.815063;650.089722;96.124199;;;;;;;;;;;;;;;;;;;;;;;;;422.771027;725.652344;108.485390;859.626465;770.612427;362.522003;;;;772.465027;782.291626;208.623627;;;;;;;;;;;;;;;
163;540.186768;702.479797;104.732742;;;;;;;455.814941;650.093994;96.123833;;;;;;;;;;;;;;;;;;;;;;;;;422.727722;725.640747;108.528206;859.681702;770.677551;362.517670;;;;772.338501;782.299866;208.758652;;;;;;;;;;;;;;;
164;540.201599;702.408325;104.727356;;;;;;;455.816589;650.097839;96.120033;;;;;;;;;;;;;;;;;;;;;;;;;422.856262;725.611084;108.263191;859.665649;770.687988;362.554901;;;;772.337463;782.199219;208.924515;;;;;;;;;;;;;;;
165;540.226379;702.374695;104.780373;;;;;;;455.817291;650.098511;96.118668;;;;;;;;;;;;;;;;;;;;;;;;;422.927887;725.633362;108.238258;859.591614;770.703552;362.608459;;;;772.296204;782.270630;209.038849;;;;;;;;;;;;;;;
166;540.159485;702.398315;104.751221;;;;;;;455.829651;650.090820;96.078644;;;;;;;;;;;;;;;;;;;;;;;;;422.885162;725.643677;108.336555;859.589844;770.693176;362.621216;;;;;;;;;;;;;;;;;;;;;
167;540.162903;702.375000;104.758698;;;;;;;455.824799;650.011963;96.088753;;;;;;;;;;;;;;;;;;;;;;;;;422.850067;725.615234;108.212631;859.667236;770.681274;362.658478;;;;;;;;;;;;;;;;;;;;;
168;540.171631;702.302246;104.777481;;;;;;;455.796112;649.977783;96.120209;;;;;;;;;;;;;;;;;;;;;;;;;422.919983;725.513794;108.075546;859.623169;770.694702;362.725433;;;;;;;772.246643;782.122681;209.327911;;;;;;;;;;;;
169;540.204346;702.277649;104.811752;;;;;;;455.775879;649.984192;96.170502;;;;;;;;;;;;;;;;;;;;;;;;;422.963470;725.594543;108.022583;859.626160;770.694763;362.704865;;;;;;;772.295837;781.998840;209.431351;;;;;;;;;;;;
170;540.225769;702.278748;104.842140;;;;;;;455.806854;649.994873;96.123428;;;;;;;;;;;;;;;;;;;;;;;;;422.961426;725.616882;108.030090;859.690491;770.592712;362.754395;;;;;;;772.351807;781.966614;209.536652;;;;;;;;;;;;
171;540.267273;702.281982;104.837486;;;;;;;455.845795;649.971924;96.068954;;;;;;;;;;;;;;;;;;;;;;;;;422.918732;725.637695;108.251999;859.697571;770.576172;362.762543;;;;;;;772.312012;781.939575;209.619354;;;;;;;;;;;;
172;540.234619;702.288635;104.823822;;;;;;;455.806824;649.982849;96.103966;;;;;;;;;;;;;;;;;;;;;;;;;422.846313;725.635193;108.382484;859.649963;770.594360;362.766876;;;;;;;772.302368;781.841736;209.784561;;;;;;;;;;;;
173;540.203125;702.290833;104.854858;;;;;;;455.811737;649.997986;96.110245;;;;;;;;;;;;;;;;;;;;;;;;;422.832916;725.639771;108.429596;859.637512;770.519836;362.756775;;;;;;;772.344910;781.719543;209.871841;;;;;;;;;;;;
174;540.267395;702.196533;104.911888;;;;;;;455.806335;650.066040;96.097809;;;;;;;;;;;;;;;;;;;;;;;;;422.926666;725.605530;108.175957;859.668457;770.491150;362.734650;;;;;;;772.346558;781.710144;209.870880;;;;;;;;;;;;
175;540.268921;702.173035;104.922737;;;;;;;455.807007;650.080505;96.089821;;;;;;;;;;;;;;;;;;;;;;;;;422.954529;725.729675;108.244362;859.689697;770.488647;362.722382;;;;;;;772.421570;781.673645;209.964783;;;;;;;;;;;;
176;540.222534;702.198914;104.900887;;;;;;;455.830048;650.091431;96.073784;;;;;;;;;;;;;;;;;;;;;;;;;422.962891;725.784363;108.175034;859.867004;770.484802;362.783325;;;;;;;772.438232;781.545837;210.031097;;;;;;;;;;;;
177;540.305298;702.177307;104.955521;;;;;;;455.769135;650.094604;96.045029;;;;;;;;;;;;;;;;;;;;;;;;;423.049774;725.744324;107.903709;859.923462;770.476624;362.818848;;;;;;;772.536011;781.498901;210.186203;;;;;;;;;;;;
178;540.289307;702.181580;104.909935;;;;;;;455.777863;650.109314;96.028603;;;;;;;;;;;;;;;;;;;;;;;;;423.162323;725.725037;107.729172;859.948914;770.468323;362.880585;;;;;;;772.595764;781.364502;210.350601;;;;;;;;;;;;
179;540.307495;702.175781;104.938721;;;;;;;455.786682;650.113037;96.023750;;;;;;;;;;;;;;;;;;;;;;;;;423.091278;725.773560;107.960793;859.936035;770.472961;362.894775;;;;;;;772.502441;781.358337;210.335052;;;;;;;;;;;;
180;540.268860;702.114380;104.961433;;;;;;;455.696045;650.100891;96.071678;;;;;;;;;;;;;;;;;;;;;;;;;423.043976;725.834900;107.936783;859.982788;770.471741;362.948639;;;;;;;772.530212;781.367249;210.374176;;;;;;;;;;;;
181;540.292908;702.080383;105.021233;;;;;;;455.671082;650.092834;96.096230;;;;;;;;;;;;;;;;;;;;;;;;;423.062500;725.842712;107.876770;859.995117;770.471375;362.955231;;;;;;;772.524658;781.345215;210.462860;;;;;;;;;;;;
182;540.328552;702.061768;105.013817;;;;;;;455.686066;650.172546;96.072090;;;;;;;;;;;;;;;;;;;;;;;;;423.090332;725.837769;107.837418;859.886780;770.481995;363.051910;;;;;;;;;;;;;;;;;;;;;
183;540.294495;702.073853;105.024727;;;;;;;455.696472;650.194214;96.053169;;;;;;;;;;;;;;;;;;;;;;;;;423.101166;725.744446;107.811287;859.821472;770.475098;363.193542;;;;;;;;;;;;;;;;;;;;;
184;540.265869;702.084778;105.039566;;;;;;;455.686737;650.110840;96.074661;;;;;;;;;;;;;;;;;;;;;;;;;423.045746;725.858093;108.039703;859.909973;770.476746;363.162476;;;;;;;;;;;;;;;;;;;;;
185;540.273010;702.083984;105.053200;;;;;;;455.679260;650.087280;96.091515;;;;;;;;;;;;;;;;;;;;;;;;;423.035431;725.846069;107.979233;860.057617;770.456848;363.362762;;;;;;;;;;;;;;;;;;;;;
186;540.265625;702.092163;105.053284;;;;;;;455.678467;650.090942;96.092445;;;;;;;;;;;;;;;;;;;;;;;;;423.049805;725.753113;107.769615;860.142456;770.445618;363.371399;;;;;;;;;;;;;;;;;;;;;
187;540.257629;702.097656;105.045723;;;;;;;455.680023;650.094971;96.088898;;;;;;;;;;;;;;;;;;;;;;;;;423.088074;725.738159;107.680389;860.171631;770.459229;363.473022;;;;;;;;;;;;;;;;;;;;;
188;540.219910;702.107971;105.112762;;;;;;;455.680817;650.095764;96.087357;;;;;;;;;;;;;;;;;;;;;;;;;423.026886;725.735657;107.741348;860.255249;770.426575;363.537201;;;;;;;;;;;;;;;;;;;;;
189;540.089417;702.179749;105.293747;;;;;;;455.682281;650.012207;96.078751;;;;;;;;;;;;;;;;;;;;;;;;;422.915649;725.721985;107.941887;860.372864;770.428833;363.446411;;;;;;;;;;;;;;;;;;;;;
190;540.173767;702.105835;105.189278;;;;;;;455.637421;650.010071;96.042374;;;;;;;;;;;;;;;;;;;;;;;;;422.861725;725.719482;108.089607;860.455322;770.417908;363.486298;;;;;;;;;;;;;;;;;;;;;
191;540.195435;702.083618;105.074684;;;;;;;455.679047;649.996643;96.035065;;;;;;;;;;;;;;;;;;;;;;;;;422.884766;725.649780;107.953430;860.503723;770.409790;363.556915;;;;;;;;;;;;;;;;;;;;;
192;540.174500;702.071594;105.128464;;;;;;;455.619171;649.981750;95.916641;;;;;;;;;;;;;;;;;;;;;;;;;422.904297;725.724365;107.886925;860.454224;770.419067;363.661285;;;;;;;;;;;;;;;;;;;;;
193;540.139893;702.062256;105.190598;;;;;;;455.514038;650.012451;95.987587;;;;;;;;;;;;;;;;;;;;;;;;;422.782196;725.650879;107.957542;860.621521;770.481873;363.686737;;;;;;;;;;;;;;;;;;;;;
194;540.194214;702.045105;105.266708;;;;;;;455.449158;649.990173;95.940758;;;;;;;;;;;;;;;;;;;;;;;;;422.657379;725.630188;108.103119;860.367676;770.642944;363.827271;;;;;;;;;;;;;;;;;;;;;
195;540.071289;702.072266;105.216095;;;;;;;455.355347;649.978760;95.932312;;;;;;;;;;;;;;;;;;;;;;;;;422.488556;725.646790;108.200607;860.514648;770.492676;363.980347;;;;;;;;;;;;;;;;;;;;;
196;540.075745;702.062988;105.266441;;;;;;;455.354034;650.079102;95.955902;;;;;;;;;;;;;;;;;;;;;;;;;422.434601;725.652466;108.259232;860.234375;770.597656;364.216278;;;;;;;;;;772.151245;781.059509;211.531509;;;;;;;;;
197;540.001770;702.048645;105.382942;;;;;;;455.324860;650.123169;95.985268;;;;;;;;;;;;;;;;;;;;;;;;;422.407684;725.751770;108.310280;860.406677;770.505493;364.210449;;;;;;;;;;772.092834;781.067444;211.596375;;;;;;;;;
198;539.943176;702.052368;105.437309;;;;;;;455.201569;650.093445;95.999771;;;;;;;;;;;;;;;;;;;;;;;;;422.333374;725.672974;108.254189;860.402527;770.496399;364.341492;;;;;;;;;;772.053711;781.164124;211.652695;;;;;;;;;
199;539.704285;702.106384;105.720535;;;;;;;455.131165;650.097778;96.069557;;;;;;;;;;;;;;;;;;;;;;;;;422.255890;725.759033;108.328758;860.414124;770.524170;364.367676;;;;;;;;;;771.894348;781.128784;211.797546;;;;;;;;;
200;539.583008;702.063232;105.939751;;;;;;;455.077850;650.076355;96.105553;;;;;;;;;;;;;;;;;;;;;;;;;;;;860.491760;770.515442;364.409576;;;;;;;;;;771.839600;781.213257;211.971481;;;;;;;;;
201;539.425842;702.120483;106.155540;;;;;;;455.008484;650.152893;96.055794;;;;;;;;;;;;;;;;;;;;;;;;;;;;860.654114;770.501038;364.476929;;;;;;;;;;771.879700;781.225830;211.965607;422.079742;725.782349;108.367004;;;;;;
202;539.344299;702.035339;106.294724;;;;;;;455.015564;650.189575;96.047668;;;;;;;;;;;;;;;;;;;;;;;;;;;;860.815735;770.515686;364.442383;;;;;;;;;;771.977966;781.187561;211.897354;;;;;;;;;
203;539.301514;702.136292;106.461914;;;;;;;454.920380;650.180725;95.962616;;;;;;;;;;;;;;;;;;;;;;;;;;;;860.891846;770.509399;364.499237;;;;;;;;;;771.964111;781.200317;212.004608;;;;;;;;;
204;539.208191;702.144165;106.632957;;;;;;;454.907623;650.245361;96.082787;;;;;;;;;;;;;;;;;;;;;;;;;;;;860.999023;770.585449;364.551849;;;;;;;;;;771.838806;781.234619;212.141434;;;;;;;;;
205;538.995239;702.123413;106.856613;;;;;;;454.872009;650.198608;96.076096;;;;;;;;;;;;;;;;;;;;;;;;;;;;861.119141;770.617920;364.587463;;;;;;;;;;771.776306;781.253418;212.326447;;;;421.776672;725.806213;108.269928;;;
206;538.908386;702.110107;107.035004;;;;;;;454.840027;650.170715;96.084595;;;;;;;;;;;;;;;;;;;;;;;;;;;;861.270081;770.611816;364.592773;;;;;;;;;;771.680603;781.283691;212.430740;;;;421.727386;725.801880;108.342171;;;
207;538.853943;702.162415;107.138153;;;;;;;454.759064;650.177002;96.053116;;;;;;;;;;;;;;;;;;;;;;;;;;;;861.432800;770.601257;364.586975;;;;;;;;;;771.617310;781.292419;212.508118;;;;421.602142;725.809204;108.304314;;;
208;538.834900;702.197021;107.344337;;;;;;;454.393372;650.114563;96.561440;;;;;;;;;;;;;;;;;;;;;;;;;;;;861.730408;770.689514;364.218964;;;;;;;;;;771.562378;781.389709;212.652390;;;;421.515961;725.818604;108.238159;;;
209;538.706787;702.253174;107.526489;;;;;;;454.493286;650.121094;96.373955;;;;;;;;;;;;;;;;;;;;;;;;;;;;861.807861;770.583008;364.509979;;;;;;;;;;771.444763;781.408325;212.792938;;;;421.375916;725.829956;108.116684;;;
210;538.585266;702.262939;107.671623;;;;;;;454.407715;650.359192;96.117210;;;;;;;;;;;;;;;;;;;;;;;;;;;;861.810303;770.589478;364.605133;;;;;;;;;;771.338013;781.495789;213.016281;;;;;;;;;
211;538.464111;702.144653;107.768990;;;;;;;454.250214;650.265198;96.463463;;;;;;;;;;;;;;;;;;;;;;;;;;;;861.934753;770.671814;364.739655;;;;;;;;;;771.252686;781.618591;213.260864;;;;;;;;;
212;538.498535;702.175720;107.842606;;;;;;;454.021423;650.277039;96.535561;;;;;;;;;;;;;;;;;;;;;;;;;;;;862.157104;770.692444;364.790741;;;;;;;;;;771.091248;781.650818;213.386719;;;;;;;;;
213;538.363831;702.165710;108.058250;;;;;;;453.735809;650.381165;96.452354;;;;;;;;;;;;;;;;;;;;;;;;;;;;862.292480;770.680664;364.809326;;;;;;;;;;771.100769;781.710449;213.528793;;;;;;;;;
214;538.142639;702.291321;108.509041;;;;;;;453.489166;650.385132;96.756416;;;;;;;;;;;;;;;;;;;;;;;;;;;;862.448364;770.866272;364.857330;;;;;;;;;;771.080505;781.800842;213.709442;;;;;;;;;
215;537.977966;702.387085;108.826057;;;;;;;453.259888;650.363708;97.193054;;;;;;;;;;;;;;;;;;;;;;;;;;;;862.562378;770.890442;364.952789;;;;;;;;;;770.897949;781.775635;214.608963;;;;;;;;;
216;537.809326;702.506287;109.117363;;;;;;;453.115845;650.298645;97.422295;;;;;;;;;;;;;;;;;;;;;;;;;;;;862.724243;770.963135;365.020569;;;;;;;;;;770.632935;781.974854;215.259384;;;;;;;420.232574;725.867188;107.604507
217;537.555725;702.681274;109.641037;;;;;;;452.964722;650.261353;97.575264;;;;;;;;;;;;;;;;;;;;;;;;;;;;862.939087;770.944336;365.094818;;;;;;;;;;770.567078;782.137939;215.726974;;;;;;;420.051178;725.875854;107.625420
218;537.367249;702.890503;110.072807;;;;;;;453.084991;650.382080;97.404518;;;;;;;;;;;;;;;;;;;;;;;;;;;;863.138916;771.016602;365.174072;;;;;;;;;;;;;;;;;;;419.914551;725.851379;107.692680
219;537.225220;703.134521;110.390892;;;;;;;452.983887;650.507324;97.608368;;;;;;;;;;;;;;;;;;;;;;;;;;;;863.219788;771.195984;365.398865;;;;;;;;;;;;;;;;;;;419.739319;725.874390;107.756523
220;537.022400;703.366150;110.743965;;;;;;;452.933685;650.553833;97.817444;;;;;;;;;;;;;;;;;;;;;;;;;;;;863.647278;771.277954;365.378510;;;;;;;;;;;;;;;;;;;419.519714;725.882202;107.846931
221;537.092224;703.439453;110.990623;;;;;;;452.946747;650.726929;98.002792;;;;;;;;;;;;;;;;;;;;;;;;;;;;864.016479;771.334351;365.414551;;;;;;;;;;;;;;;;;;;419.451416;725.979797;107.972076
222;537.249512;703.541504;111.232742;;;;;;;453.073456;650.844788;98.188766;;;;;;;;;;;;;;;;;;;;;;;;;;;;864.244080;771.394836;365.552460;;;;;;;;;;;;;;;;;;;419.360291;726.186829;108.000969
