Grasp116;;;;;;;;;;;;;;;;;;;;;;;;;;;;;;;;;;;;;;;;;;;;;;;;;;;;;;;;;;;;;;;
Date:;2025/04/23;;;;;;;;;;;;;;;;;;;;;;;;;;;;;;;;;;;;;;;;;;;;;;;;;;;;;;;;;;;;;;
Time:;16:08:14;;;;;;;;;;;;;;;;;;;;;;;;;;;;;;;;;;;;;;;;;;;;;;;;;;;;;;;;;;;;;;
Type:;test;;;;;;;;;;;;;;;;;;;;;;;;;;;;;;;;;;;;;;;;;;;;;;;;;;;;;;;;;;;;;;
Description:;"";;;;;;;;;;;;;;;;;;;;;;;;;;;;;;;;;;;;;;;;;;;;;;;;;;;;;;;;;;;;;;
Notes:;"";;;;;;;;;;;;;;;;;;;;;;;;;;;;;;;;;;;;;;;;;;;;;;;;;;;;;;;;;;;;;;
TRAJECTORIES;;;;;;;;;;;;;;;;;;;;;;;;;;;;;;;;;;;;;;;;;;;;;;;;;;;;;;;;;;;;;;;
200.000000;Hz;;;;;;;;;;;;;;;;;;;;;;;;;;;;;;;;;;;;;;;;;;;;;;;;;;;;;;;;;;;;;;
;*1;;;*2;;;*3;;;*4;;;*5;;;*6;;;*7;;;*8;;;*9;;;*10;;;*11;;;*12;;;*13;;;*14;;;*15;;;*16;;;*17;;;*18;;;*19;;;*20;;;*21;;
Field #;X;Y;Z;X;Y;Z;X;Y;Z;X;Y;Z;X;Y;Z;X;Y;Z;X;Y;Z;X;Y;Z;X;Y;Z;X;Y;Z;X;Y;Z;X;Y;Z;X;Y;Z;X;Y;Z;X;Y;Z;X;Y;Z;X;Y;Z;X;Y;Z;X;Y;Z;X;Y;Z;X;Y;Z
1;900.740845;839.550415;70.303955;852.888000;758.940308;33.143234;1157.780518;884.036316;423.385376;1130.660645;929.099854;269.516632;767.153503;823.583496;44.360748;;;;;;;;;;;;;;;;;;;;;;;;;;;;;;;;;;;;;;;;;;;;;;;;
2;900.671021;839.541748;70.524315;853.062561;758.843994;33.073109;1157.798340;884.109985;423.265625;1130.988281;929.205139;269.410156;766.959167;823.843201;44.941963;;;;;;;;;;;;;;;;;;;;;;;;;;;;;;;;;;;;;;;;;;;;;;;;
3;900.691895;839.563477;70.755272;853.258606;758.778625;33.094479;1157.888672;884.178406;423.104004;1131.336304;929.116211;269.199860;766.783020;823.927002;45.336109;;;;;;;;;;;;;;;;;;;;;;;;;;;;;;;;;;;;;;;;;;;;;;;;
4;900.684387;839.528748;70.937057;853.380005;758.743835;33.094021;1157.838257;884.249329;423.042725;1131.664307;929.023499;268.961273;766.776184;824.086426;45.574375;;;;;;;;;;;;;;;;;;;;;;;;;;;;;;;;;;;;;;;;;;;;;;;;
5;900.667480;839.519165;71.015404;853.424255;758.635742;33.145214;1157.806641;884.251953;422.925323;1131.894653;928.910706;268.760956;766.688416;824.269470;45.842991;;;;;;;;;;;;;;;;;;;;;;;;;;;;;;;;;;;;;;;;;;;;;;;;
6;900.620544;839.469299;71.116486;853.351807;758.658936;33.052052;1157.804321;884.198792;422.785461;1132.069336;928.754578;268.529144;766.675781;824.471436;46.027401;;;;;;;;;;;;;;;;;;;;;;;;;;;;;;;;;;;;;;;;;;;;;;;;
7;900.584717;839.470154;71.129517;853.062683;758.830933;32.669361;1157.700928;884.146179;422.542938;1132.224121;928.488037;268.192474;766.573120;824.612305;46.066566;;;;;;;;;;;;;;;;;;;;;;;;;;;;;;;;;;;;;;;;;;;;;;;;
8;900.556824;839.472107;71.088203;853.270630;758.716553;32.988052;1157.697021;884.170227;422.464752;1132.413696;928.101563;267.791779;766.472595;824.740356;46.005951;;;;;;;;;;;;;;;;;;;;;;;;;;;;;;;;;;;;;;;;;;;;;;;;
9;900.530762;839.421021;71.006935;853.327698;758.494812;33.244675;1157.661377;884.098145;422.276703;1132.582886;927.796143;267.562836;766.448059;824.854614;45.856045;;;;;;;;;;;;;;;;;;;;;;;;;;;;;;;;;;;;;;;;;;;;;;;;
10;900.518982;839.405823;70.944916;853.287415;758.433838;33.300270;1157.498901;884.008057;422.146027;1132.612061;927.497559;267.366669;766.388672;824.884705;45.603531;;;;;;;;;;;;;;;;;;;;;;;;;;;;;;;;;;;;;;;;;;;;;;;;
11;900.467957;839.364319;71.064842;853.237305;758.373413;33.268684;1157.371582;883.917480;421.938599;1132.574951;927.348694;267.356415;766.101440;825.189087;45.458233;;;;;;;;;;;;;;;;;;;;;;;;;;;;;;;;;;;;;;;;;;;;;;;;
12;900.355530;839.263489;71.076981;853.156616;758.336609;33.287006;1157.274414;883.818909;421.825897;1132.565552;927.186523;267.164612;766.137268;825.055603;45.283813;;;;;;;;;;;;;;;;;;;;;;;;;;;;;;;;;;;;;;;;;;;;;;;;
13;900.235779;839.282471;71.253807;853.022217;758.262085;33.279423;1157.166260;883.694214;421.696838;1132.598145;926.956787;267.025940;765.820007;825.202515;45.099991;;;;;;;;;;;;;;;;;;;;;;;;;;;;;;;;;;;;;;;;;;;;;;;;
14;900.133911;839.283813;71.368042;852.987244;758.118469;33.236439;1157.128296;883.609924;421.528778;1132.506226;926.844666;266.646484;765.580933;825.261353;45.004749;;;;;;;;;;;;;;;;;;;;;;;;;;;;;;;;;;;;;;;;;;;;;;;;
15;900.115417;839.145325;71.291763;853.019287;757.970825;33.292664;1157.055664;883.609009;421.339600;1132.703125;926.635681;266.725311;765.541199;825.250793;45.006477;;;;;;;;;;;;;;;;;;;;;;;;;;;;;;;;;;;;;;;;;;;;;;;;
16;900.076233;839.114258;71.352150;852.855652;757.882874;33.300251;1156.992310;883.557068;421.213959;1132.813354;926.530273;266.552368;765.398987;825.203430;45.063732;;;;;;;;;;;;;;;;;;;;;;;;;;;;;;;;;;;;;;;;;;;;;;;;
17;900.090210;839.094727;71.465660;852.767456;757.798828;33.364307;1156.996216;883.444946;421.070068;1132.984863;926.415344;266.359131;765.306702;825.202271;45.250557;;;;;;;;;;;;;;;;;;;;;;;;;;;;;;;;;;;;;;;;;;;;;;;;
18;900.003601;838.984558;71.669342;852.799988;757.808838;33.113617;1157.042725;883.362366;420.868286;1133.265015;926.364746;265.916748;765.632690;824.914185;45.566460;;;;;;;;;;;;;;;;;;;;;;;;;;;;;;;;;;;;;;;;;;;;;;;;
19;899.931519;838.909119;71.875580;852.863892;757.636780;33.113037;1157.098633;883.318604;420.773621;1133.615601;926.259827;265.544647;765.708069;824.798828;46.111885;;;;;;;;;;;;;;;;;;;;;;;;;;;;;;;;;;;;;;;;;;;;;;;;
20;899.924194;838.782593;72.128838;852.923401;757.446045;33.371311;1157.099609;883.206177;420.543182;1134.028931;926.130859;265.265106;765.193176;824.782288;47.135246;;;;;;;;;;;;;;;;;;;;;;;;;;;;;;;;;;;;;;;;;;;;;;;;
21;899.901978;838.713623;72.424294;853.125122;757.169189;33.635231;1157.071167;883.152222;420.343567;1134.477661;926.009949;264.853546;764.952942;824.642273;48.034061;;;;;;;;;;;;;;;;;;;;;;;;;;;;;;;;;;;;;;;;;;;;;;;;
22;899.903564;838.544556;72.805756;853.399231;756.674744;34.086231;1156.999634;883.153870;420.158936;1134.768433;925.767395;264.565460;764.960449;824.294128;48.838081;;;;;;;;;;;;;;;;;;;;;;;;;;;;;;;;;;;;;;;;;;;;;;;;
23;899.797424;838.386841;73.186394;853.623840;755.705139;35.133430;1156.884521;883.098206;419.937836;1135.014404;925.670166;264.143127;765.052612;823.985962;49.456676;;;;;;;;;;;;;;;;;;;;;;;;;;;;;;;;;;;;;;;;;;;;;;;;
24;899.523438;838.274658;73.768570;853.983154;754.939514;36.135437;1156.764404;883.141541;419.593353;1135.180908;925.602539;263.940521;764.857971;823.827454;50.581497;;;;;;;;;;;;;;;;;;;;;;;;;;;;;;;;;;;;;;;;;;;;;;;;
25;898.932800;837.544739;75.246040;853.901794;754.489868;37.040066;1156.593018;883.153320;419.266083;1135.697388;925.434814;263.584351;764.934631;823.182739;51.729450;;;;;;;;;;;;;;;;;;;;;;;;;;;;;;;;;;;;;;;;;;;;;;;;
26;899.055664;837.627686;75.502098;854.248535;753.801086;38.033138;1156.164429;883.261475;418.975067;1136.526123;925.307617;263.103058;764.652161;822.709961;53.288288;;;;;;;;;;;;;;;;;;;;;;;;;;;;;;;;;;;;;;;;;;;;;;;;
27;899.054382;836.857544;76.899940;854.406067;753.004089;39.975811;1156.394531;883.104614;418.635559;1137.171631;924.988403;262.607910;764.654785;822.180969;54.487125;;;;;;;;;;;;;;;;;;;;;;;;;;;;;;;;;;;;;;;;;;;;;;;;
28;899.125183;836.665222;77.305611;855.338318;752.002991;41.373371;1156.393066;883.031799;418.378601;1137.983643;924.514282;262.241852;764.835999;821.576599;55.699005;;;;;;;;;;;;;;;;;;;;;;;;;;;;;;;;;;;;;;;;;;;;;;;;
29;899.086304;835.965698;78.427917;855.978760;751.027283;42.724564;1156.278442;883.074890;418.107452;1138.171021;924.449951;261.987610;764.679077;820.884277;57.451412;;;;;;;;;;;;;;;;;;;;;;;;;;;;;;;;;;;;;;;;;;;;;;;;
30;899.329163;835.429199;79.037651;856.733215;749.668823;44.471653;1156.090942;883.011597;417.890839;1138.377808;924.335938;261.824707;764.679993;820.314880;59.228477;;;;;;;;;;;;;;;;;;;;;;;;;;;;;;;;;;;;;;;;;;;;;;;;
31;899.192139;834.640076;79.962784;856.836792;748.896606;46.157166;1156.015259;883.058472;417.546478;1139.067871;924.111938;261.389465;764.811157;819.450745;60.908833;;;;;;;;;;;;;;;;;;;;;;;;;;;;;;;;;;;;;;;;;;;;;;;;
32;898.958069;834.066589;80.933495;858.042236;747.376770;48.291424;1155.936523;883.097046;417.297333;1139.983276;923.866272;260.876678;764.572937;818.599915;63.041374;;;;;;;;;;;;;;;;;;;;;;;;;;;;;;;;;;;;;;;;;;;;;;;;
33;899.074707;833.465271;82.295799;859.042236;745.750977;50.119610;1155.924072;883.047058;417.223083;1140.900024;923.648438;260.470520;764.314697;817.411682;65.310066;;;;;;;;;;;;;;;;;;;;;;;;;;;;;;;;;;;;;;;;;;;;;;;;
34;899.289063;832.657593;83.652817;859.731262;744.606140;52.142242;1155.861938;883.023865;417.034668;1141.615601;923.388550;260.191467;764.559937;816.415955;67.478172;;;;;;;;;;;;;;;;;;;;;;;;;;;;;;;;;;;;;;;;;;;;;;;;
35;899.527771;831.043274;85.126816;860.595093;742.859680;54.761013;1155.770752;882.981201;416.886322;1142.127930;923.137451;260.096191;764.961243;814.736633;69.282654;;;;;;;;;;;;;;;;;;;;;;;;;;;;;;;;;;;;;;;;;;;;;;;;
36;899.504150;830.232910;86.031563;861.594421;741.228760;56.874264;1155.745117;883.006958;416.734039;1142.839844;923.023621;259.633301;765.263611;812.696716;71.559441;;;;;;;;;;;;;;;;;;;;;;;;;;;;;;;;;;;;;;;;;;;;;;;;
37;899.904236;829.270264;87.346420;862.456787;739.561768;59.395618;1155.692749;882.918091;416.541992;1143.709229;922.729370;259.017029;764.896606;810.986023;74.444191;;;;;;;;;;;;;;;;;;;;;;;;;;;;;;;;;;;;;;;;;;;;;;;;
38;900.351807;827.965149;88.705238;864.105713;737.268494;61.524895;1155.631958;882.934998;416.409210;1144.101318;922.562744;258.746094;765.232483;809.286316;76.529686;;;;;;;;;;;;;;;;;;;;;;;;;;;;;;;;;;;;;;;;;;;;;;;;
39;900.396973;826.413452;89.805397;865.428711;735.527161;63.707451;1155.802734;882.834595;416.216949;1144.427124;922.338501;258.700989;765.882690;806.943176;78.674507;;;;;;;;;;;;;;;;;;;;;;;;;;;;;;;;;;;;;;;;;;;;;;;;
40;900.668274;824.894409;91.488930;866.759155;733.477661;66.130081;1155.972046;882.761475;415.998352;1144.794556;922.059448;258.603577;766.563293;804.437561;81.544510;;;;;;;;;;;;;;;;;;;;;;;;;;;;;;;;;;;;;;;;;;;;;;;;
41;900.879822;823.229126;92.881271;867.585327;731.328674;68.947960;1156.045654;882.723083;415.798004;1145.409302;921.720825;258.211975;766.469360;802.388062;83.838173;;;;;;;;;;;;;;;;;;;;;;;;;;;;;;;;;;;;;;;;;;;;;;;;
42;901.271790;821.557800;93.863091;869.552368;729.097534;70.706551;1156.047363;882.667908;415.651306;1145.662964;921.571045;257.811737;766.601868;799.687500;86.298370;;;;;;;;;;;;;;;;;;;;;;;;;;;;;;;;;;;;;;;;;;;;;;;;
43;901.345337;819.664185;95.336426;870.902039;726.784302;73.177986;1155.942261;882.607849;415.306732;1146.268066;921.192688;257.049774;766.958740;797.039124;88.600174;;;;;;;;;;;;;;;;;;;;;;;;;;;;;;;;;;;;;;;;;;;;;;;;
44;901.665222;817.797852;97.024055;872.322510;724.297119;75.595535;1155.863647;882.524109;414.960632;1146.762817;920.615417;256.498901;767.459167;794.783569;91.081161;;;;;;;;;;;;;;;;;;;;;;;;;;;;;;;;;;;;;;;;;;;;;;;;
45;901.574280;816.111511;98.409691;873.331238;722.231689;79.064957;1155.914063;882.418762;414.762207;1146.961060;920.103394;256.251099;768.252930;792.238647;93.493233;;;;;;;;;;;;;;;;;;;;;;;;;;;;;;;;;;;;;;;;;;;;;;;;
46;901.934204;814.224304;99.448906;874.427673;720.179138;81.222511;1155.962524;882.309875;414.570557;1146.942871;919.697205;256.092224;768.288452;789.798950;95.733658;;;;;;;;;;;;;;;;;;;;;;;;;;;;;;;;;;;;;;;;;;;;;;;;
47;902.448059;812.168152;100.896866;876.059143;718.241821;83.525040;1155.875610;882.060486;414.340454;1147.079590;919.403503;255.907349;768.474548;787.305359;98.434464;;;;;;;;;;;;;;;;;;;;;;;;;;;;;;;;;;;;;;;;;;;;;;;;
48;902.424622;810.126343;102.253822;876.624573;715.181824;86.675323;1155.734497;881.908630;414.140411;1147.179810;919.117981;255.600906;768.555786;784.883789;100.470879;;;;;;;;;;;;;;;;;;;;;;;;;;;;;;;;;;;;;;;;;;;;;;;;
49;902.245178;808.162048;103.786034;877.733154;713.001587;89.628540;1155.643311;881.669556;413.954132;1147.374634;918.775635;255.170746;768.777039;782.566284;102.852699;;;;;;;;;;;;;;;;;;;;;;;;;;;;;;;;;;;;;;;;;;;;;;;;
50;902.193481;806.145386;105.029953;879.519165;710.619324;92.142868;1155.452026;881.551819;413.486755;1147.651489;918.435242;254.635895;769.204712;780.396118;104.569710;;;;;;;;;;;;;;;;;;;;;;;;;;;;;;;;;;;;;;;;;;;;;;;;
51;902.632263;804.301575;105.919861;880.309814;708.551514;94.549782;1155.202026;881.316650;413.250793;1147.759766;917.879211;254.060562;769.689941;777.675110;106.175301;;;;;;;;;;;;;;;;;;;;;;;;;;;;;;;;;;;;;;;;;;;;;;;;
52;902.768921;802.144104;107.039642;881.368225;705.889954;97.011040;1154.916138;881.090820;413.050842;1147.750244;917.168396;253.411423;769.356323;775.582153;108.248497;;;;;;;;;;;;;;;;;;;;;;;;;;;;;;;;;;;;;;;;;;;;;;;;
53;902.622742;800.274170;107.760223;882.256775;704.174988;99.119492;1154.665527;880.872803;412.888458;1147.908936;916.321960;252.571823;769.570862;772.923462;110.257355;;;;;;;;;;;;;;;;;;;;;;;;;;;;;;;;;;;;;;;;;;;;;;;;
54;902.536499;798.306458;108.770363;883.614319;701.692383;101.520668;1154.322388;880.679199;412.693512;1147.626831;915.895935;252.026566;769.627625;770.764099;112.176140;;;;;;;;;;;;;;;;;;;;;;;;;;;;;;;;;;;;;;;;;;;;;;;;
55;902.405518;796.108276;110.093773;884.189697;699.693359;103.386940;1153.961792;880.559692;412.357819;1147.501831;915.363770;251.595215;769.969055;768.478455;113.343178;;;;;;;;;;;;;;;;;;;;;;;;;;;;;;;;;;;;;;;;;;;;;;;;
56;901.998657;794.095337;110.995369;884.976074;697.303406;105.268387;1153.475098;880.406372;411.996124;1147.398315;914.711914;251.166214;770.129883;766.131042;115.023041;;;;;;;;;;;;;;;;;;;;;;;;;;;;;;;;;;;;;;;;;;;;;;;;
57;902.035156;792.235413;111.410858;885.559814;695.403015;106.947411;1153.066040;880.291992;411.624756;1147.176025;913.883850;250.768143;770.322815;763.558411;116.466339;;;;;;;;;;;;;;;;;;;;;;;;;;;;;;;;;;;;;;;;;;;;;;;;
58;902.723145;789.988281;111.724976;886.147034;693.208069;108.413010;1152.812256;880.118225;411.291443;1146.473022;913.230042;250.302780;770.014221;761.142334;117.574989;;;;;;;;;;;;;;;;;;;;;;;;;;;;;;;;;;;;;;;;;;;;;;;;
59;902.403992;787.974182;112.039162;887.558533;690.629272;109.483376;1152.446167;879.863525;410.961273;1145.967041;912.705872;249.757828;769.822510;758.879700;118.510338;;;;;;;;;;;;;;;;;;;;;;;;;;;;;;;;;;;;;;;;;;;;;;;;
60;901.426575;785.997437;112.772293;887.567505;689.024536;110.322777;1151.867676;879.780396;410.487061;1145.762695;911.964905;249.132065;770.420044;756.366211;119.493538;;;;;;;;;;;;;;;;;;;;;;;;;;;;;;;;;;;;;;;;;;;;;;;;
61;900.973267;784.230286;113.323151;888.373169;686.868713;111.555466;1151.356323;879.545837;410.135498;1145.437866;910.633667;247.940826;770.188477;754.230042;120.584145;;;;;;;;;;;;;;;;;;;;;;;;;;;;;;;;;;;;;;;;;;;;;;;;
62;901.410400;782.058472;113.684456;888.711487;684.682373;113.157654;1150.779175;879.106628;409.744934;1144.826782;909.971680;247.604507;769.863159;752.295532;121.471329;;;;;;;;;;;;;;;;;;;;;;;;;;;;;;;;;;;;;;;;;;;;;;;;
63;901.425476;780.156677;113.989708;888.787415;682.815979;113.911667;1150.207275;878.741699;409.279907;1144.198242;909.389832;247.201431;769.812744;749.897888;121.810921;;;;;;;;;;;;;;;;;;;;;;;;;;;;;;;;;;;;;;;;;;;;;;;;
64;900.937195;778.237793;114.169830;889.068726;680.896118;115.582596;1149.528931;878.508606;408.669922;1143.561646;908.558899;246.431717;769.967041;747.947998;122.100739;;;;;;;;;;;;;;;;;;;;;;;;;;;;;;;;;;;;;;;;;;;;;;;;
65;900.097107;776.469482;114.526611;888.862244;678.969299;116.782356;1149.148438;878.195557;408.360992;1143.166626;907.357422;245.634842;769.530579;745.994324;122.282349;;;;;;;;;;;;;;;;;;;;;;;;;;;;;;;;;;;;;;;;;;;;;;;;
66;899.889526;774.619446;114.730690;889.253113;676.797363;117.465851;1148.569336;877.961609;407.853455;1142.726440;906.455566;244.908829;768.951843;744.431458;122.623680;;;;;;;;;;;;;;;;;;;;;;;;;;;;;;;;;;;;;;;;;;;;;;;;
67;899.695618;772.922913;114.813438;888.845154;675.007751;118.324776;1148.107056;877.779236;407.326355;1141.905029;905.650269;244.084396;768.251404;742.786377;122.489304;;;;;;;;;;;;;;;;;;;;;;;;;;;;;;;;;;;;;;;;;;;;;;;;
68;899.271851;770.463745;114.720558;888.508179;673.499634;119.369583;1147.722656;877.568726;407.059967;1141.092407;904.694397;243.540161;767.994385;741.419678;122.189590;;;;;;;;;;;;;;;;;;;;;;;;;;;;;;;;;;;;;;;;;;;;;;;;
69;898.827271;768.491211;114.697075;888.255005;671.298645;120.471184;1147.361450;877.172241;406.653473;1140.001465;902.691895;243.447968;767.922302;740.021545;122.229858;;;;;;;;;;;;;;;;;;;;;;;;;;;;;;;;;;;;;;;;;;;;;;;;
70;898.636963;766.924438;114.491341;887.913818;669.408569;121.434021;1146.652954;876.849731;406.280121;1139.833130;902.009216;242.577606;767.176453;738.500305;122.289932;;;;;;;;;;;;;;;;;;;;;;;;;;;;;;;;;;;;;;;;;;;;;;;;
71;897.968811;765.435974;114.462570;887.488098;667.815186;122.406364;1145.824707;876.503784;405.785156;1138.789673;900.516907;241.928772;766.443909;737.259094;122.611870;;;;;;;;;;;;;;;;;;;;;;;;;;;;;;;;;;;;;;;;;;;;;;;;
72;897.194946;763.609009;114.326050;886.877808;665.611755;123.540428;1145.291260;876.217346;405.532532;1137.862671;900.617493;241.687057;765.785767;735.839417;122.598274;;;;;;;;;;;;;;;;;;;;;;;;;;;;;;;;;;;;;;;;;;;;;;;;
73;896.793274;761.759644;113.789337;886.675659;663.921387;124.005348;1144.793823;875.966003;405.191315;1136.758301;899.359375;240.491104;765.813110;733.765625;121.651459;;;;;;;;;;;;;;;;;;;;;;;;;;;;;;;;;;;;;;;;;;;;;;;;
74;896.983765;759.681213;113.527832;886.010498;662.318604;124.179314;1144.084229;875.778687;404.878571;1135.598999;898.197998;240.357529;765.323242;732.391663;121.434563;;;;;;;;;;;;;;;;;;;;;;;;;;;;;;;;;;;;;;;;;;;;;;;;
75;896.988586;757.771423;113.197342;885.241333;660.708130;124.126526;1143.178711;875.535278;404.444794;1134.695679;897.192871;239.806763;764.554688;731.146851;121.466545;;;;;;;;;;;;;;;;;;;;;;;;;;;;;;;;;;;;;;;;;;;;;;;;
76;896.376160;755.741333;113.903145;884.586121;658.504395;124.560181;1142.418335;875.302185;403.847687;1133.879150;896.425110;239.141998;763.905029;729.956299;121.473885;;;;;;;;;;;;;;;;;;;;;;;;;;;;;;;;;;;;;;;;;;;;;;;;
77;895.475464;753.971802;114.198372;884.263184;656.573303;125.003845;1141.899292;874.998718;403.455963;1132.804199;895.390076;238.326584;763.560669;728.254028;120.872551;;;;;;;;;;;;;;;;;;;;;;;;;;;;;;;;;;;;;;;;;;;;;;;;
78;894.715149;752.306946;113.880646;883.651062;654.805359;124.448982;1141.369873;874.688477;403.072601;1132.097046;894.573242;237.677902;763.263123;726.730530;120.574860;;;;;;;;;;;;;;;;;;;;;;;;;;;;;;;;;;;;;;;;;;;;;;;;
79;894.645020;750.595947;113.247993;882.613281;654.141602;124.354530;1140.925171;874.411377;402.722626;1131.338989;893.644714;237.002838;762.844360;725.426208;120.076141;;;;;;;;;;;;;;;;;;;;;;;;;;;;;;;;;;;;;;;;;;;;;;;;
80;894.045593;748.709290;112.501442;882.198242;651.377014;124.067116;1140.424438;874.127625;402.268951;1130.612793;892.559387;236.361984;762.179504;723.634277;119.389160;;;;;;;;;;;;;;;;;;;;;;;;;;;;;;;;;;;;;;;;;;;;;;;;
81;893.391541;746.924133;111.881660;881.470093;649.380188;123.401749;1139.697876;873.890930;401.786194;1129.561890;891.452942;235.851685;761.579956;722.151672;118.749008;;;;;;;;;;;;;;;;;;;;;;;;;;;;;;;;;;;;;;;;;;;;;;;;
82;893.398254;745.201233;111.204491;879.803345;647.527954;123.572380;1138.816895;873.561401;401.757263;1128.951416;890.407410;235.463928;761.251343;720.623474;118.053955;;;;;;;;;;;;;;;;;;;;;;;;;;;;;;;;;;;;;;;;;;;;;;;;
83;893.283020;743.466492;110.804810;879.659119;646.128967;122.778656;1137.854004;873.278687;401.414612;1128.452759;889.341919;234.725082;761.082825;719.384888;117.464607;;;;;;;;;;;;;;;;;;;;;;;;;;;;;;;;;;;;;;;;;;;;;;;;
84;892.657837;741.939270;110.614189;878.800232;644.012512;121.736526;1136.924561;873.063477;401.194702;1127.514160;888.225647;234.050232;760.600769;718.273254;117.143471;;;;;;;;;;;;;;;;;;;;;;;;;;;;;;;;;;;;;;;;;;;;;;;;
85;891.898560;740.077942;110.441322;877.505249;641.710693;121.449791;1136.332520;872.897827;400.971161;1126.281128;887.193909;233.587646;759.985657;716.837097;116.470543;;;;;;;;;;;;;;;;;;;;;;;;;;;;;;;;;;;;;;;;;;;;;;;;
86;891.367310;738.690857;109.893860;876.305481;639.893372;121.300537;1135.461914;872.701721;400.583466;1125.304565;886.479614;233.262115;759.330872;715.671936;115.618149;;;;;;;;;;;;;;;;;;;;;;;;;;;;;;;;;;;;;;;;;;;;;;;;
87;890.904785;737.276672;109.716805;874.765259;638.543030;120.314110;1134.430786;872.396667;400.390381;1124.642212;885.496033;232.678757;758.807617;714.929077;114.684158;;;;;;;;;;;;;;;;;;;;;;;;;;;;;;;;;;;;;;;;;;;;;;;;
88;890.087585;735.893494;109.646057;872.592163;637.056885;119.731873;1133.650024;872.051453;400.083771;1123.572388;884.282593;232.060654;758.436523;713.957520;113.701256;;;;;;;;;;;;;;;;;;;;;;;;;;;;;;;;;;;;;;;;;;;;;;;;
89;889.073608;734.471619;109.454544;870.711243;635.630676;119.265495;1132.921631;871.817017;399.690552;1122.465820;883.397522;231.486099;757.940491;712.848877;112.649284;;;;;;;;;;;;;;;;;;;;;;;;;;;;;;;;;;;;;;;;;;;;;;;;
90;888.891785;732.846375;108.474480;868.532471;633.868774;118.168991;1132.365356;871.517639;399.183929;1121.714722;882.604370;230.991699;756.821777;712.275574;112.385017;;;;;;;;;;;;;;;;;;;;;;;;;;;;;;;;;;;;;;;;;;;;;;;;
91;888.695923;731.502869;107.523773;867.384277;632.243103;117.227203;1131.590088;871.309875;398.508331;1121.065430;881.531982;230.264297;755.979553;711.398682;111.659119;;;;;;;;;;;;;;;;;;;;;;;;;;;;;;;;;;;;;;;;;;;;;;;;
92;888.250793;730.017334;107.189575;865.009827;630.634644;116.305145;1130.657959;871.048462;398.114685;1120.143921;880.456604;229.341278;755.699158;710.022217;110.538788;;;;;;;;;;;;;;;;;;;;;;;;;;;;;;;;;;;;;;;;;;;;;;;;
93;887.880798;728.770142;107.280296;863.472778;629.020569;114.968033;1129.946533;870.711426;397.902893;1118.905273;879.821594;228.935974;755.839233;708.924255;109.911995;;;;;;;;;;;;;;;;;;;;;;;;;;;;;;;;;;;;;;;;;;;;;;;;
94;887.378479;727.320984;106.991020;861.570923;627.137085;114.267784;1129.124146;870.325073;397.621979;1118.088379;878.976013;228.670685;755.371643;707.972412;109.637383;;;;;;;;;;;;;;;;;;;;;;;;;;;;;;;;;;;;;;;;;;;;;;;;
95;886.959167;725.683044;106.163818;859.298706;626.175903;112.343796;1128.417114;870.129761;397.452057;1117.248657;877.796631;228.222839;754.617493;706.757202;109.291313;;;;;;;;;;;;;;;;;;;;;;;;;;;;;;;;;;;;;;;;;;;;;;;;
96;886.977844;724.353699;105.614792;856.657654;625.178894;110.370361;1127.681274;869.968933;397.137360;1116.294434;876.752747;227.757538;753.806946;705.627502;109.133759;;;;;;;;;;;;;;;;;;;;;;;;;;;;;;;;;;;;;;;;;;;;;;;;
97;886.741882;722.924438;104.806648;854.570435;623.971924;108.629631;1126.838745;869.821106;396.846985;1115.508423;876.095154;227.092590;753.596252;704.223328;108.758354;;;;;;;;;;;;;;;;;;;;;;;;;;;;;;;;;;;;;;;;;;;;;;;;
98;885.969788;721.548035;104.344910;853.095886;622.236511;107.483322;1125.887207;869.536987;396.529968;1114.934448;875.281128;226.518463;753.796631;702.595520;108.016411;;;;;;;;;;;;;;;;;;;;;;;;;;;;;;;;;;;;;;;;;;;;;;;;
99;884.587097;720.842773;104.699051;851.145142;621.347900;106.288689;1125.058105;869.255432;396.356781;1114.415649;874.261597;226.079849;754.573547;700.866760;107.300529;;;;;;;;;;;;;;;;;;;;;;;;;;;;;;;;;;;;;;;;;;;;;;;;
100;883.895691;719.892456;105.033699;848.654663;621.201660;104.731087;1124.308105;869.063599;395.969299;1113.436157;873.188782;225.656189;754.937744;699.176208;107.555901;;;;;;;;;;;;;;;;;;;;;;;;;;;;;;;;;;;;;;;;;;;;;;;;
101;883.676147;718.578003;105.031586;846.757324;620.465271;103.502007;1123.799316;868.853699;395.565247;1112.735229;872.391663;225.305496;755.245056;697.350342;107.859764;;;;;;;;;;;;;;;;;;;;;;;;;;;;;;;;;;;;;;;;;;;;;;;;
102;883.498657;717.401001;104.876053;844.724182;619.790405;102.530037;1122.906128;868.656433;394.786804;1112.263672;871.748657;224.784790;754.701416;695.597107;108.344971;;;;;;;;;;;;;;;;;;;;;;;;;;;;;;;;;;;;;;;;;;;;;;;;
103;883.081726;716.314026;105.128250;843.010986;619.406494;101.221436;1122.337158;868.401367;394.393921;1111.733887;870.929932;224.080780;755.090515;693.808899;108.441376;;;;;;;;;;;;;;;;;;;;;;;;;;;;;;;;;;;;;;;;;;;;;;;;
104;882.778320;715.299316;104.737091;840.733459;619.671997;100.003784;1121.836792;868.091064;394.156921;1111.277588;870.054565;223.733185;755.602844;691.984619;107.737724;;;;;;;;;;;;;;;;;;;;;;;;;;;;;;;;;;;;;;;;;;;;;;;;
105;882.741028;714.227417;104.230896;838.888489;619.929688;98.996597;1121.096436;867.744751;393.945374;1110.532104;869.185120;223.384064;756.031311;690.440613;107.445587;;;;;;;;;;;;;;;;;;;;;;;;;;;;;;;;;;;;;;;;;;;;;;;;
106;882.561401;713.338257;103.901817;836.677490;620.128052;98.437874;1120.242310;867.567505;393.673401;1109.897339;868.537292;222.997223;756.315796;689.020996;106.955055;;;;;;;;;;;;;;;;;;;;;;;;;;;;;;;;;;;;;;;;;;;;;;;;
107;882.184570;712.789551;103.757263;834.328674;620.640076;97.855797;1119.419800;867.419922;393.200592;1109.480957;868.056091;222.616440;756.787476;687.540527;106.208755;;;;;;;;;;;;;;;;;;;;;;;;;;;;;;;;;;;;;;;;;;;;;;;;
108;881.489502;712.222961;103.615166;832.793274;621.082092;97.216347;1118.685181;867.325195;392.899475;1108.942017;867.271545;221.945145;757.235168;686.324158;105.699165;;;;;;;;;;;;;;;;;;;;;;;;;;;;;;;;;;;;;;;;;;;;;;;;
109;880.694336;711.583618;103.586868;831.355957;621.479919;96.741829;1117.997192;867.145996;392.748688;1108.403564;866.491394;221.394272;757.400024;685.376709;105.044960;;;;;;;;;;;;;;;;;;;;;;;;;;;;;;;;;;;;;;;;;;;;;;;;
110;879.891541;710.954834;103.568192;829.934509;621.761169;96.018204;1117.250366;866.924133;392.683563;1107.712158;865.850403;221.182175;757.575684;684.246094;104.827255;;;;;;;;;;;;;;;;;;;;;;;;;;;;;;;;;;;;;;;;;;;;;;;;
111;879.327271;710.345764;103.621216;828.918579;621.706421;95.470222;1116.539307;866.723572;392.544861;1107.400269;865.339050;220.748550;758.138550;682.944946;104.375259;;;;;;;;;;;;;;;;;;;;;;;;;;;;;;;;;;;;;;;;;;;;;;;;
112;878.962524;709.772644;103.466499;828.368591;621.589722;95.395096;1115.843750;866.510193;392.480438;1106.946289;864.789734;220.308441;758.991516;681.458435;103.992088;;;;;;;;;;;;;;;;;;;;;;;;;;;;;;;;;;;;;;;;;;;;;;;;
113;878.708374;709.369446;103.551498;828.199707;621.357300;95.247345;1115.000610;866.488708;391.920410;1106.683716;864.322510;219.983749;759.751404;679.516541;104.037254;;;;;;;;;;;;;;;;;;;;;;;;;;;;;;;;;;;;;;;;;;;;;;;;
114;878.566956;708.846008;103.683014;827.805237;620.989075;94.909317;1114.502563;866.390320;391.497437;1106.472900;863.821045;219.718399;760.354004;678.049072;104.390297;;;;;;;;;;;;;;;;;;;;;;;;;;;;;;;;;;;;;;;;;;;;;;;;
115;878.356140;707.879883;104.192764;827.445190;620.597290;94.705246;1113.918213;866.226440;390.959778;1106.204712;863.364502;219.351212;760.372498;677.651245;104.419197;;;;;;;;;;;;;;;;;;;;;;;;;;;;;;;;;;;;;;;;;;;;;;;;
116;878.021484;707.218689;104.009575;827.140930;620.140808;94.524071;1113.505859;866.110840;390.732239;1105.985596;862.846558;218.928757;760.421631;677.087402;104.306557;;;;;;;;;;;;;;;;;;;;;;;;;;;;;;;;;;;;;;;;;;;;;;;;
117;877.827393;706.544800;103.993141;826.657166;619.679932;94.518684;1113.034790;865.880981;390.685120;1105.674072;862.406311;218.606918;760.450317;676.413452;104.266243;;;;;;;;;;;;;;;;;;;;;;;;;;;;;;;;;;;;;;;;;;;;;;;;
118;877.336731;706.056580;104.132660;826.331360;619.240540;94.442169;1112.463501;865.719849;390.719147;;;;760.521851;675.708557;104.428925;;;;;;;;;;;;;;;;;;;;;;;;;;;;;;;;;;;;;;;;;;;;;;;;
119;876.812500;705.722900;104.273659;826.021851;618.814636;94.477127;1111.806396;865.608948;390.491058;;;;760.541321;674.937683;104.405182;;;;;;;;;;;;;;;;;;;;;;;;;;;;;;;;;;;;;;;;;;;;;;;;
120;876.423889;705.405640;104.320862;825.809509;618.364746;94.389076;1110.960205;865.497925;390.115326;;;;760.560181;674.186279;104.433403;1104.042725;861.452637;218.364838;;;;;;;;;;;;;;;;;;;;;;;;;;;;;;;;;;;;;;;;;;;;;
121;876.298096;705.125305;104.256256;825.669983;617.960693;94.284042;1110.358154;865.467041;389.821442;;;;760.536194;673.561035;104.552261;1103.440674;861.425964;218.400085;;;;;;;;;;;;;;;;;;;;;;;;;;;;;;;;;;;;;;;;;;;;;
122;876.444702;704.654175;103.980148;825.551575;617.488220;94.155029;1109.839233;865.352722;389.796021;;;;760.352356;672.791870;104.683090;1102.968506;861.412231;218.361938;;;;;;;;;;;;;;;;;;;;;;;;;;;;;;;;;;;;;;;;;;;;;
123;876.254089;704.260376;103.997192;825.394348;617.134521;94.154984;1109.385986;865.222534;389.864624;;;;760.201599;672.074036;104.894836;1102.702148;861.380066;218.203796;;;;;;;;;;;;;;;;;;;;;;;;;;;;;;;;;;;;;;;;;;;;;
124;875.993286;703.928955;104.059540;825.309082;616.914124;94.254311;1108.751831;865.135803;390.003265;;;;760.072998;671.449585;104.958092;1102.340576;861.442322;218.127075;;;;;;;;;;;;;;;;;;;;;;;;;;;;;;;;;;;;;;;;;;;;;
125;875.680664;703.599121;104.159332;825.229736;616.671631;94.323860;1108.201660;865.044861;389.890900;;;;760.101624;671.064758;105.113266;1102.097656;861.437744;218.050064;;;;;;;;;;;;;;;;;;;;;;;;;;;;;;;;;;;;;;;;;;;;;
126;874.975098;703.419250;104.511223;825.008362;616.480347;94.502769;1107.769165;864.931946;389.765381;;;;759.959412;670.690369;105.122452;1101.660400;861.337646;218.010345;;;;;;;;;;;;;;;;;;;;;;;;;;;;;;;;;;;;;;;;;;;;;
127;874.398926;703.071472;104.728355;824.927185;616.135681;94.378883;1107.138306;864.938477;389.620422;;;;759.783264;670.358459;105.117241;1101.156860;861.309998;217.905548;;;;;;;;;;;;;;;;;;;;;;;;;;;;;;;;;;;;;;;;;;;;;
128;873.784180;702.778625;104.879250;824.757080;615.828796;94.376808;1106.613159;864.882996;389.532471;;;;759.579407;669.861206;105.452606;1100.618896;861.396301;217.840897;;;;;;;;;;;;;;;;;;;;;;;;;;;;;;;;;;;;;;;;;;;;;
129;873.256287;702.602600;104.995102;824.500305;615.720886;94.505852;1105.963745;864.849854;389.368958;;;;759.279541;669.480835;105.591286;1099.963623;861.271118;217.794785;;;;;;;;;;;;;;;;;;;;;;;;;;;;;;;;;;;;;;;;;;;;;
130;872.947388;702.462524;105.121452;824.345459;615.642151;94.493362;1105.396362;864.884644;389.317810;;;;759.004456;669.176453;105.597847;1099.612305;860.950562;218.065842;;;;;;;;;;;;;;;;;;;;;;;;;;;;;;;;;;;;;;;;;;;;;
131;872.975281;702.213623;105.138260;824.151733;615.493713;94.538185;1104.855591;864.841736;389.394623;;;;758.754395;668.886108;105.651833;1098.937988;860.937073;218.242844;;;;;;;;;;;;;;;;;;;;;;;;;;;;;;;;;;;;;;;;;;;;;
132;872.818481;702.040405;105.183235;823.937256;615.390625;94.668060;1104.256226;864.748230;389.507446;;;;758.634949;668.671997;105.277084;1098.254150;861.116394;218.439240;;;;;;;;;;;;;;;;;;;;;;;;;;;;;;;;;;;;;;;;;;;;;
133;872.630920;701.850830;105.198196;823.698853;615.251526;94.751312;1103.700562;864.690002;389.735657;;;;758.429077;668.464172;105.203247;1097.628174;861.245544;218.490906;;;;;;;;;;;;;;;;;;;;;;;;;;;;;;;;;;;;;;;;;;;;;
134;872.322327;701.808228;105.196716;823.493713;615.156677;94.827782;1103.615845;864.441589;389.997681;;;;758.352417;668.541748;104.662392;1097.177734;861.412048;218.461105;;;;;;;;;;;;;;;;;;;;;;;;;;;;;;;;;;;;;;;;;;;;;
135;871.949219;701.803162;105.118599;823.312134;615.128235;94.888481;1103.177734;864.338623;390.015198;;;;758.273010;668.432312;104.380333;1096.965820;861.498535;218.428711;;;;;;;;;;;;;;;;;;;;;;;;;;;;;;;;;;;;;;;;;;;;;
136;871.592896;701.803162;105.036392;823.117065;615.036804;94.985878;1102.555786;864.322998;389.896667;;;;758.083191;668.212036;104.397171;1096.769653;861.612000;218.337631;;;;;;;;;;;;;;;;;;;;;;;;;;;;;;;;;;;;;;;;;;;;;
137;871.388611;701.710266;105.062050;822.753601;614.989380;94.976151;1101.968750;864.377808;389.769440;;;;757.832275;668.062927;104.434639;1096.414917;861.767578;218.306732;;;;;;;;;;;;;;;;;;;;;;;;;;;;;;;;;;;;;;;;;;;;;
138;871.208435;701.673157;105.102661;822.821106;614.967651;95.036682;1101.514526;864.339783;389.736633;;;;757.570007;667.838074;104.641045;1096.155762;861.853210;218.371307;;;;;;;;;;;;;;;;;;;;;;;;;;;;;;;;;;;;;;;;;;;;;
139;870.978394;701.680481;104.966919;822.817932;614.914856;95.033005;1100.905029;864.355408;389.950714;;;;757.337891;667.669006;104.737183;1095.817627;861.990356;218.346893;;;;;;;;;;;;;;;;;;;;;;;;;;;;;;;;;;;;;;;;;;;;;
140;870.920532;701.598938;104.973366;822.742676;614.903076;95.005066;1100.500244;864.266174;390.302826;;;;757.179443;667.539490;104.745872;1095.704834;862.091248;218.035538;;;;;;;;;;;;;;;;;;;;;;;;;;;;;;;;;;;;;;;;;;;;;
141;870.962036;701.527222;104.854454;822.617188;614.892517;95.044838;1099.927002;864.261230;390.420898;;;;757.081909;667.433350;104.746346;1095.327637;862.235291;217.981079;;;;;;;;;;;;;;;;;;;;;;;;;;;;;;;;;;;;;;;;;;;;;
142;870.725281;701.537720;104.881775;822.643494;615.156494;94.866730;1099.357422;864.289429;390.498260;;;;756.942017;667.327148;104.758240;1094.580688;862.504517;218.203568;;;;;;;;;;;;;;;;;;;;;;;;;;;;;;;;;;;;;;;;;;;;;
143;870.302734;701.707092;105.024513;822.588074;615.065247;95.118790;1098.788452;864.206970;390.571014;;;;756.843933;667.303040;104.784294;1093.973511;862.766541;218.441925;;;;;;;;;;;;;;;;;;;;;;;;;;;;;;;;;;;;;;;;;;;;;
144;869.807373;701.838013;105.264168;822.427246;615.016357;95.335815;1098.446777;864.105896;390.505981;;;;756.706848;667.208130;104.724091;1093.016724;863.110657;218.978134;;;;;;;;;;;;;;;;;;;;;;;;;;;;;;;;;;;;;;;;;;;;;
145;869.401123;701.998901;105.407875;822.245422;614.973511;95.560005;1097.990112;864.072815;390.389099;;;;756.587463;667.188049;104.698166;1092.250732;863.423279;219.276962;;;;;;;;;;;;;;;;;;;;;;;;;;;;;;;;;;;;;;;;;;;;;
146;869.303894;702.110229;105.488602;821.950806;615.028870;95.973145;1097.622925;863.975037;390.358704;;;;756.418213;667.189819;104.702652;1092.081665;863.758362;219.261612;;;;;;;;;;;;;;;;;;;;;;;;;;;;;;;;;;;;;;;;;;;;;
147;869.171082;702.249329;105.535339;821.749023;615.142639;96.128380;1097.132446;864.022766;390.441864;;;;756.307068;667.205505;104.735970;1091.873047;863.959839;219.248627;;;;;;;;;;;;;;;;;;;;;;;;;;;;;;;;;;;;;;;;;;;;;
148;869.040527;702.417786;105.597214;821.738342;615.271240;96.217422;1096.490234;864.037903;390.638123;;;;756.220032;667.276672;104.748230;1091.607178;864.144104;219.354050;;;;;;;;;;;;;;;;;;;;;;;;;;;;;;;;;;;;;;;;;;;;;
149;868.916443;702.602844;105.700104;820.948486;615.738220;96.442566;1095.919678;864.040710;390.734283;;;;756.142212;667.317749;104.798180;1091.494629;864.337158;219.665863;;;;;;;;;;;;;;;;;;;;;;;;;;;;;;;;;;;;;;;;;;;;;
150;868.694519;702.777161;105.725395;821.401550;615.744385;96.521065;1095.402222;864.029175;390.906464;;;;756.044312;667.393860;104.781342;1091.264282;864.606201;219.820786;;;;;;;;;;;;;;;;;;;;;;;;;;;;;;;;;;;;;;;;;;;;;
151;868.353699;702.922546;105.750885;821.571411;615.807739;96.581032;1095.033081;864.102173;391.144806;;;;755.847290;667.431702;104.813629;1091.072754;864.761353;219.926880;;;;;;;;;;;;;;;;;;;;;;;;;;;;;;;;;;;;;;;;;;;;;
152;868.009277;703.106506;105.768959;821.432556;615.952820;96.652901;1094.508179;864.067566;391.270355;;;;755.737854;667.542969;104.820724;1090.999512;864.780640;220.025131;;;;;;;;;;;;;;;;;;;;;;;;;;;;;;;;;;;;;;;;;;;;;
153;867.758911;703.361328;105.757187;821.321167;616.172058;96.901550;1094.153564;864.023865;391.362396;;;;755.608582;667.677551;104.808090;1091.703979;864.535217;219.798462;;;;;;;;;;;;;;;;;;;;;;;;;;;;;;;;;;;;;;;;;;;;;
154;867.518677;703.588196;105.800957;821.266174;616.330627;97.026474;1094.014282;863.961426;391.422333;;;;755.464844;667.796082;104.816154;;;;;;;;;;;;;;;;;;;;;;;;;;;;;;;;;;;;;;;;;;;;;;;;
155;867.391174;703.738831;105.801857;821.153198;616.536682;97.175575;1093.720215;863.962341;391.447754;;;;755.326050;667.827454;104.907173;;;;1091.282959;864.763855;220.097290;;;;;;;;;;;;;;;;;;;;;;;;;;;;;;;;;;;;;;;;;;
156;867.297424;703.892456;105.822266;821.075500;616.790222;97.430771;1093.707642;863.750854;391.608124;;;;754.957886;667.885010;104.720680;;;;1090.430298;865.312012;220.387497;;;;;;;;;;;;;;;;;;;;;;;;;;;;;;;;;;;;;;;;;;
157;867.060425;703.963257;105.770218;820.892517;616.975281;97.575943;1093.498413;863.656677;391.728424;;;;754.671448;667.944824;104.661179;;;;1090.230713;865.624817;220.473190;;;;;;;;;;;;;;;;;;;;;;;;;;;;;;;;;;;;;;;;;;
158;867.120850;704.047302;105.668900;820.689026;617.216553;97.862747;1093.187012;863.615540;391.762451;;;;754.474060;668.056946;104.696854;;;;1089.975098;865.756042;220.516190;;;;;;;;;;;;;;;;;;;;;;;;;;;;;;;;;;;;;;;;;;
159;867.074036;704.378540;105.718353;820.612732;617.620300;97.668182;1092.668945;863.621826;391.758209;;;;754.252563;668.280579;104.460068;;;;1089.873901;865.856323;220.580368;;;;;;;;;;;;;;;;;;;;;;;;;;;;;;;;;;;;;;;;;;
160;866.616028;704.793945;105.884499;820.360840;617.605835;97.962524;1092.053345;863.683044;391.869751;;;;754.109924;668.418945;104.268356;;;;1089.756714;865.972412;220.667145;;;;;;;;;;;;;;;;;;;;;;;;;;;;;;;;;;;;;;;;;;
161;866.301697;705.261169;106.538895;820.082214;617.645752;98.308395;1091.450562;863.746948;391.826019;;;;753.919250;668.607056;104.069542;;;;1089.562866;866.137573;220.828705;;;;;;;;;;;;;;;;;;;;;;;;;;;;;;;;;;;;;;;;;;
162;865.901001;705.795593;107.036934;819.821899;617.862183;98.426933;1090.842773;863.779236;391.894653;;;;753.616150;668.857788;103.924004;;;;1089.444824;866.236572;220.888474;;;;;;;;;;;;;;;;;;;;;;;;;;;;;;;;;;;;;;;;;;
163;865.407654;706.209595;107.373970;819.615967;618.132690;98.551430;1090.295288;863.832764;391.942261;;;;753.416748;668.990662;103.972908;;;;1089.237671;866.468018;221.019836;;;;;;;;;;;;;;;;;;;;;;;;;;;;;;;;;;;;;;;;;;
164;864.995667;706.465820;107.733658;819.414612;618.468201;98.661057;1089.874756;863.787659;392.074646;;;;753.122803;669.210815;104.080864;;;;1089.072510;866.625244;221.071991;;;;;;;;;;;;;;;;;;;;;;;;;;;;;;;;;;;;;;;;;;
165;864.462524;706.833984;108.261818;819.230652;618.686523;98.873848;1089.517456;863.808411;391.910980;;;;752.826904;669.421509;104.306564;;;;1088.931396;866.771851;221.192123;;;;;;;;;;;;;;;;;;;;;;;;;;;;;;;;;;;;;;;;;;
166;863.775330;707.065674;108.755188;818.870239;619.038452;99.494713;1089.183350;863.776306;391.848877;;;;752.566101;669.728882;104.434608;;;;1088.811768;866.856079;221.268936;;;;;;;;;;;;;;;;;;;;;;;;;;;;;;;;;;;;;;;;;;
167;863.529297;707.013428;109.039719;818.063354;619.328308;100.550423;1088.644897;863.817322;391.829437;;;;752.109558;670.103271;104.667694;;;;1088.565063;867.035400;221.411697;;;;;;;;;;;;;;;;;;;;;;;;;;;;;;;;;;;;;;;;;;
168;863.552002;707.082397;109.038628;817.817017;619.894104;101.233284;1088.301392;863.753784;391.717133;;;;751.341675;670.497559;105.550926;;;;1088.353638;867.178528;221.431046;;;;;;;;;;;;;;;;;;;;;;;;;;;;;;;;;;;;;;;;;;
169;863.329834;707.271423;109.109749;817.303589;620.547119;101.901543;1087.919800;863.709595;391.786041;;;;750.289673;670.842957;106.459602;;;;1088.375610;867.202698;221.498734;;;;;;;;;;;;;;;;;;;;;;;;;;;;;;;;;;;;;;;;;;
170;862.149048;707.887878;109.982445;816.606934;620.750305;102.946533;1087.368164;863.692566;392.052429;;;;749.516235;671.144165;107.310410;;;;1088.475464;867.212952;221.399887;;;;;;;;;;;;;;;;;;;;;;;;;;;;;;;;;;;;;;;;;;
171;860.844421;708.678284;111.555870;815.685059;620.994324;103.973320;1086.552368;863.697815;392.164581;;;;748.791382;671.549866;108.157509;;;;1088.244141;867.433411;221.397797;;;;;;;;;;;;;;;;;;;;;;;;;;;;;;;;;;;;;;;;;;
172;859.991211;709.178589;112.350754;814.775330;621.428772;105.125916;1085.600830;863.772400;392.329620;;;;748.282898;672.045959;108.776352;;;;1087.847168;867.592224;221.494995;;;;;;;;;;;;;;;;;;;;;;;;;;;;;;;;;;;;;;;;;;
173;859.446899;709.349854;113.441292;813.602844;621.835327;106.718491;1085.028687;863.806702;392.187775;;;;747.457275;672.553528;109.487038;;;;1087.087402;867.726563;222.088226;;;;;;;;;;;;;;;;;;;;;;;;;;;;;;;;;;;;;;;;;;
174;858.785828;709.551697;114.451042;812.408875;622.272827;108.177536;1084.416138;863.783752;392.056366;;;;746.359680;673.052734;110.447823;;;;1086.187134;868.001709;222.553711;;;;;;;;;;;;;;;;;;;;;;;;;;;;;;;;;;;;;;;;;;
175;857.244385;710.138367;115.424377;811.341431;622.747437;109.296494;1083.843872;863.849670;391.786865;;;;745.197021;673.494263;111.661812;;;;1085.605957;868.363892;222.283737;;;;;;;;;;;;;;;;;;;;;;;;;;;;;;;;;;;;;;;;;;
176;855.674133;710.657654;116.501366;810.259155;623.322327;110.690353;1083.234985;863.821594;391.814880;;;;743.598145;673.856079;113.677086;;;;1084.830444;868.531433;221.918015;;;;;;;;;;;;;;;;;;;;;;;;;;;;;;;;;;;;;;;;;;
177;854.584351;710.900452;117.205711;808.649231;623.696899;112.575584;1082.835205;863.700989;391.965363;;;;742.150024;674.554382;115.255638;;;;1084.270508;868.656616;221.880676;;;;;;;;;;;;;;;;;;;;;;;;;;;;;;;;;;;;;;;;;;
178;853.510376;711.649048;118.777649;807.060730;624.164856;114.197708;1082.179810;863.452332;392.315826;;;;741.065918;675.118774;116.105446;;;;1083.870483;868.714783;221.904358;;;;;;;;;;;;;;;;;;;;;;;;;;;;;;;;;;;;;;;;;;
179;851.835144;712.395142;119.891434;805.815186;624.744995;115.560112;1080.841431;863.509583;392.456696;;;;739.393738;675.426819;117.781273;;;;1083.280396;868.910889;221.940384;;;;;;;;;;;;;;;;;;;;;;;;;;;;;;;;;;;;;;;;;;
180;850.192810;712.715210;121.209320;804.033569;625.223938;117.258011;1080.207886;863.528625;392.338776;;;;737.292603;675.729004;119.802193;;;;1081.882690;869.291992;222.370010;;;;;;;;;;;;;;;;;;;;;;;;;;;;;;;;;;;;;;;;;;
181;848.158264;713.240723;122.828194;802.196045;625.756287;119.225822;1079.690918;863.528687;392.268585;;;;735.868713;676.354309;121.097694;;;;1080.606689;869.522644;222.850403;;;;;;;;;;;;;;;;;;;;;;;;;;;;;;;;;;;;;;;;;;
182;845.844971;714.112793;124.601440;800.277466;626.167969;120.932182;1078.991821;863.486572;392.168427;;;;733.669983;676.810120;123.260391;;;;1079.087158;869.628723;223.106735;;;;;;;;;;;;;;;;;;;;;;;;;;;;;;;;;;;;;;;;;;
183;843.917175;714.131042;126.159744;798.462952;626.747864;122.719513;1078.366577;863.342834;392.262238;;;;731.587585;677.340271;125.403755;;;;1077.949951;869.627441;223.099380;;;;;;;;;;;;;;;;;;;;;;;;;;;;;;;;;;;;;;;;;;
184;841.483093;714.851135;127.503571;795.640259;627.268860;124.694138;1077.307617;863.257080;392.398346;;;;729.415527;678.038452;127.191307;;;;1076.746460;869.791443;223.268051;;;;;;;;;;;;;;;;;;;;;;;;;;;;;;;;;;;;;;;;;;
185;839.802185;715.619507;129.379929;793.605103;627.730774;126.136848;1076.237427;863.211792;392.528534;;;;727.128357;678.268188;129.509079;;;;1075.596191;870.112549;223.294250;;;;;;;;;;;;;;;;;;;;;;;;;;;;;;;;;;;;;;;;;;
186;837.077637;716.305054;130.558624;791.329529;628.275085;128.342270;1075.413940;863.117615;392.575195;;;;725.025269;679.104065;131.135773;;;;1074.319580;869.940125;223.702148;;;;;;;;;;;;;;;;;;;;;;;;;;;;;;;;;;;;;;;;;;
187;835.180054;716.680786;131.721237;789.046204;628.948975;130.305649;1074.858643;863.065979;392.513641;;;;722.780029;679.381897;133.594803;;;;1072.731934;869.960999;223.888519;;;;;;;;;;;;;;;;;;;;;;;;;;;;;;;;;;;;;;;;;;
188;832.497925;717.313660;133.500946;786.474060;629.496216;132.173462;1074.184448;862.934082;392.595734;;;;720.322632;680.022949;135.383301;;;;1071.003784;870.308777;223.864166;;;;;;;;;;;;;;;;;;;;;;;;;;;;;;;;;;;;;;;;;;
189;829.895813;717.827637;135.849457;783.814392;630.222778;134.234543;1072.756836;862.933594;392.842377;;;;717.336182;680.471558;138.141083;;;;1069.149536;870.582764;224.127686;;;;;;;;;;;;;;;;;;;;;;;;;;;;;;;;;;;;;;;;;;
190;827.130554;718.364990;137.757278;781.039978;630.962097;135.862625;1071.564697;862.699036;393.031677;;;;714.667053;681.215698;139.912918;;;;1067.743408;870.481812;224.339172;;;;;;;;;;;;;;;;;;;;;;;;;;;;;;;;;;;;;;;;;;
191;;;;778.250122;631.337097;137.613007;1070.335083;862.560425;392.925323;;;;711.889465;681.721191;142.153976;;;;1065.432129;870.867249;224.472610;;;;;;;;;;;;;;;;;;;;;;;;;;;;;;;;;;;;;;;;;;
192;;;;775.404114;631.953064;139.952148;1069.375000;862.345276;392.801514;;;;708.914917;682.519531;144.170319;;;;1063.622681;870.852417;224.661911;820.953491;719.731506;140.852783;;;;;;;;;;;;;;;;;;;;;;;;;;;;;;;;;;;;;;;
193;;;;772.399902;632.535950;142.229782;1068.322144;862.160522;393.167908;;;;705.809509;682.958374;146.464569;;;;1061.714966;871.119751;225.064529;818.728882;720.616516;142.654907;;;;;;;;;;;;;;;;;;;;;;;;;;;;;;;;;;;;;;;
194;;;;769.186096;633.110229;143.823318;1067.112671;861.905334;393.518738;;;;702.778564;683.495422;148.772980;;;;1059.569824;871.184143;225.033325;815.149963;721.375183;144.562271;;;;;;;;;;;;;;;;;;;;;;;;;;;;;;;;;;;;;;;
195;;;;765.839233;633.943848;146.014099;1066.146240;861.695496;393.680634;;;;699.278564;684.365845;150.974091;;;;1057.317383;871.363586;224.923752;811.579163;722.248108;146.545166;;;;;;;;;;;;;;;;;;;;;;;;;;;;;;;;;;;;;;;
196;;;;762.722351;634.434082;148.230179;1064.976807;861.654297;393.324585;;;;696.226135;684.788940;153.298447;;;;1054.830933;871.786621;225.570480;808.731079;722.440247;148.250031;;;;;;;;;;;;;;;;;;;;;;;;;;;;;;;;;;;;;;;
197;;;;759.446838;635.376770;149.752991;1063.268433;861.560791;393.481323;;;;692.966919;685.599670;155.139496;;;;1052.578003;871.397217;226.022141;805.138000;723.158569;150.327316;;;;;;;;;;;;;;;;;;;;;;;;;;;;;;;;;;;;;;;
198;;;;755.999084;636.153442;151.557114;1061.776001;861.377197;393.853638;;;;689.490540;686.344604;157.606094;;;;1049.988037;871.819275;226.224350;801.497437;723.937744;152.027679;;;;;;;;;;;;;;;;;;;;;;;;;;;;;;;;;;;;;;;
199;;;;752.781372;637.022400;153.598373;1060.899048;861.175293;393.761597;;;;685.790833;687.001648;159.833969;;;;1047.668823;871.826233;226.746735;798.724854;724.437134;153.216675;;;;;;;;;;;;;;;;;;;;;;;;;;;;;;;;;;;;;;;
200;;;;748.997070;637.674377;155.648010;1059.650391;860.867920;394.159607;;;;682.503357;688.002075;161.519211;;;;1044.505249;872.160583;226.990051;795.252014;725.208801;155.187408;;;;;;;;;;;;;;;;;;;;;;;;;;;;;;;;;;;;;;;
201;;;;745.518066;638.061829;157.301361;1057.261597;860.860352;394.350677;;;;678.969910;688.700928;163.964554;;;;1042.263916;871.691101;227.529068;791.837341;726.484131;156.625214;;;;;;;;;;;;;;;;;;;;;;;;;;;;;;;;;;;;;;;
202;;;;741.621399;638.801758;158.952103;1055.951538;860.524902;394.397156;;;;675.145630;689.403625;166.086090;;;;1039.380859;872.121094;227.674423;788.264709;726.647766;158.014145;;;;;;;;;;;;;;;;;;;;;;;;;;;;;;;;;;;;;;;
203;;;;737.736389;639.684387;161.264404;1054.909790;860.087830;394.481934;;;;671.782471;690.317261;167.865936;;;;1036.572754;871.972107;228.137955;784.287659;727.247681;159.398239;;;;;;;;;;;;;;;;;;;;;;;;;;;;;;;;;;;;;;;
204;;;;733.510803;640.414307;162.970886;1052.876465;859.918152;394.871826;;;;668.067749;691.383179;169.591156;;;;1033.560425;872.334656;228.607391;780.642273;728.107727;161.617126;;;;;;;;;;;;;;;;;;;;;;;;;;;;;;;;;;;;;;;
205;;;;729.997681;641.263000;164.292435;1051.071899;859.815918;394.728333;;;;663.926208;692.014771;172.249527;;;;1030.241089;872.294800;228.958160;776.932678;728.541565;163.103683;;;;;;;;;;;;;;;;;;;;;;;;;;;;;;;;;;;;;;;
206;;;;725.926514;642.020020;165.739548;1049.467529;859.668762;394.531311;;;;660.034302;692.792114;174.203064;;;;1027.835693;872.185608;229.344955;773.303650;728.973450;164.874405;;;;;;;;;;;;;;;;;;;;;;;;;;;;;;;;;;;;;;;
207;;;;722.043396;642.538147;167.384003;1047.750732;859.174988;395.449524;;;;656.331116;693.824341;175.570358;;;;1024.914673;872.139771;229.489731;769.086670;729.892578;166.717575;;;;;;;;;;;;;;;;;;;;;;;;;;;;;;;;;;;;;;;
208;;;;717.928101;643.276306;168.423767;1046.128784;859.034119;395.314941;;;;652.205566;694.561707;177.811615;;;;1021.619934;872.167419;230.087540;765.142822;730.706726;168.434830;;;;;;;;;;;;;;;;;;;;;;;;;;;;;;;;;;;;;;;
209;;;;713.747925;643.960571;170.193924;1043.822998;858.950745;395.532562;;;;648.146790;695.256531;179.804123;;;;1018.115906;872.379883;230.217667;761.198914;731.101807;169.377716;;;;;;;;;;;;;;;;;;;;;;;;;;;;;;;;;;;;;;;
210;;;;709.664917;644.592346;171.834396;1042.193970;858.566589;395.718872;;;;644.296875;695.979614;181.164215;;;;1015.470276;872.039063;230.890717;757.570801;731.339355;171.385056;;;;;;;;;;;;;;;;;;;;;;;;;;;;;;;;;;;;;;;
211;;;;705.450562;645.388184;172.792847;1040.516968;858.290161;395.654114;;;;640.463501;697.037537;182.342209;;;;1011.934143;872.207947;231.154205;753.366455;732.176147;172.822510;;;;;;;;;;;;;;;;;;;;;;;;;;;;;;;;;;;;;;;
212;;;;701.530090;646.127014;173.666916;1037.963135;858.013672;396.259491;;;;636.562500;697.892334;183.886169;;;;1008.926208;872.050720;231.695526;749.298767;733.097290;174.035324;;;;;;;;;;;;;;;;;;;;;;;;;;;;;;;;;;;;;;;
213;;;;697.487671;646.936890;174.950470;1036.393677;857.562317;396.264771;;;;632.311401;698.505859;185.617859;;;;1005.637146;871.662903;231.960129;745.701172;733.554871;175.308578;;;;;;;;;;;;;;;;;;;;;;;;;;;;;;;;;;;;;;;
214;;;;692.992554;647.628601;176.130493;1034.022949;857.271240;396.805481;;;;628.053467;699.162109;187.170197;;;;1002.473572;871.792480;232.820786;741.247009;734.161133;176.397537;;;;;;;;;;;;;;;;;;;;;;;;;;;;;;;;;;;;;;;
215;;;;688.744812;648.336731;177.071121;1032.401001;856.918152;396.667847;;;;624.117004;699.996216;188.338394;;;;999.580994;871.255371;233.117569;736.998230;734.821350;177.848785;;;;;;;;;;;;;;;;;;;;;;;;;;;;;;;;;;;;;;;
216;;;;684.804749;648.844849;178.056458;1030.230347;856.662903;396.820679;;;;620.180298;701.027405;188.773499;;;;996.016357;871.303589;233.724091;733.312439;735.427979;178.485764;;;;;;;;;;;;;;;;;;;;;;;;;;;;;;;;;;;;;;;
217;;;;680.287903;649.508057;179.274261;1027.887817;856.437134;396.996399;;;;616.113098;701.794250;189.829941;;;;992.775146;871.009277;233.886383;728.994751;736.133606;179.239975;;;;;;;;;;;;;;;;;;;;;;;;;;;;;;;;;;;;;;;
218;;;;675.751343;650.293396;180.176147;1026.237427;855.826721;397.049011;;;;611.558838;702.493042;191.824722;;;;989.255615;870.994507;234.608643;725.133423;736.375732;180.210815;;;;;;;;;;;;;;;;;;;;;;;;;;;;;;;;;;;;;;;
219;;;;671.357849;651.079895;180.823822;1023.607361;855.561035;397.410370;;;;607.251587;703.456421;193.098511;;;;985.494263;870.602112;235.338501;721.295959;736.934814;181.192596;;;;;;;;;;;;;;;;;;;;;;;;;;;;;;;;;;;;;;;
220;;;;666.935059;651.692322;181.586319;1021.748352;855.161499;397.399384;;;;603.076843;704.450134;193.404785;;;;982.674072;870.266785;235.763275;716.826660;737.830322;181.796585;;;;;;;;;;;;;;;;;;;;;;;;;;;;;;;;;;;;;;;
221;;;;662.808228;652.398438;182.181488;1019.461792;854.729492;397.650116;;;;599.265198;705.492065;193.665405;;;;978.951721;870.256226;236.077591;712.925354;738.227295;182.539246;;;;;;;;;;;;;;;;;;;;;;;;;;;;;;;;;;;;;;;
222;;;;658.630249;653.296692;182.737946;1017.157104;854.515564;397.282990;;;;595.026245;706.196350;194.630005;;;;975.604980;869.761719;236.805054;709.102783;738.705566;183.015060;;;;;;;;;;;;;;;;;;;;;;;;;;;;;;;;;;;;;;;
223;;;;654.166748;653.967896;183.446335;1014.485352;854.528442;397.765656;;;;590.509583;707.002441;195.787445;;;;971.762878;869.460449;237.205429;705.092285;738.944458;183.800568;;;;;;;;;;;;;;;;;;;;;;;;;;;;;;;;;;;;;;;
224;;;;649.494324;654.538879;184.221100;1012.899902;853.664978;397.880219;;;;586.295410;707.851501;196.352676;;;;968.471985;869.394592;237.799011;700.206299;739.678772;185.020996;;;;;;;;;;;;;;;;;;;;;;;;;;;;;;;;;;;;;;;
225;;;;645.315125;655.081360;184.524918;1010.505859;853.200500;397.744232;;;;582.464905;708.843994;196.174377;;;;965.442749;868.755127;238.161026;696.354919;740.454346;185.629349;;;;;;;;;;;;;;;;;;;;;;;;;;;;;;;;;;;;;;;
226;;;;641.161133;655.741577;184.669968;1008.311340;852.693542;398.118866;;;;578.390015;709.633789;195.983826;;;;961.740540;868.632751;238.662689;692.823914;740.744995;185.640915;;;;;;;;;;;;;;;;;;;;;;;;;;;;;;;;;;;;;;;
227;;;;636.892273;656.298523;185.006760;1005.891541;852.266052;397.780121;;;;573.999634;710.248108;196.661057;;;;;;;688.935608;741.028564;185.756683;;;;;;;;;;;;;;;;;;;;;;;;;;;;;;;;;;;;;;;
228;;;;632.747192;656.853516;185.367508;1003.231567;852.107422;398.162964;;;;569.690186;710.945007;197.238708;;;;;;;684.532776;741.625305;186.202362;955.275452;867.835693;239.217102;;;;;;;;;;;;;;;;;;;;;;;;;;;;;;;;;;;;
229;;;;628.566284;657.583496;185.740616;1001.633606;851.370728;397.926697;;;;565.515259;711.988098;196.941132;;;;;;;680.471252;742.131531;186.495071;952.263123;867.326355;239.216949;;;;;;;;;;;;;;;;;;;;;;;;;;;;;;;;;;;;
230;;;;624.402466;658.291382;186.136429;998.594543;851.065735;398.243927;;;;561.572754;713.030212;196.917633;;;;;;;676.757141;742.643982;186.910004;948.568420;866.871216;239.585831;;;;;;;;;;;;;;;;;;;;;;;;;;;;;;;;;;;;
231;;;;620.197754;658.947083;186.318161;996.600220;850.394653;398.275787;;;;557.550964;713.638123;197.094559;;;;;;;672.739319;743.310364;187.155121;945.419861;866.333496;240.155945;;;;;;;;;;;;;;;;;;;;;;;;;;;;;;;;;;;;
232;;;;616.220093;659.599487;186.120789;993.636475;849.882446;398.193176;;;;553.522644;714.077759;197.193542;;;;;;;668.767822;743.648926;186.727371;942.535461;865.662170;240.126755;;;;;;;;;;;;;;;;;;;;;;;;;;;;;;;;;;;;
233;;;;611.800171;660.276184;186.086105;991.339661;849.453003;397.938965;;;;549.745972;714.854370;196.256927;;;;;;;665.155579;743.790344;186.752701;938.769348;865.312805;240.665253;;;;;;;;;;;;;;;;;;;;;;;;;;;;;;;;;;;;
234;;;;607.671997;660.598022;185.770218;989.262085;848.707458;397.804077;;;;546.304321;715.762085;195.208771;;;;;;;661.641968;744.079224;186.504333;935.530579;864.926514;240.972794;;;;;;;;;;;;;;;;;;;;;;;;;;;;;;;;;;;;
235;;;;603.884216;661.063965;185.219223;986.436157;848.318604;397.842010;;;;542.194885;716.280640;195.449127;;;;;;;657.646423;744.606628;186.321793;932.693604;864.172119;241.267014;;;;;;;;;;;;;;;;;;;;;;;;;;;;;;;;;;;;
236;;;;599.911316;661.650940;184.906311;984.090027;847.441162;397.433258;;;;538.145081;717.111450;195.426590;;;;;;;654.397156;744.939148;185.861328;929.067749;863.545654;241.371918;;;;;;;;;;;;;;;;;;;;;;;;;;;;;;;;;;;;
237;;;;595.823792;662.034302;184.458984;981.569580;846.944580;397.565430;;;;534.551697;717.929688;194.563782;;;;;;;650.752869;745.083618;185.636185;926.069702;863.091064;241.758606;;;;;;;;;;;;;;;;;;;;;;;;;;;;;;;;;;;;
238;;;;592.262634;662.524963;183.687317;979.401001;846.300232;397.020721;;;;530.735229;718.494080;194.242416;;;;;;;646.626526;745.322693;185.933975;923.248413;862.134521;241.723877;;;;;;;;;;;;;;;;;;;;;;;;;;;;;;;;;;;;
239;;;;588.403809;662.889038;183.201569;976.920227;845.556458;397.071045;;;;527.353699;719.227417;193.632843;;;;;;;643.983826;745.326416;185.102158;920.160706;861.475220;241.861328;;;;;;;;;;;;;;;;;;;;;;;;;;;;;;;;;;;;
240;;;;584.823730;663.179016;182.254044;973.969055;844.963745;396.996185;;;;524.002319;719.780334;192.667786;;;;;;;640.468750;745.698792;184.648758;916.786316;861.184204;241.723236;;;;;;;;;;;;;;;;;;;;;;;;;;;;;;;;;;;;
241;;;;581.151794;663.498779;181.380646;971.422241;844.239258;396.630402;;;;520.399292;720.197266;191.991882;;;;;;;636.456665;745.834290;184.180435;914.043457;860.197754;242.366745;;;;;;;;;;;;;;;;;;;;;;;;;;;;;;;;;;;;
242;;;;577.481445;663.766785;180.595856;969.320068;843.654907;396.701172;;;;516.798279;720.680237;190.945114;;;;;;;633.029236;745.764038;183.927048;910.851501;859.578247;242.350082;;;;;;;;;;;;;;;;;;;;;;;;;;;;;;;;;;;;
243;;;;574.009033;664.132568;180.115326;966.647461;842.941589;395.881683;;;;513.487122;721.212463;189.784912;;;;;;;630.038269;746.094971;182.650314;907.975281;858.829102;242.027695;;;;;;;;;;;;;;;;;;;;;;;;;;;;;;;;;;;;
244;;;;570.320129;664.278931;179.247116;964.233154;842.156006;395.561127;;;;510.184845;721.423218;188.704208;;;;;;;627.085938;746.029907;182.249969;905.029907;858.451660;241.867615;;;;;;;;;;;;;;;;;;;;;;;;;;;;;;;;;;;;
245;;;;567.129761;664.633423;178.475037;961.566711;841.542786;395.108246;;;;506.918030;721.867676;187.662247;;;;;;;623.451599;746.267578;181.846848;902.507324;857.402954;241.746658;;;;;;;;;;;;;;;;;;;;;;;;;;;;;;;;;;;;
246;;;;563.708130;664.827209;177.979721;959.611816;840.933716;394.624451;;;;503.583069;722.467163;186.390793;;;;;;;620.642334;746.479309;180.379898;899.769958;857.016785;241.790070;;;;;;;;;;;;;;;;;;;;;;;;;;;;;;;;;;;;
247;;;;560.617004;665.005981;176.767365;956.923706;840.166321;394.575470;;;;500.533295;722.542358;185.288895;;;;;;;617.240845;746.541931;179.635986;896.888550;856.165894;241.479630;;;;;;;;;;;;;;;;;;;;;;;;;;;;;;;;;;;;
248;;;;557.740967;665.299561;175.738953;954.191650;839.425110;394.092957;;;;497.491455;722.888000;183.817474;;;;;;;614.576904;746.516113;178.370804;894.291565;855.451294;241.315521;;;;;;;;;;;;;;;;;;;;;;;;;;;;;;;;;;;;
249;;;;554.698853;665.483521;174.458405;951.942871;838.567627;393.648499;;;;494.361084;722.869995;182.310364;;;;;;;611.777649;746.700928;177.166428;891.231018;855.087341;241.226883;;;;;;;;;;;;;;;;;;;;;;;;;;;;;;;;;;;;
250;;;;551.578430;665.509033;173.028748;949.528687;837.947998;393.564850;;;;491.612152;723.091370;180.706177;;;;;;;608.804688;746.486145;176.469055;;;;;;;;;;;;;;;;;;;;;;;;;;;;;;;;;;;;;;;
251;;;;548.709595;665.476013;171.983856;947.137939;837.334412;392.649902;;;;488.712952;723.152771;179.172287;;;;;;;605.723389;746.699707;175.560089;;;;885.612732;853.989136;240.529190;;;;;;;;;;;;;;;;;;;;;;;;;;;;;;;;;
252;;;;545.827637;665.392212;170.835236;944.812561;836.352722;391.800995;;;;485.785309;723.161194;178.242294;;;;;;;603.136658;746.471802;174.374710;;;;883.845215;853.008301;240.506653;;;;;;;;;;;;;;;;;;;;;;;;;;;;;;;;;
253;;;;542.652039;665.010986;169.949142;942.521545;835.708557;391.706238;;;;483.007385;723.287781;176.442337;;;;;;;599.865234;746.600952;173.505722;;;;881.149963;852.550964;240.000031;;;;;;;;;;;;;;;;;;;;;;;;;;;;;;;;;
254;;;;539.924133;664.658813;168.733627;939.873901;835.197632;390.941162;;;;480.231049;723.218994;174.922318;;;;;;;597.191833;746.265686;172.382996;;;;878.647949;851.994873;239.407715;;;;;;;;;;;;;;;;;;;;;;;;;;;;;;;;;
255;;;;537.782227;664.459595;166.777664;938.148499;834.319275;390.243134;;;;477.777496;723.153381;172.992569;;;;;;;595.028015;745.943420;170.814789;;;;876.227966;851.113464;239.015884;;;;;;;;;;;;;;;;;;;;;;;;;;;;;;;;;
256;;;;535.203918;664.328369;165.373962;935.554199;833.545837;389.517578;;;;475.029907;722.725769;171.573700;;;;;;;592.286194;745.799622;170.554520;;;;873.440186;850.971008;238.904465;;;;;;;;;;;;;;;;;;;;;;;;;;;;;;;;;
257;;;;532.558472;664.129456;163.709717;933.223511;833.033142;389.121552;;;;472.577209;722.442017;169.967819;;;;;;;590.150940;745.518005;168.400543;;;;870.586792;850.439941;238.850723;;;;;;;;;;;;;;;;;;;;;;;;;;;;;;;;;
258;;;;530.035400;663.743469;162.232788;931.074036;832.318115;388.092773;;;;470.240967;721.828674;168.394012;;;;;;;587.464905;745.398682;166.905899;;;;;;;;;;;;;;;;;;;;;;;;;;;;;;;;;;;;;;;
259;;;;528.055969;663.230408;160.145096;929.341980;831.616028;387.469360;;;;468.153320;721.623108;166.579620;;;;;;;585.069214;745.128540;166.047729;;;;;;;865.977234;849.462097;237.614761;;;;;;;;;;;;;;;;;;;;;;;;;;;;;;
260;;;;525.892456;662.737854;158.526001;926.184814;831.052551;386.781464;;;;466.000183;721.193665;165.071106;;;;;;;583.378418;744.287170;164.359589;;;;;;;863.994263;848.709717;236.856552;;;;;;;;;;;;;;;;;;;;;;;;;;;;;;
261;;;;523.589600;662.109497;156.874222;924.328552;830.306396;386.232056;;;;463.553009;720.804443;163.552292;;;;;;;580.893494;744.302551;163.235992;;;;;;;861.995483;847.788208;236.475403;;;;;;;;;;;;;;;;;;;;;;;;;;;;;;
262;;;;521.764954;661.906860;154.831177;922.396790;829.664795;385.339172;;;;461.608704;720.034790;161.543869;;;;;;;578.414185;743.683167;162.226685;;;;;;;859.564148;847.554138;235.881638;;;;;;;;;;;;;;;;;;;;;;;;;;;;;;
263;;;;519.766296;661.353455;152.886215;920.078125;829.136414;384.529205;;;;459.530090;719.372925;160.529709;;;;;;;576.666687;743.308960;160.897354;;;;;;;857.007568;847.122864;235.913712;;;;;;;;;;;;;;;;;;;;;;;;;;;;;;
264;;;;517.385071;660.709595;151.609818;918.122498;828.234985;383.917603;;;;457.595703;718.928711;158.891861;;;;;;;574.835266;742.852539;158.992050;;;;;;;855.309387;846.299438;234.761032;;;;;;;;;;;;;;;;;;;;;;;;;;;;;;
265;;;;515.868652;660.094238;149.591888;916.006775;827.492981;383.440338;;;;455.669312;718.426575;157.421371;;;;;;;572.616943;742.375122;157.594635;;;;;;;853.485046;845.760681;233.848923;;;;;;;;;;;;;;;;;;;;;;;;;;;;;;
266;;;;514.229675;659.670959;147.469894;913.425110;827.114319;382.687256;;;;453.734833;717.864136;155.027847;;;;;;;570.903870;741.921814;156.187302;;;;;;;851.663513;845.243103;233.012161;;;;;;;;;;;;;;;;;;;;;;;;;;;;;;
267;;;;512.107300;659.243713;145.965805;911.484314;826.467834;381.587128;;;;451.951660;717.022034;154.326035;;;;;;;569.204102;741.340149;154.904297;;;;;;;850.091064;844.547974;232.518463;;;;;;;;;;;;;;;;;;;;;;;;;;;;;;
268;;;;510.637970;658.732178;144.225616;910.091919;825.473389;380.687958;;;;450.243408;716.519226;152.456680;;;;;;;567.216614;740.882446;153.312744;;;;;;;847.642944;844.090637;231.787140;;;;;;;;;;;;;;;;;;;;;;;;;;;;;;
269;;;;509.021515;657.995483;142.357925;907.723877;824.837891;380.114807;;;;448.220886;716.397217;151.077255;;;;;;;565.743042;740.623901;151.321487;;;;;;;845.756287;843.762634;231.193848;;;;;;;;;;;;;;;;;;;;;;;;;;;;;;
270;;;;507.061859;657.328369;141.058151;905.305176;824.429993;379.778229;;;;446.828918;715.578369;149.704468;;;;;;;563.640869;740.296997;150.600830;;;;;;;843.887512;843.098328;230.185806;;;;;;;;;;;;;;;;;;;;;;;;;;;;;;
271;;;;505.588226;657.102173;139.515640;903.786255;823.709839;378.678741;;;;445.017365;715.064453;147.546890;;;;;;;561.878235;739.638611;149.599106;;;;;;;842.851074;842.371338;229.148483;;;;;;;;;;;;;;;;;;;;;;;;;;;;;;
272;;;;504.146393;657.021973;137.489517;902.190979;822.860474;377.770233;;;;443.211121;714.568970;146.328308;;;;;;;560.748901;739.401733;147.921249;;;;;;;840.739319;841.910400;228.640945;;;;;;;;;;;;;;;;;;;;;;;;;;;;;;
273;;;;502.440735;656.111511;135.843185;899.920959;822.420410;376.663025;;;;441.457825;714.077515;145.096207;;;;;;;558.536011;738.966064;146.938324;;;;;;;838.681396;841.456299;228.254944;;;;;;;;;;;;;;;;;;;;;;;;;;;;;;
274;;;;500.467194;655.339478;135.241333;898.088562;821.809326;376.057709;;;;439.857605;713.917603;143.286163;;;;;;;556.539429;738.583801;146.025360;;;;;;;836.940979;840.964783;227.525513;;;;;;;;;;;;;;;;;;;;;;;;;;;;;;
275;;;;499.105225;654.907959;133.523804;896.580322;821.160828;375.069214;;;;438.690826;713.423767;141.334976;;;;;;;555.236511;738.185120;144.461517;;;;;;;835.422241;840.482178;226.339523;;;;;;;;;;;;;;;;;;;;;;;;;;;;;;
276;;;;498.104309;654.679321;132.153000;895.146179;820.529480;374.592773;;;;437.103912;712.920410;140.540924;;;;;;;554.089661;737.763794;143.058685;;;;;;;834.159180;839.763550;225.265427;;;;;;;;;;;;;;;;;;;;;;;;;;;;;;
277;;;;496.315765;654.209412;130.434052;892.556519;820.123840;373.495270;;;;435.291718;712.318359;138.587677;;;;;;;552.843018;737.030701;141.500671;;;;;;;832.522339;839.282410;224.553665;;;;;;;;;;;;;;;;;;;;;;;;;;;;;;
278;;;;494.586487;653.657715;129.311417;890.992615;819.632935;372.644745;;;;434.330719;712.009277;136.913803;;;;;;;551.273071;736.586304;139.892624;;;;;;;830.580505;838.746277;224.225586;;;;;;;;;;;;;;;;;;;;;;;;;;;;;;
279;;;;493.477112;653.264771;128.092300;889.677063;818.821655;371.624725;;;;432.954773;711.634033;136.043182;;;;;;;549.893005;736.389038;138.548676;;;;;;;829.114197;838.325073;223.270660;;;;;;;;;;;;;;;;;;;;;;;;;;;;;;
280;;;;492.347748;652.490479;126.189888;888.437683;818.199402;370.878754;;;;431.553406;711.184509;134.525787;;;;;;;548.410339;735.966125;137.822739;;;;;;;828.187378;837.648010;222.569687;;;;;;;;;;;;;;;;;;;;;;;;;;;;;;
281;;;;491.066742;652.017822;125.029060;886.809509;817.827942;369.725037;;;;429.775452;710.765442;133.462540;;;;;;;546.918518;735.648987;137.259369;;;;;;;826.886841;836.876831;221.139481;;;;;;;;;;;;;;;;;;;;;;;;;;;;;;
282;;;;489.921600;651.846436;123.757782;885.146362;817.387817;368.722534;;;;428.891357;709.936829;131.996033;;;;;;;545.712830;735.143921;135.625488;;;;;;;825.542603;836.510010;220.342026;;;;;;;;;;;;;;;;;;;;;;;;;;;;;;
283;;;;488.766937;651.378357;122.520340;883.581848;816.854187;367.926392;;;;427.855316;709.445190;130.247498;;;;;;;;;;;;;;;;824.193420;836.176453;219.742462;;;;;;;;;;;;;;;;;;;;;;;;;;;;;;
284;;;;487.840179;650.663330;121.398651;882.092163;816.188049;367.189026;;;;427.014221;709.009216;128.984894;;;;;;;;;;;;;;;;822.416443;835.699585;218.743179;544.011414;733.858948;132.317322;;;;;;;;;;;;;;;;;;;;;;;;;;;
285;;;;486.785126;649.797302;119.887642;880.519165;815.612793;367.073364;;;;425.924713;708.587646;127.174782;;;;;;;;;;;;;;;;821.502075;835.255615;218.188049;542.573242;733.648865;131.773651;;;;;;;;;;;;;;;;;;;;;;;;;;;
286;;;;485.799042;649.205566;119.007721;878.684631;815.268860;366.103821;;;;425.054535;707.874207;125.902496;;;;;;;;;;;;;;;;820.601501;834.706543;217.235916;541.590271;733.414917;131.014938;;;;;;;;;;;;;;;;;;;;;;;;;;;
287;;;;484.931824;649.055115;117.743294;877.555359;814.966309;365.242126;;;;423.656525;707.047119;124.467094;;;;;;;;;;;;;;;;820.299622;833.813477;216.093277;540.478882;733.033997;129.458084;;;;;;;;;;;;;;;;;;;;;;;;;;;
288;;;;484.113007;648.507507;115.707275;876.104553;814.337219;364.469116;;;;422.738953;706.543884;123.821098;;;;;;;;;;;;;;;;;;;539.290039;732.214600;128.117004;;;;;;;;;;;;;;;;;;;;;;;;;;;
289;;;;483.354095;647.806274;114.071121;874.754883;813.838013;363.738037;;;;421.687500;706.069275;122.636826;;;;;;;;;;;;;;;;;;;538.337585;731.616638;127.211189;;;;;;;;;;;;;;;;;;;;;;;;;;;
290;;;;482.648193;647.183533;112.590096;873.994141;813.322693;363.271484;;;;421.232391;705.467346;120.185593;;;;;;;;;;;;;;;;;;;537.714722;731.118225;126.113480;817.425232;832.319946;213.715607;;;;;;;;;;;;;;;;;;;;;;;;
291;;;;481.923065;646.426025;110.911453;872.323975;812.845581;362.454285;;;;420.665436;704.687866;118.630569;;;;;;;;;;;;;;;;;;;537.322266;730.546204;124.085190;815.932068;832.181580;213.602951;;;;;;;;;;;;;;;;;;;;;;;;
292;;;;481.254303;646.206177;108.830498;870.947083;812.465210;361.960632;;;;419.975281;703.942810;117.188530;;;;;;;;;;;;;;;;;;;536.874146;729.952942;122.613083;814.815491;831.756775;213.231232;;;;;;;;;;;;;;;;;;;;;;;;
293;;;;480.893402;645.723999;107.048729;869.554993;811.922424;361.594849;;;;419.302032;703.331665;115.873909;;;;;;;;;;;;;;;;;;;535.884705;729.452454;121.923386;813.733521;831.247009;212.269440;;;;;;;;;;;;;;;;;;;;;;;;
294;;;;480.092957;645.004578;105.246574;868.640747;811.488220;360.526642;;;;418.501923;702.894592;114.076256;;;;;;;;;;;;;;;;;;;535.141235;728.907959;120.686111;813.011169;830.793091;211.562149;;;;;;;;;;;;;;;;;;;;;;;;
295;;;;480.052551;644.659363;102.510254;867.636597;810.900085;360.114563;;;;417.964172;702.130432;112.404709;;;;;;;;;;;;;;;;;;;534.594849;728.454407;118.833031;812.865112;830.135315;210.836914;;;;;;;;;;;;;;;;;;;;;;;;
296;;;;479.418121;644.123352;100.913689;866.647583;810.249512;359.778870;;;;417.264130;701.479614;110.761551;;;;;;;;;;;;;;;;;;;534.268494;728.070435;117.633644;812.349670;829.592285;210.118164;;;;;;;;;;;;;;;;;;;;;;;;
297;;;;478.664825;643.506104;98.841484;865.412292;809.969482;359.126709;;;;416.916382;701.071716;108.027122;;;;;;;;;;;;;;;;;;;533.601440;727.563171;115.809967;811.218811;828.950195;209.786392;;;;;;;;;;;;;;;;;;;;;;;;
298;;;;478.535553;643.292908;96.418663;864.263733;809.821045;358.625580;;;;416.649384;700.796021;105.708549;;;;;;;;;;;;;;;;;;;533.254761;727.334656;113.764023;;;;;;;;;;;;;;;;;;;;;;;;;;;
299;;;;477.895325;643.089111;94.110825;863.264954;809.369202;358.493408;;;;416.290161;700.494934;103.083374;;;;;;;;;;;;;;;;;;;532.835510;726.796936;111.714737;;;;809.497559;828.144409;209.238861;;;;;;;;;;;;;;;;;;;;;
300;;;;477.750549;643.040955;91.168121;862.109375;808.834534;357.885498;;;;415.742065;700.168335;101.049614;;;;;;;;;;;;;;;;;;;532.056641;726.382324;110.535934;;;;808.635925;827.724304;208.702057;;;;;;;;;;;;;;;;;;;;;
301;;;;477.331757;642.654236;88.607056;861.265137;808.456848;357.348541;;;;415.207703;699.702393;98.590851;;;;;;;;;;;;;;;;;;;531.549377;726.095703;108.377609;;;;807.607727;827.343018;208.029419;;;;;;;;;;;;;;;;;;;;;
302;;;;477.137207;642.563538;85.193901;860.379700;808.105591;356.674896;;;;414.890991;699.339355;96.329155;;;;;;;;;;;;;;;;;;;531.182007;725.580444;106.177177;;;;806.691345;826.984436;207.396942;;;;;;;;;;;;;;;;;;;;;
303;;;;476.973602;642.382263;83.047745;859.643250;807.544006;356.559570;;;;414.639801;699.402954;93.910706;;;;;;;;;;;;;;;;;;;530.885864;725.429626;103.973633;;;;805.656738;826.653992;207.318802;;;;;;;;;;;;;;;;;;;;;
304;;;;476.772552;642.863403;82.590851;858.701660;806.996887;355.910950;;;;414.972534;700.260803;93.121979;;;;;;;;;;;;;;;;;;;530.677856;725.853333;102.175346;;;;804.703735;826.460022;207.093491;;;;;;;;;;;;;;;;;;;;;
305;;;;476.327576;642.903442;83.066238;857.739624;806.682861;355.316772;;;;414.938812;701.040649;92.814980;;;;;;;;;;;;;;;;;;;530.156372;726.372559;101.372101;;;;804.093079;826.171875;206.690491;;;;;;;;;;;;;;;;;;;;;
306;;;;476.046173;642.751221;82.839386;856.993286;806.585571;355.016907;;;;414.755463;701.383667;92.992714;;;;;;;;;;;;;;;;;;;530.183167;726.816223;99.875481;;;;803.687317;825.771240;205.916702;;;;;;;;;;;;;;;;;;;;;
307;;;;475.797058;642.657654;81.775459;856.166748;806.244385;355.035950;;;;414.583282;701.246643;93.025978;;;;;;;;;;;;;;;;;;;530.475891;726.618774;98.676094;;;;803.296936;825.299316;205.453781;;;;;;;;;;;;;;;;;;;;;
308;;;;475.644958;642.643799;81.745750;855.200195;805.947754;354.647797;;;;414.376465;701.190247;93.138145;;;;;;;;;;;;;;;;;;;530.369446;726.155579;98.418419;;;;802.868774;825.107788;205.253677;;;;;;;;;;;;;;;;;;;;;
309;;;;475.328827;642.512085;82.134102;854.232849;805.769897;354.314026;;;;414.064362;701.068604;93.428123;;;;;;;;;;;;;;;;;;;529.977234;725.901672;98.961609;;;;802.615234;824.986084;204.918182;;;;;;;;;;;;;;;;;;;;;
310;;;;474.835052;642.179199;82.395493;853.354492;805.670044;353.930817;;;;413.697876;700.944702;93.643135;;;;;;;;;;;;;;;;;;;529.426697;725.804626;99.654823;;;;802.529968;824.943726;204.119125;;;;;;;;;;;;;;;;;;;;;
311;;;;474.552216;642.089417;82.489571;853.032288;805.609802;353.330566;;;;413.340332;700.759033;93.887634;;;;;;;;;;;;;;;;;;;528.971252;725.728210;100.162689;;;;802.801819;825.031799;203.131119;;;;;;;;;;;;;;;;;;;;;
312;;;;474.316681;641.935059;82.435730;852.915222;805.450806;352.502045;;;;413.082794;700.640625;93.987778;;;;;;;;;;;;;;;;;;;528.643555;725.585022;100.414246;;;;802.961243;825.403809;202.284332;;;;;;;;;;;;;;;;;;;;;
313;;;;474.023682;641.704163;82.404861;852.612366;805.432617;351.953735;;;;412.935486;700.458374;94.030769;;;;;;;;;;;;;;;;;;;528.423401;725.390686;100.499611;;;;803.025574;825.656860;201.786240;;;;;;;;;;;;;;;;;;;;;
314;;;;473.859070;641.482605;82.429787;852.118103;805.555176;351.627441;;;;412.851166;700.248169;94.039024;;;;;;;;;;;;;;;;;;;528.333618;725.262268;100.434212;;;;803.589905;825.576111;201.140610;;;;;;;;;;;;;;;;;;;;;
315;;;;473.692017;641.252930;82.391495;851.710205;805.593018;351.334961;;;;412.723938;700.043152;94.079323;;;;;;;;;;;;;;;;;;;528.413025;725.132690;100.325615;;;;803.637817;825.652039;200.725845;;;;;;;;;;;;;;;;;;;;;
316;;;;473.586334;641.129089;82.317894;851.406250;805.617920;351.080261;;;;412.682922;699.936279;94.120140;;;;;;;;;;;;;;;;;;;528.459412;725.009827;100.127365;;;;803.551758;825.696472;200.687866;;;;;;;;;;;;;;;;;;;;;
317;;;;473.587067;641.053833;82.333908;851.190857;805.696472;350.962189;;;;412.742828;699.926575;94.167160;;;;;;;;;;;;;;;;;;;528.530273;724.900146;99.965195;;;;803.311096;825.768921;200.801636;;;;;;;;;;;;;;;;;;;;;
318;;;;473.610626;641.045776;82.319046;851.077576;805.716492;350.900909;;;;412.779144;699.944946;94.121765;;;;;;;;;;;;;;;;;;;528.598694;724.782654;99.850922;;;;;;;;;;;;;;;;;;;;;;;;;;;
319;;;;473.636932;641.064758;82.313637;851.019287;805.856506;350.909729;;;;412.862610;699.951965;94.035698;;;;;;;;;;;;;;;;;;;528.717407;724.768921;99.698242;;;;;;;;;;;;;;;;;;;;;;;;;;;
320;;;;473.721436;641.056702;82.398552;850.639648;805.985901;350.983307;;;;412.982147;700.039246;94.012688;;;;;;;;;;;;;;;;;;;528.911804;724.758301;99.611328;;;;;;;;;;;;;;;;;;;;;;;;;;;
321;;;;473.797058;641.041260;82.428650;850.173645;806.132568;351.180145;;;;413.033112;700.055237;94.085854;;;;;;;;;;;;;;;;;;;529.030884;724.713379;99.510048;;;;;;;802.971497;826.411621;200.967926;;;;;;;;;;;;;;;;;;
322;;;;473.901733;641.075867;82.399239;849.829529;806.202576;351.325867;;;;413.087402;700.134155;94.047394;;;;;;;;;;;;;;;;;;;529.154724;724.784790;99.556839;;;;;;;802.764832;826.818542;201.383621;;;;;;;;;;;;;;;;;;
323;;;;474.016327;641.163818;82.352699;849.392334;806.513245;351.832794;;;;413.215790;700.240051;94.036827;;;;;;;;;;;;;;;;;;;529.127563;724.799438;99.561203;;;;;;;802.551086;827.115234;201.496658;;;;;;;;;;;;;;;;;;
324;;;;474.140289;641.169250;82.357948;848.988464;806.679321;352.219299;;;;413.328735;700.248596;94.033875;;;;;;;;;;;;;;;;;;;529.204468;724.888611;99.602928;;;;;;;802.542236;827.466309;201.689911;;;;;;;;;;;;;;;;;;
325;;;;474.298645;641.246521;82.324974;848.797852;806.730225;352.416046;;;;413.386963;700.211304;93.872070;;;;;;;;;;;;;;;;;;;529.327454;724.883606;99.523575;;;;;;;802.471436;827.803833;201.849564;;;;;;;;;;;;;;;;;;
326;;;;474.419189;641.272827;82.305710;848.656738;806.878296;352.609131;;;;413.542816;700.205261;93.762352;;;;;;;;;;;;;;;;;;;529.481628;724.937012;99.478783;;;;;;;801.917542;828.303040;202.267105;;;;;;;;;;;;;;;;;;
327;;;;474.502686;641.354980;82.240677;848.502319;807.045105;352.813507;;;;413.608093;700.304016;93.702393;;;;;;;;;;;;;;;;;;;529.464844;725.049072;99.528473;;;;;;;801.559570;828.593811;202.648865;;;;;;;;;;;;;;;;;;
328;;;;474.606384;641.374512;82.228966;848.090088;806.992188;353.259460;;;;413.680298;700.316162;93.730392;;;;;;;;;;;;;;;;;;;529.532227;725.093628;99.398186;;;;;;;801.311462;828.951294;202.906555;;;;;;;;;;;;;;;;;;
329;;;;474.740570;641.440491;82.212593;847.966980;807.106995;353.410400;;;;413.689972;700.303101;93.713158;;;;;;;;;;;;;;;;;;;529.581970;725.166992;99.339882;;;;;;;801.052185;829.227051;203.162903;;;;;;;;;;;;;;;;;;
330;;;;474.890015;641.506348;82.065331;847.958679;807.183838;353.483337;;;;413.702301;700.309753;93.722321;;;;;;;;;;;;;;;;;;;529.615540;725.279724;99.339355;;;;;;;800.864685;829.503784;203.405350;;;;;;;;;;;;;;;;;;
331;;;;475.015106;641.617432;82.020844;847.873779;807.360229;353.655701;;;;413.692596;700.312622;93.742699;;;;;;;;;;;;;;;;;;;529.527954;725.338501;99.451515;;;;;;;800.824341;829.669922;203.789246;;;;;;;;;;;;;;;;;;
332;;;;475.042511;641.643738;82.006813;847.735352;807.593201;353.854065;;;;413.672394;700.318604;93.795853;;;;;;;;;;;;;;;;;;;529.433411;725.419800;99.450783;;;;;;;800.562012;829.818298;203.900116;;;;;;;;;;;;;;;;;;
333;;;;475.134766;641.742737;81.945061;847.623413;807.744812;354.067261;;;;413.694275;700.304260;93.721390;;;;;;;;;;;;;;;;;;;529.369812;725.484924;99.533562;;;;;;;800.438354;829.986206;204.092728;;;;;;;;;;;;;;;;;;
334;;;;475.172363;641.763550;81.885994;847.481079;807.924622;354.184906;;;;413.679291;700.217285;93.738213;;;;;;;;;;;;;;;;;;;529.309753;725.508301;99.558067;;;;;;;800.347656;829.853821;204.396225;;;;;;;;;;;;;;;;;;
335;;;;475.161377;641.761536;81.906372;847.371216;808.123596;354.328766;;;;413.638336;700.197510;93.785027;;;;;;;;;;;;;;;;;;;529.296631;725.592896;99.560638;;;;;;;800.256836;829.947571;204.581589;;;;;;;;;;;;;;;;;;
336;;;;475.148712;641.755127;81.926933;847.322510;808.280945;354.440002;;;;413.639221;700.204407;93.792175;;;;;;;;;;;;;;;;;;;529.309265;725.632385;99.527832;;;;;;;800.228516;830.009949;204.616455;;;;;;;;;;;;;;;;;;
337;;;;475.157257;641.750671;81.904518;847.198181;808.512939;354.658081;;;;413.656555;700.207336;93.776077;;;;;;;;;;;;;;;;;;;529.269592;725.638245;99.421570;;;;;;;800.392212;830.081055;204.481903;;;;;;;;;;;;;;;;;;
338;;;;475.171814;641.766785;81.904617;847.105530;808.638062;354.860626;;;;413.642883;700.109985;93.811577;;;;;;;;;;;;;;;;;;;529.354614;725.635132;99.341530;;;;;;;;;;;;;;;;;;;;;;;;;;;
339;;;;475.214233;641.741821;81.935204;846.960083;808.754395;354.912567;;;;413.626007;700.092407;93.788498;;;;;;;;;;;;;;;;;;;529.244324;725.715088;99.266586;;;;;;;;;;800.180054;830.382629;204.693405;;;;;;;;;;;;;;;
340;;;;475.247833;641.740723;81.899010;846.765015;808.859619;355.015747;;;;413.630890;700.098877;93.772934;;;;;;;;;;;;;;;;;;;529.255371;725.732971;99.187057;;;;;;;;;;799.755615;830.583130;205.054977;;;;;;;;;;;;;;;
341;;;;475.251617;641.744690;81.871254;846.575378;808.939514;355.105774;;;;413.659271;700.105713;93.750259;;;;;;;;;;;;;;;;;;;529.258301;725.734070;99.191307;;;;;;;;;;799.245667;830.870300;205.346954;;;;;;;;;;;;;;;
342;;;;475.284149;641.741638;81.888245;846.449707;809.055603;355.231567;;;;413.629303;700.107971;93.792068;;;;;;;;;;;;;;;;;;;529.300781;725.735107;99.114151;;;;;;;;;;798.952148;831.093750;205.650452;;;;;;;;;;;;;;;
343;;;;475.432678;641.769348;81.843781;846.257813;809.244446;355.426239;;;;413.652527;700.013977;93.791206;;;;;;;;;;;;;;;;;;;529.263367;725.755249;99.133080;;;;;;;;;;798.760132;831.201172;205.797256;;;;;;;;;;;;;;;
344;;;;475.525726;641.769592;81.770782;846.157654;809.358337;355.681976;;;;413.621613;699.997131;93.789040;;;;;;;;;;;;;;;;;;;529.207886;725.769226;99.058525;;;;;;;;;;798.709961;831.316040;205.807831;;;;;;;;;;;;;;;
345;;;;475.541779;641.789124;81.776878;846.083008;809.459595;355.821472;;;;413.668976;699.999084;93.750969;;;;;;;;;;;;;;;;;;;529.217712;725.864990;99.003387;;;;;;;;;;798.664795;831.397400;205.876022;;;;;;;;;;;;;;;
346;;;;475.511536;641.773865;81.798775;846.007996;809.538147;356.045746;;;;413.690735;700.003174;93.725479;;;;;;;;;;;;;;;;;;;529.140320;725.869446;98.954445;;;;;;;;;;798.542236;831.543335;205.978775;;;;;;;;;;;;;;;
347;;;;475.623474;641.837097;81.792953;845.957886;809.713135;356.225189;;;;413.691406;700.003845;93.723137;;;;;;;;;;;;;;;;;;;529.251892;725.962769;98.930618;;;;;;;;;;798.465271;831.582825;206.045517;;;;;;;;;;;;;;;
348;;;;475.690277;641.859375;81.732918;845.883545;809.773315;356.339111;;;;413.784027;700.001831;93.742119;;;;;;;;;;;;;;;;;;;529.278320;725.992310;98.805618;;;;;;;;;;798.445679;831.664673;206.082291;;;;;;;;;;;;;;;
349;;;;475.766449;641.858887;81.740028;845.517090;809.752563;356.635498;;;;413.817322;700.091064;93.720695;;;;;;;;;;;;;;;;;;;529.243469;725.982300;98.714699;;;;;;;;;;798.382874;831.678162;206.121124;;;;;;;;;;;;;;;
350;;;;475.759613;641.857910;81.777145;845.452026;809.863281;356.727509;;;;413.806793;700.018555;93.721687;;;;;;;;;;;;;;;;;;;529.275452;726.091248;98.658745;;;;;;;;;;798.378235;831.663879;206.128479;;;;;;;;;;;;;;;
351;;;;475.758423;641.851929;81.763382;845.467468;809.937500;356.798706;;;;413.771332;700.087097;93.772797;;;;;;;;;;;;;;;;;;;529.302063;726.120544;98.599052;;;;;;;;;;798.357544;831.658386;206.173187;;;;;;;;;;;;;;;
352;;;;475.762115;641.852783;81.753258;845.452454;809.973083;356.853363;;;;413.772003;700.098206;93.760559;;;;;;;;;;;;;;;;;;;529.206055;726.111084;98.573097;;;;;;;;;;798.275574;831.702332;206.216614;;;;;;;;;;;;;;;
353;;;;475.777832;641.937195;81.727005;845.585999;809.953369;356.843597;;;;413.724792;700.105713;93.699036;;;;;;;;;;;;;;;;;;;529.176331;726.109070;98.591103;;;;;;;;;;798.276428;831.772705;206.260818;;;;;;;;;;;;;;;
354;;;;475.737274;641.971313;81.672623;845.524597;810.061768;356.919342;;;;413.707245;700.102417;93.697754;;;;;;;;;;;;;;;;;;;529.139099;726.036133;98.480484;;;;;;;;;;798.239380;831.773682;206.291092;;;;;;;;;;;;;;;
355;;;;475.718475;641.973877;81.694115;845.540649;810.205566;356.928131;;;;413.703705;700.100281;93.708679;;;;;;;;;;;;;;;;;;;529.117615;726.111206;98.417229;;;;;;;;;;798.203003;831.775940;206.312744;;;;;;;;;;;;;;;
356;;;;475.670532;641.948914;81.733414;845.542969;810.320374;356.936890;;;;413.655579;700.110840;93.771324;;;;;;;;;;;;;;;;;;;528.987366;726.043030;98.417900;;;;;;;;;;798.194397;831.776978;206.319397;;;;;;;;;;;;;;;
357;;;;475.570740;641.966675;81.725487;845.647705;810.327759;356.944672;;;;413.663574;700.194275;93.753410;;;;;;;;;;;;;;;;;;;529.077881;726.038147;98.341080;;;;;;;;;;798.142639;831.779297;206.265579;;;;;;;;;;;;;;;
358;;;;475.593597;641.976807;81.685020;845.619324;810.323486;356.897980;;;;413.666992;700.121094;93.740036;;;;;;;;;;;;;;;;;;;528.934143;726.039551;98.356873;;;;;;;;;;798.067078;831.776978;206.289673;;;;;;;;;;;;;;;
359;;;;475.562958;641.893677;81.727715;845.433838;810.507751;357.123474;;;;413.665588;700.101685;93.742249;;;;;;;;;;;;;;;;;;;529.058716;726.061768;98.294472;;;;;;;;;;797.971375;831.822449;206.340408;;;;;;;;;;;;;;;
360;;;;475.544861;641.870361;81.757820;845.353210;810.653320;357.250977;;;;413.591431;700.118591;93.735359;;;;;;;;;;;;;;;;;;;529.161438;726.044434;98.225182;;;;;;;;;;797.940491;831.836121;206.369888;;;;;;;;;;;;;;;
361;;;;475.543701;641.873657;81.759834;845.345520;810.750793;357.236572;;;;413.589844;700.117615;93.709709;;;;;;;;;;;;;;;;;;;528.994263;726.036499;98.256187;;;;;;;;;;797.880920;831.924255;206.345642;;;;;;;;;;;;;;;
362;;;;475.566528;641.866699;81.678673;845.346252;810.854004;357.219360;;;;413.595154;700.107483;93.728783;;;;;;;;;;;;;;;;;;;529.052673;725.969604;98.218498;;;;;;;;;;797.847290;831.953674;206.353989;;;;;;;;;;;;;;;
363;;;;475.573578;641.878601;81.695717;845.295288;810.901245;357.183167;;;;413.591370;700.104980;93.740387;;;;;;;;;;;;;;;;;;;529.567749;725.850586;97.558685;;;;;;;;;;797.841980;831.950989;206.362762;;;;;;;;;;;;;;;
364;;;;475.573578;641.870056;81.668320;845.225159;811.004089;357.247925;;;;413.629608;700.101318;93.771606;;;;;;;;;;;;;;;;;;;529.392151;725.893982;97.719940;;;;;;;;;;797.780273;832.037415;206.339462;;;;;;;;;;;;;;;
365;;;;475.589294;641.867004;81.662415;845.195007;811.076172;357.230225;;;;413.647491;700.101257;93.644501;;;;;;;;;;;;;;;;;;;529.133972;725.936707;97.867722;;;;;;;;;;797.774292;832.067139;206.299820;;;;;;;;;;;;;;;
366;;;;475.640869;641.864990;81.634178;845.199341;811.114319;357.221954;;;;413.682861;700.109680;93.700279;;;;;;;;;;;;;;;;;;;529.135620;725.957520;97.909767;;;;;;;;;;797.789612;832.062439;206.282654;;;;;;;;;;;;;;;
367;;;;475.643341;641.857727;81.597672;845.199097;811.185120;357.203339;;;;413.652008;700.109375;93.605484;;;;;;;;;;;;;;;;;;;529.578857;725.891052;97.378609;;;;;;;;;;797.764221;832.156677;206.319672;;;;;;;;;;;;;;;
368;;;;475.697845;641.851929;81.658669;845.152588;811.290405;357.205444;;;;413.710846;700.103699;93.677376;;;;;;;;;;;;;;;;;;;529.579529;725.856018;97.200333;;;;;;;;;;797.748291;832.142883;206.280380;;;;;;;;;;;;;;;
369;;;;475.701141;641.785278;81.732246;845.065063;811.422791;357.208069;;;;413.691437;700.111145;93.724777;;;;;;;;;;;;;;;;;;;529.731750;725.848633;97.069397;;;;;;;;;;797.686401;832.255737;206.300735;;;;;;;;;;;;;;;
370;;;;475.683929;641.839417;81.742996;845.057983;811.491577;357.264038;;;;413.723419;700.098450;93.669006;;;;;;;;;;;;;;;;;;;529.790588;725.846619;97.015236;;;;;;;;;;797.696838;832.255859;206.326675;;;;;;;;;;;;;;;
371;;;;475.761932;641.849670;81.624359;845.058655;811.598267;357.259735;;;;413.727386;700.099304;93.618156;;;;;;;;;;;;;;;;;;;529.786133;725.859314;97.059464;;;;;;;;;;797.714600;832.340088;206.305969;;;;;;;;;;;;;;;
372;;;;475.781250;641.858337;81.606323;845.059937;811.653809;357.226227;;;;413.791656;700.105103;93.623291;;;;;;;;;;;;;;;;;;;529.718933;725.860352;97.029556;;;;;;;;;;797.648193;832.370911;206.253616;;;;;;;;;;;;;;;
373;;;;475.779510;641.901001;81.615723;844.998352;811.776611;356.987976;;;;413.796112;700.194458;93.592850;;;;;;;;;;;;;;;;;;;529.081299;726.197876;97.606552;;;;;;;;;;797.616333;832.456909;206.278748;;;;;;;;;;;;;;;
374;;;;475.967407;642.077087;81.399109;844.988831;811.897522;356.925323;;;;413.750549;700.222961;93.649582;;;;;;;;;;;;;;;;;;;528.845825;726.331299;97.791107;;;;;;;;;;797.604736;832.475952;206.303665;;;;;;;;;;;;;;;
375;;;;476.064117;642.090637;81.234856;844.938049;811.981445;356.982941;;;;413.752258;700.204285;93.607193;;;;;;;;;;;;;;;;;;;529.180115;726.316284;97.344383;;;;;;;;;;797.618408;832.479553;206.262405;;;;;;;;;;;;;;;
376;;;;475.909271;641.974182;81.545654;844.910645;812.057434;356.981018;;;;413.780518;700.201843;93.592918;;;;;;;;;;;;;;;;;;;529.437683;726.234192;96.988258;;;;;;;;;;797.654602;832.584839;206.247025;;;;;;;;;;;;;;;
377;;;;475.841949;641.932861;81.683098;844.884033;812.166260;357.006622;;;;413.758148;700.205322;93.646736;;;;;;;;;;;;;;;;;;;529.410339;726.243591;96.915596;;;;;;;;;;797.606689;832.612061;206.197342;;;;;;;;;;;;;;;
378;;;;476.048248;642.031311;81.410622;844.740295;812.247803;357.037018;;;;413.752014;700.196655;93.633827;;;;;;;;;;;;;;;;;;;529.281311;726.270020;96.987656;;;;;;;;;;797.510498;832.693237;206.258865;;;;;;;;;;;;;;;
379;;;;475.937073;641.988708;81.535233;844.641968;812.332092;357.131317;;;;413.760834;700.291809;93.646439;;;;;;;;;;;;;;;;;;;529.243713;726.261597;97.086426;;;;;;;;;;797.081238;832.913147;206.498932;;;;;;;;;;;;;;;
380;;;;475.807526;641.958496;81.588829;844.526489;812.455505;357.141785;;;;413.715485;700.226013;93.687889;;;;;;;;;;;;;;;;;;;529.242859;726.269592;97.068771;;;;;;;;;;797.230469;832.871277;206.532684;;;;;;;;;;;;;;;
381;;;;476.138641;642.069275;81.284470;844.343140;812.520630;357.177185;;;;413.708344;700.197876;93.670898;;;;;;;;;;;;;;;;;;;528.844177;726.442261;97.435158;;;;;;;;;;797.348877;832.845703;206.377441;;;;;;;;;;;;;;;
382;;;;476.017090;642.019836;81.467155;844.251099;812.600708;357.154419;;;;413.660980;700.210083;93.609039;;;;;;;;;;;;;;;;;;;529.023254;726.380127;97.253456;;;;;;;;;;797.468384;832.811890;206.229675;;;;;;;;;;;;;;;
383;;;;475.925415;642.049011;81.569122;844.166199;812.768311;357.095306;;;;413.674225;700.211121;93.560555;;;;;;;;;;;;;;;;;;;529.121582;726.371887;97.081482;;;;;;;;;;797.424133;832.933594;206.242142;;;;;;;;;;;;;;;
384;;;;476.150879;642.150146;81.253960;844.034119;812.921753;357.064209;;;;413.671478;700.215942;93.581337;;;;;;;;;;;;;;;;;;;529.096130;726.375549;96.980888;;;;;;;;;;797.413879;832.940613;206.290680;;;;;;;;;;;;;;;
385;;;;476.123596;642.012329;81.436768;843.961365;812.989807;357.139923;;;;413.662384;700.121765;93.581047;;;;;;;;;;;;;;;;;;;529.087646;726.380981;97.038055;;;;;;;;;;797.343079;833.020264;206.284302;;;;;;;;;;;;;;;
386;;;;476.035431;642.025146;81.614304;843.911743;813.062073;357.074829;;;;413.645935;700.110046;93.615089;;;;;;;;;;;;;;;;;;;529.019775;726.401123;97.041275;;;;;;;;;;797.346863;833.102783;206.306107;;;;;;;;;;;;;;;
387;;;;476.063293;642.064819;81.598709;843.714050;813.164795;357.129395;;;;413.637939;700.114685;93.629433;;;;;;;;;;;;;;;;;;;529.035522;726.463989;97.087822;;;;;;;;;;797.356995;833.113831;206.310699;;;;;;;;;;;;;;;
388;;;;476.120392;642.063232;81.528542;843.705139;813.287415;357.189758;;;;413.639252;700.023376;93.608383;;;;;;;;;;;;;;;;;;;529.033813;726.482483;97.117096;;;;;;;;;;797.355164;833.150024;206.341522;;;;;;;;;;;;;;;
389;;;;476.174011;642.070740;81.570671;843.601440;813.379639;357.213348;;;;413.661316;699.997314;93.587181;;;;;;;;;;;;;;;;;;;528.986816;726.487122;97.067787;;;;;;;;;;797.331299;833.165283;206.366165;;;;;;;;;;;;;;;
390;;;;476.244568;642.153442;81.534462;843.487366;813.436523;357.266449;;;;413.668701;700.001404;93.578712;;;;;;;;;;;;;;;;;;;528.790588;726.564636;97.213470;;;;;;;;;;797.221252;833.313354;206.294357;;;;;;;;;;;;;;;
391;;;;476.331696;642.167175;81.571342;843.443848;813.560181;357.274109;;;;413.667755;700.004150;93.579590;;;;;;;;;;;;;;;;;;;528.858154;726.665100;97.187584;;;;;;;;;;797.313904;833.287048;206.223663;;;;;;;;;;;;;;;
392;;;;476.461304;642.226501;81.530891;843.432739;813.670776;357.356567;;;;413.760986;699.913147;93.590561;;;;;;;;;;;;;;;;;;;528.910889;726.766113;97.140053;;;;;;;;;;797.354187;833.422668;206.142975;;;;;;;;;;;;;;;
393;;;;476.510773;642.335205;81.501312;843.324341;813.808899;357.274689;;;;413.785797;699.887878;93.578453;;;;;;;;;;;;;;;;;;;528.873169;726.864075;97.085854;;;;;;;;;;;;;;;;;;;;;;;;;;;
394;;;;476.655731;642.372559;81.532936;843.277771;813.918945;357.297119;;;;413.795502;699.891174;93.567001;;;;;;;;;;;;;;;;;;;528.881592;726.973450;97.096832;;;;;;;;;;;;;;;;;;;;;;;;;;;
395;;;;476.734497;642.433655;81.553062;843.239746;813.979797;357.271301;;;;413.852997;699.893188;93.560333;;;;;;;;;;;;;;;;;;;528.901733;727.143616;97.177681;;;;;;;;;;;;;;;;;;;;;;;;;;;
396;;;;476.767273;642.528076;81.491982;843.209351;814.083435;357.301239;;;;413.875397;699.893372;93.535912;;;;;;;;;;;;;;;;;;;528.906677;727.221680;97.187126;;;;;;;;;;;;;797.120361;833.938049;206.232452;;;;;;;;;;;;
397;;;;476.935760;642.649353;81.470551;843.158752;814.241333;357.361816;;;;413.857422;699.893799;93.512245;;;;;;;;;;;;;;;;;;;528.866211;727.319275;97.156158;;;;;;;;;;;;;797.024536;834.049622;206.222824;;;;;;;;;;;;
398;;;;477.125031;642.911316;81.106285;843.185669;814.344421;357.366821;;;;413.896667;699.795166;93.501152;;;;;;;;;;;;;;;;;;;529.205994;727.427917;97.036079;;;;;;;;;;;;;796.977112;834.159851;206.272919;;;;;;;;;;;;
399;;;;477.212952;643.148254;81.166840;843.096802;814.464905;357.331421;;;;413.860443;699.782471;93.481110;;;;;;;;;;;;;;;;;;;529.039368;727.581909;97.044365;;;;;;;;;;;;;796.801453;834.434937;206.397888;;;;;;;;;;;;
400;;;;477.243500;643.134216;81.289452;843.090088;814.610840;357.328094;;;;413.854950;699.784363;93.464020;;;;;;;;;;;;;;;;;;;528.964783;727.693481;97.141876;;;;;;;;;;;;;796.544312;834.630188;206.518784;;;;;;;;;;;;
401;;;;477.276794;642.935364;81.625221;843.108704;814.715820;357.233582;;;;413.895142;699.790344;93.512726;;;;;;;;;;;;;;;;;;;528.939697;727.747498;97.145370;;;;;;;;;;;;;796.342285;834.874634;206.693268;;;;;;;;;;;;
402;;;;477.330658;642.991638;81.864815;843.110107;814.827515;357.213898;;;;413.911621;699.785156;93.491745;;;;;;;;;;;;;;;;;;;528.935120;727.833801;97.144844;;;;;;;;;;;;;796.268860;835.021423;206.761444;;;;;;;;;;;;
403;;;;477.370697;643.074890;81.839272;843.407410;814.874451;357.010406;;;;413.964630;699.771423;93.405556;;;;;;;;;;;;;;;;;;;529.220764;727.860107;97.019707;;;;;;;;;;;;;796.221741;835.262634;206.816116;;;;;;;;;;;;
404;;;;477.463837;643.090515;81.812027;843.491516;815.023071;356.978546;;;;413.932343;699.779846;93.379318;;;;;;;;;;;;;;;;;;;529.044922;728.025208;97.019524;;;;;;;;;;;;;796.096985;835.530396;206.931961;;;;;;;;;;;;
405;;;;477.238220;643.213318;82.037727;843.533325;815.119568;356.982117;;;;413.916290;699.697144;93.406693;;;;;;;;;;;;;;;;;;;528.923767;728.151978;97.124313;;;;;;;;;;;;;796.004211;835.668091;207.037247;;;;;;;;;;;;
406;;;;477.477692;643.174683;81.897682;843.510254;815.249756;356.989929;;;;413.948090;699.669434;93.419464;;;;;;;;;;;;;;;;;;;528.894348;728.249451;97.183487;;;;;;;;;;;;;795.882019;835.862915;207.081635;;;;;;;;;;;;
407;;;;477.654541;643.214233;81.732307;843.545837;815.316467;357.041473;;;;414.018005;699.670166;93.367905;;;;;;;;;;;;;;;;;;;528.859985;728.349182;97.202766;;;;;;;;;;;;;795.789551;836.090881;207.178604;;;;;;;;;;;;
408;;;;477.187439;643.293274;82.210091;843.564880;815.371643;357.044617;;;;414.025299;699.587402;93.352936;;;;;;;;;;;;;;;;;;;528.804016;728.453735;97.184357;;;;;;;;;;;;;795.763123;836.222778;207.206924;;;;;;;;;;;;
409;;;;477.092529;643.369080;82.385773;843.512939;815.486572;356.986176;;;;414.050323;699.472412;93.318619;;;;;;;;;;;;;;;;;;;528.786194;728.572998;97.086479;;;;;;;;;;;;;795.685181;836.433167;207.227310;;;;;;;;;;;;
410;;;;477.760376;643.420898;81.964233;843.484924;815.568909;356.974121;;;;414.191315;699.407166;93.133362;;;;;;;;;;;;;;;;;;;528.831909;728.681213;97.084740;;;;;;;;;;;;;795.547974;836.696655;207.339508;;;;;;;;;;;;
411;;;;477.898102;643.395081;81.843437;843.478149;815.638977;356.989532;;;;414.170227;699.458374;93.268951;;;;;;;;;;;;;;;;;;;528.836243;728.778198;97.106293;;;;;;;;;;;;;795.482300;836.925110;207.420029;;;;;;;;;;;;
412;;;;477.876465;643.391663;81.948677;843.521118;815.856934;357.049561;;;;414.134766;699.367249;93.355827;;;;;;;;;;;;;;;;;;;528.801392;728.886108;97.186081;;;;;;;;;;;;;795.428955;837.021667;207.415253;;;;;;;;;;;;
413;;;;477.948517;643.343201;81.975639;843.513733;816.001648;357.006012;;;;414.222748;699.303223;93.118210;;;;;;;;;;;;;;;;;;;528.785278;728.999878;97.169006;;;;;;;;;;;;;795.347900;837.231934;207.475861;;;;;;;;;;;;
414;;;;477.978882;643.428345;81.981911;843.506287;816.106262;357.005188;;;;414.273956;699.260620;93.208565;;;;;;;;;;;;;;;;;;;528.776733;729.098816;97.129776;;;;;;;;;;;;;795.340393;837.334656;207.540176;;;;;;;;;;;;
415;;;;478.149872;643.479065;81.957977;843.494995;816.239746;357.031158;;;;414.270660;699.233948;93.336090;;;;;;;;;;;;;;;;;;;528.789124;729.217041;97.309013;;;;;;;;;;;;;795.341553;837.518188;207.572769;;;;;;;;;;;;
416;;;;478.277649;643.580078;81.976875;843.518127;816.359741;357.043701;;;;414.305206;699.222046;93.272453;;;;;;;;;;;;;;;;;;;528.728638;729.343933;97.325760;;;;;;;;;;;;;795.213257;837.676514;207.574783;;;;;;;;;;;;
417;;;;478.385010;643.579712;81.988678;843.521179;816.467163;357.056488;;;;414.314972;699.151306;93.334557;;;;;;;;;;;;;;;;;;;528.675232;729.503113;97.420662;;;;;;;;;;;;;795.135376;837.849670;207.587433;;;;;;;;;;;;
418;;;;478.532166;643.705139;82.017052;843.549744;816.635193;357.118622;;;;414.349976;699.122681;93.235802;;;;;;;;;;;;;;;;;;;528.678589;729.587891;97.428383;;;;;;;;;;;;;795.176514;837.967651;207.641602;;;;;;;;;;;;
419;;;;478.606476;643.690918;82.001541;843.609802;816.806824;357.124084;;;;414.328583;699.131104;93.219650;;;;;;;;;;;;;;;;;;;528.750671;729.837830;97.190041;;;;;;;;;;;;;795.166565;838.074341;207.686401;;;;;;;;;;;;
420;;;;478.646210;643.812012;82.044533;843.614136;816.981812;357.140198;;;;414.361603;699.133179;93.275887;;;;;;;;;;;;;;;;;;;528.759033;729.999329;97.141609;;;;;;;;;;;;;795.060852;838.188171;207.691147;;;;;;;;;;;;
421;;;;478.726868;643.846436;81.998253;843.689026;817.098877;357.094421;;;;414.390137;699.093201;93.021492;;;;;;;;;;;;;;;;;;;528.697144;730.130310;97.166351;;;;;;;;;;;;;794.725403;838.484436;207.838318;;;;;;;;;;;;
422;;;;478.839844;643.935181;81.982864;843.709900;817.199036;357.203613;;;;414.440796;699.096497;92.917564;;;;;;;;;;;;;;;;;;;528.675171;730.216919;97.159279;;;;;;;;;;;;;794.871094;838.526855;207.835770;;;;;;;;;;;;
423;;;;478.857758;643.952454;81.972755;843.705688;817.331421;357.262024;;;;414.425262;699.144043;93.180244;;;;;;;;;;;;;;;;;;;528.615540;730.256409;97.259354;;;;;;;;;;;;;795.068604;838.508545;207.747177;;;;;;;;;;;;
424;;;;478.910278;643.940247;82.008018;843.697754;817.443970;357.277527;;;;414.323425;699.138916;93.261436;;;;;;;;;;;;;;;;;;;528.581055;730.346252;97.160378;;;;;;;;;;;;;795.162415;838.649841;207.717056;;;;;;;;;;;;
425;;;;478.900421;643.924683;82.029808;843.755859;817.482300;357.332550;;;;414.341431;699.129211;93.307701;;;;;;;;;;;;;;;;;;;528.541504;730.377075;97.249435;;;;;;;;;;;;;795.033691;838.714355;207.740036;;;;;;;;;;;;
426;;;;478.906311;643.930725;82.024323;843.796204;817.547974;357.342621;;;;414.343170;699.122253;93.236450;;;;;;;;;;;;;;;;;;;528.493469;730.473267;97.191200;;;;;;;;;;;;;795.029358;838.757813;207.791443;;;;;;;;;;;;
427;;;;478.935944;644.008850;82.000122;843.858704;817.586121;357.395935;;;;414.336426;699.136841;93.215584;;;;;;;;;;;;;;;;;;;528.521057;730.504883;97.300003;;;;;;;;;;;;;795.028259;838.887390;207.872391;;;;;;;;;;;;
428;;;;478.988251;644.012207;81.934036;843.863647;817.686401;357.418488;;;;414.393555;699.097900;93.011826;;;;;;;;;;;;;;;;;;;528.457397;730.535583;97.234261;;;;;;;;;;;;;795.121765;838.857361;207.852631;;;;;;;;;;;;
429;;;;478.964905;644.019043;81.931648;843.911560;817.752869;357.482086;;;;414.395325;699.127869;93.127808;;;;;;;;;;;;;;;;;;;528.428162;730.621094;97.231598;;;;;;;;;;;;;795.001343;838.941772;207.866501;;;;;;;;;;;;
430;;;;479.022278;644.039063;81.923325;843.923279;817.752258;357.601807;;;;414.396942;699.122803;93.194855;;;;;;;;;;;;;;;;;;;528.434387;730.651184;97.274437;;;;;;;;;;;;;795.049988;838.987915;207.886581;;;;;;;;;;;;
431;;;;479.147095;644.232056;81.641029;843.914978;817.839966;357.661469;;;;414.354828;699.124146;93.216148;;;;;;;;;;;;;;;;;;;528.398560;730.661377;97.255249;;;;;;;;;;;;;795.127808;838.977112;207.937683;;;;;;;;;;;;
432;;;;479.381744;644.296875;81.369431;843.969421;817.846252;357.715851;;;;414.470367;698.997437;92.916153;;;;;;;;;;;;;;;;;;;528.372681;730.749084;97.312576;;;;;;;;;;;;;795.149353;838.989380;208.021439;;;;;;;;;;;;
433;;;;479.371765;644.151611;81.572273;843.936035;817.872314;357.788849;;;;414.424927;699.023376;93.064323;;;;;;;;;;;;;;;;;;;528.375549;730.754761;97.332054;;;;;;;;;;;;;795.109009;838.956604;207.931107;;;;;;;;;;;;
434;;;;479.255035;644.170532;81.610542;843.918640;817.876831;357.801849;;;;414.431732;699.017273;93.136559;;;;;;;;;;;;;;;;;;;528.377625;730.769775;97.352875;;;;;;;;;;;;;795.121460;839.076233;208.033875;;;;;;;;;;;;
435;;;;479.349640;644.260010;81.430588;843.923889;817.865234;357.932281;;;;414.478027;698.981873;92.898781;;;;;;;;;;;;;;;;;;;528.343018;730.737122;97.348099;;;;;;;;;;;;;795.158813;839.058228;208.116791;;;;;;;;;;;;
436;;;;479.357330;644.328369;81.525047;843.922424;817.863525;357.959625;;;;414.411804;698.938416;93.100456;;;;;;;;;;;;;;;;;;;528.384766;730.766846;97.418243;;;;;;;;;;;;;795.226807;839.033630;208.174255;;;;;;;;;;;;
437;;;;479.418396;644.121948;81.680038;843.867249;817.868713;358.007904;;;;414.390198;698.885681;92.991936;;;;;;;;;;;;;;;;;;;528.340820;730.752380;97.325546;;;;;;;;;;;;;795.246582;839.028931;208.167282;;;;;;;;;;;;
438;;;;479.420685;644.067810;81.739044;843.851990;817.870422;358.017975;;;;414.368164;699.013428;93.072556;;;;;;;;;;;;;;;;;;;528.406616;730.742554;97.389130;;;;;;;;;;;;;795.160034;839.076782;208.194321;;;;;;;;;;;;
439;;;;479.440277;644.259949;81.442802;843.802307;817.867188;358.097534;;;;414.418854;698.937561;93.141586;;;;;;;;;;;;;;;;;;;528.355225;730.760315;97.317253;;;;;;;;;;;;;;;;;;;;;;;;;;;
440;;;;479.244812;644.128235;81.814682;843.846497;817.860107;358.168549;;;;414.399323;699.003906;93.159889;;;;;;;;;;;;;;;;;;;528.360168;730.770691;97.353706;;;;;;;;;;;;;;;;795.209900;838.910217;208.202240;;;;;;;;;
441;;;;479.384552;644.308533;81.419487;843.862732;817.858704;358.172699;;;;414.368530;698.940308;93.219261;;;;;;;;;;;;;;;;;;;528.370544;730.780151;97.245354;;;;;;;;;;;;;;;;795.087646;838.958923;208.385376;;;;;;;;;
442;;;;479.549530;644.392761;81.228470;843.775696;817.855713;358.229126;;;;414.315186;698.926086;93.259415;;;;;;;;;;;;;;;;;;;528.332642;730.759888;97.225624;;;;;;;;;;;;;;;;;;;;;;;;;;;
443;;;;479.535065;644.403992;81.236679;843.749451;817.856689;358.245300;;;;414.320068;698.923218;93.232719;;;;;;;;;;;;;;;;;;;528.305664;730.776611;97.273193;;;;;;;;;;;;;;;;;;;795.146240;838.907654;208.255035;;;;;;
444;;;;479.280670;644.269104;81.479141;843.701904;817.762207;358.284851;;;;414.305145;699.021729;93.160561;;;;;;;;;;;;;;;;;;;528.290283;730.812134;97.272308;;;;;;;;;;;;;;;;;;;795.185852;838.799377;208.197937;;;;;;
445;;;;479.176239;644.200195;81.677879;843.295959;817.688965;358.573242;;;;414.392548;699.034973;93.098366;;;;;;;;;;;;;;;;;;;528.317932;730.791138;97.229828;;;;;;;;;;;;;;;;;;;795.265869;838.778442;208.227219;;;;;;
446;;;;479.350464;644.287659;81.465805;843.175476;817.754028;358.668671;;;;414.325409;699.039978;93.104607;;;;;;;;;;;;;;;;;;;528.186707;730.764038;97.004166;;;;;;;;;;;;;;;;;;;795.197388;838.886597;208.222015;;;;;;
447;;;;479.286560;644.279785;81.515625;843.203552;817.707092;358.642609;;;;414.318939;699.036377;93.156509;;;;;;;;;;;;;;;;;;;528.185974;730.793640;96.947662;;;;;;;;;;;;;;;;;;;795.078491;838.872131;208.252121;;;;;;
448;;;;479.229370;644.341187;81.604805;843.231995;817.692261;358.619537;;;;414.258270;699.040894;93.175781;;;;;;;;;;;;;;;;;;;528.394409;730.669800;96.626221;;;;;;;;;;;;;;;;;;;795.116455;838.811584;208.256546;;;;;;
449;;;;479.348572;644.378113;81.379021;843.145447;817.692444;358.572632;;;;414.269531;699.041443;93.203194;;;;;;;;;;;;;;;;;;;528.457397;730.752686;96.806992;;;;;;;;;;;;;;;;;;;;;;;;;;;
450;;;;479.415619;644.426453;81.306557;843.120544;817.694702;358.569763;;;;414.299164;699.031555;93.166275;;;;;;;;;;;;;;;;;;;528.413086;730.700806;96.641182;;;;;;;;;;;;;;;;;;;;;;;;;;;
451;;;;479.277649;644.275879;81.477242;843.124268;817.695007;358.573669;;;;414.289185;699.041992;93.182007;;;;;;;;;;;;;;;;;;;528.440979;730.675232;96.550095;;;;;;;;;;;;;;;;;;;;;;;;;;;
452;;;;479.388763;644.308350;81.409729;843.114929;817.729736;358.570160;;;;414.301575;699.033081;93.159981;;;;;;;;;;;;;;;;;;;528.421875;730.676819;96.523438;;;;;;;;;;;;;;;;;;;;;;;;;;;
453;;;;479.427216;644.333801;81.350266;843.062500;817.770020;358.532013;;;;414.470520;698.946106;92.591515;;;;;;;;;;;;;;;;;;;528.442383;730.671631;96.495705;;;;;;;;;;;;;;;;;;;;;;;;;;;
454;;;;479.450562;644.387634;81.214241;843.056335;817.711792;358.515350;;;;414.424103;699.040222;92.880478;;;;;;;;;;;;;;;;;;;529.138306;730.781616;96.095802;;;;;;;;;;;;;;;;;;;;;;;;;;;
455;;;;479.445587;644.348938;81.259506;842.999023;817.776001;358.444214;;;;414.303894;699.044006;93.136024;;;;;;;;;;;;;;;;;;;528.717468;730.686096;96.254784;;;;;;;;;;;;;;;;;;;;;;;;;;;
456;;;;479.440094;644.312073;81.327782;842.978027;817.763733;358.417755;;;;414.503387;698.929565;92.590721;;;;;;;;;;;;;;;;;;;528.608643;730.668945;96.340302;;;;;;;;;;;;;;;;;;;;;;795.110901;838.908020;208.019516;;;
457;;;;479.431305;644.383057;81.278618;842.979980;817.756653;358.419128;;;;414.425720;699.040161;92.904755;;;;;;;;;;;;;;;;;;;528.569519;730.676392;96.376106;;;;;;;;;;;;;;;;;;;;;;;;;;;
458;;;;479.503998;644.401611;81.173477;842.975342;817.812500;358.392029;;;;414.343475;699.030334;93.077675;;;;;;;;;;;;;;;;;;;528.602295;730.696838;96.363495;;;;;;;;;;;;;;;;;;;;;;;;;;;
459;;;;479.311798;644.125854;81.818489;842.973816;817.786682;358.382843;;;;414.329163;699.022034;93.146744;;;;;;;;;;;;;;;;;;;528.523743;730.713379;96.413460;;;;;;;;;;;;;;;;;;;;;;;;;794.984619;839.056274;207.979019
460;;;;479.498993;644.263672;81.456863;842.899780;817.909546;358.307129;;;;414.304077;699.029663;93.161423;;;;;;;;;;;;;;;;;;;528.587708;730.588074;96.354424;;;;;;;;;;;;;;;;;;;;;;;;;795.001038;839.024231;208.020065
461;;;;479.606812;644.291626;81.262558;842.883728;817.931030;358.295959;;;;414.359497;699.025330;93.093803;;;;;;;;;;;;;;;;;;;528.682251;730.644043;96.280357;;;;;;;;;;;;;;;;;;;;;;;;;794.854492;839.054504;208.110641
462;;;;479.600220;644.376282;81.152428;842.893738;817.911255;358.321350;;;;414.331146;699.030212;93.064087;;;;;;;;;;;;;;;;;;;528.671509;730.687988;96.284164;;;;;;;;;;;;;;;;;;;;;;;;;794.753174;839.192749;208.087326
