Sequential53;;;
Date:;2025/04/22;;
Time:;17:29:01;;
Type:;test;;
Description:;"";;
Notes:;"";;
TRAJECTORIES;;;
200.000000;Hz;;
;*1;;
Field #;X;Y;Z
1;878.941162;653.643921;114.973183
2;878.948975;653.642456;114.964912
3;878.940796;653.543152;114.890602
4;878.943848;653.416565;114.911240
5;879.014709;653.377075;114.971825
6;879.029114;653.282837;114.932693
7;878.975281;653.284790;114.914131
8;879.057129;653.252869;114.972778
9;879.047180;653.155640;115.050392
10;879.060608;653.124207;115.068298
11;879.090210;653.121826;115.078125
12;879.043640;653.049133;115.038239
13;879.000793;653.040771;115.134956
14;878.988464;653.032715;115.135155
15;878.990906;653.028687;115.173035
16;878.947083;652.920898;115.284386
17;878.877808;652.903259;115.278709
18;878.832214;652.923279;115.285896
19;878.848999;652.914856;115.341339
20;878.502991;652.783508;115.595497
21;878.592896;652.814636;115.435234
22;878.314148;652.747498;115.720734
23;878.333313;652.861816;115.636902
24;878.516052;652.794861;115.515633
25;878.546143;652.773621;115.511894
26;878.286194;652.848572;115.693085
27;878.302185;652.814758;115.749695
28;878.158691;652.676575;116.065018
29;878.184082;652.786255;115.915070
30;878.221436;652.865295;115.838806
31;878.238525;652.872009;115.898071
32;878.174622;652.858459;116.002113
33;878.094666;652.872498;116.027962
34;878.137451;652.853821;116.104904
35;878.057312;652.879150;116.045601
36;878.050171;652.896790;116.227715
37;877.937317;652.986877;116.312416
38;877.846130;653.007385;116.355568
39;877.833618;653.098511;116.384354
40;877.860535;653.223999;116.413147
41;877.628540;653.189697;116.809502
42;877.628540;653.408020;116.721138
43;877.632446;653.582092;116.678696
44;877.531372;653.558899;116.980492
45;877.291809;653.602417;117.052856
46;877.030273;653.735168;117.557579
47;876.654541;653.907043;118.167328
48;876.166809;654.239502;118.275864
49;875.928772;654.276367;118.966743
50;875.720581;654.501587;119.504105
51;875.597473;654.680054;120.059982
52;875.503479;654.812988;120.954056
53;875.175476;654.941101;121.705101
54;874.951965;654.969360;122.394249
55;874.795166;654.925232;122.856308
56;874.680237;654.951416;123.562752
57;874.376465;655.006165;124.320168
58;873.949890;655.146240;124.883583
59;873.594299;655.366089;126.200302
60;873.417297;655.268127;127.315742
61;873.102051;655.198608;128.441772
62;872.845886;655.204590;129.332199
63;872.402588;655.106140;130.954727
64;871.606079;655.050842;132.631653
65;870.833862;654.846191;134.273483
66;870.081848;654.622803;135.498932
67;869.178467;654.850952;137.521774
68;868.112732;654.827393;139.600677
69;866.861938;654.672852;141.440918
70;865.579468;654.787781;143.372955
71;864.326050;654.855347;145.656052
72;862.403687;654.839111;147.594925
73;859.840027;654.923462;150.234192
74;858.500610;655.100525;152.383972
75;856.301453;655.216431;154.091171
76;854.113220;655.614014;156.217056
77;851.289917;655.900757;158.391525
78;848.893738;656.104065;160.663467
79;845.940002;656.354248;163.204010
80;842.942810;656.785767;164.885147
81;840.249329;656.888306;166.764557
82;837.196411;657.311340;169.524734
83;833.646606;657.590698;171.532776
84;830.320068;657.874634;173.325256
85;826.970947;658.382874;175.504990
86;823.528442;658.614380;177.192444
87;819.535950;658.869324;179.070480
88;815.931396;659.132385;181.040619
89;812.373962;659.412537;182.286407
90;808.458496;659.657410;184.197556
91;804.063477;659.947937;186.032883
92;800.274170;660.174805;187.457748
93;796.188843;660.474304;188.163345
94;792.270691;660.627075;189.301926
95;788.299438;660.933044;190.628067
96;783.998413;661.106384;191.396866
97;779.696716;661.355286;192.080322
98;775.618408;661.568665;192.713211
99;771.548706;661.831787;193.127243
100;767.053894;662.082397;193.316650
101;762.395386;662.281128;193.259369
102;757.973389;662.248840;193.278793
103;753.667358;662.454163;193.353622
104;749.393982;662.741943;193.154984
105;744.964417;662.851501;193.031158
106;740.323730;662.893677;192.668442
107;736.085144;662.880188;192.329803
108;731.613281;663.093994;191.720169
109;727.070984;663.283325;191.201981
110;722.690369;663.403931;190.489212
111;718.309570;663.630432;189.764511
112;714.037964;663.699768;188.401688
113;709.577820;664.080994;187.194153
114;705.288391;663.998474;186.352432
115;700.949463;664.199280;184.805496
116;697.077881;664.294922;183.607666
117;693.283325;664.653381;181.860733
118;689.257629;664.730164;180.318512
119;685.254150;664.978577;178.241089
120;681.414490;665.114441;176.548813
121;677.986633;665.460632;174.587570
122;674.446228;665.465820;172.696945
123;670.865601;665.431580;170.701508
124;667.553894;665.683838;168.607040
125;664.159851;665.780701;166.554489
126;661.231628;665.996338;163.835709
127;658.175415;666.009338;161.660156
128;655.474365;666.535828;159.077179
129;652.564758;666.332153;156.597275
130;650.108337;666.210999;154.723770
131;647.386353;666.641541;152.144363
132;645.599548;666.745544;149.051819
133;643.607971;666.921875;146.507355
134;641.322327;667.031494;143.794327
135;639.549316;666.826416;140.782181
136;637.816711;667.083923;138.118210
137;636.171875;667.238708;134.736771
138;634.744812;667.092773;131.875885
139;633.222046;666.867615;128.239716
140;632.041809;667.045410;125.238808
141;631.090576;667.073914;121.369949
142;630.312012;666.914978;118.176506
143;629.392822;666.691162;114.281227
144;629.016602;666.077209;110.331703
145;629.405396;665.598083;107.963737
146;630.147705;665.421387;106.840134
147;630.617981;665.250305;106.091385
148;630.387329;664.920288;105.193901
149;630.007568;664.423340;104.847893
150;629.846497;663.733276;105.071831
151;629.598267;663.410217;105.840256
152;629.364807;663.313538;106.559509
153;629.156494;663.274780;107.240990
154;628.926941;663.284851;107.743874
155;628.619324;663.311646;108.386673
156;628.561462;663.228882;109.066185
157;628.614685;663.171021;109.320282
158;628.580627;663.024719;109.537926
159;628.549377;662.999939;109.664017
160;628.623657;662.912598;109.662994
161;628.678162;662.895630;109.552162
162;628.792725;662.946838;109.476906
163;628.856934;663.024536;109.341415
164;628.904419;663.023499;109.286919
165;628.982544;663.150208;109.156563
166;629.188782;663.127380;108.862328
167;629.331970;663.217773;108.662392
168;629.417847;663.226257;108.437286
169;629.455322;663.350952;108.539665
170;629.451843;663.457214;108.548798
171;629.502441;663.553650;108.415352
172;629.510559;663.655151;108.396637
173;629.374695;663.729187;108.425636
174;629.359131;663.850647;108.371994
175;629.302673;663.984497;108.329063
176;629.199341;663.989685;108.313316
177;629.237183;664.059326;108.209389
178;629.148804;664.088257;108.228836
179;629.172913;664.184875;108.202225
180;629.145447;664.202881;108.256920
181;629.089233;664.191711;108.324722
182;629.012878;664.172119;108.254341
183;628.999878;664.175659;108.326073
184;629.004272;664.172974;108.337128
185;628.967529;664.203430;108.267761
186;628.987061;664.080505;108.309540
187;629.002014;664.064758;108.334625
188;628.988953;664.060364;108.331085
189;628.976135;664.045410;108.314034
190;629.033020;663.973877;108.298851
191;629.029053;664.074280;108.254311
192;629.096252;664.003357;108.255013
193;629.142700;663.970154;108.214195
194;629.210022;663.956482;108.230621
195;629.323303;663.943726;108.101273
196;629.407898;663.996094;108.070450
197;629.472534;664.078308;108.006950
198;629.528198;664.093323;107.997696
199;629.582214;664.080994;108.042343
200;629.687622;664.042480;107.988228
201;629.721741;664.079224;107.889641
202;629.746643;664.043945;107.868721
203;629.825134;664.038086;107.844704
204;629.859436;664.025818;107.777863
205;629.891052;664.060730;107.652153
206;629.945557;664.070862;107.582954
207;629.938171;664.047241;107.475121
208;629.918396;663.882202;107.392921
209;629.919434;663.823853;107.460800
210;629.974915;663.923279;107.441895
211;629.873474;663.923706;107.448174
212;629.822693;663.932495;107.409843
213;629.852966;663.919373;107.452614
214;629.809753;663.841370;107.435089
215;629.778809;663.810669;107.414009
216;629.748901;663.816711;107.456039
217;629.693420;663.810181;107.381798
218;629.731201;663.831909;107.335938
219;629.683777;663.774414;107.310501
220;629.658386;663.759033;107.332497
221;629.709351;663.815186;107.355675
222;629.748413;663.795227;107.375763
223;629.718140;663.792725;107.311295
224;629.726196;663.813904;107.301781
225;629.755005;663.828003;107.294022
226;629.683105;663.763794;107.284531
227;629.681091;663.806396;107.382301
228;629.679810;663.816956;107.404358
229;629.682068;663.815979;107.397453
230;629.659058;663.761475;107.460266
231;629.673523;663.750549;107.434334
232;629.678955;663.768005;107.435234
233;629.627380;663.685852;107.506660
234;629.586548;663.632751;107.499023
235;629.596252;663.628296;107.468048
236;629.560486;663.554810;107.504593
237;629.485596;663.560303;107.394814
238;629.431396;663.564026;107.378235
239;629.455261;663.523682;107.450134
240;629.392151;663.518494;107.422218
241;629.384094;663.533386;107.386154
242;629.417358;663.510620;107.342201
243;629.385437;663.604431;107.331490
244;629.233826;663.525452;107.379814
245;629.314758;663.595886;107.416489
246;629.341675;663.645325;107.322105
247;629.286316;663.651428;107.374214
248;629.216614;663.633423;107.202538
249;629.160522;663.685425;107.340279
250;629.098816;663.651978;107.568489
251;629.043152;663.608276;107.565628
252;629.005127;663.609619;107.654655
253;628.913696;663.664429;107.649368
254;628.882996;663.692932;107.754387
255;628.840881;663.671143;107.805779
256;628.786743;663.699707;107.904037
257;628.818115;663.694153;107.834229
258;628.766846;663.733093;107.906525
259;628.778748;663.965881;108.109207
260;628.753723;663.977600;108.298996
261;628.712830;664.063171;108.385773
262;628.562378;664.209045;108.628632
263;628.595520;664.306763;108.715347
264;628.598389;664.393494;108.760078
265;628.617126;664.504883;108.866280
266;628.611145;664.688293;108.903427
267;628.630432;664.812439;109.031784
268;628.665161;665.099670;109.230568
269;628.579712;665.340149;109.406708
270;628.627075;665.668701;109.743156
271;628.493347;666.022156;110.244064
272;628.273621;666.448364;110.963341
273;628.102905;666.961548;111.828606
274;627.603210;667.336731;112.327614
275;627.630310;667.728821;112.849182
276;627.512878;668.158447;113.174034
277;627.612366;668.584106;113.488411
278;627.667847;669.047729;113.734146
279;627.695923;669.746704;114.365105
280;627.636536;670.347412;114.998360
281;627.648376;671.021423;115.897804
282;627.507324;671.556519;116.687309
283;627.453003;672.043030;117.270660
284;627.672058;672.811523;118.033241
285;627.852539;673.639099;118.792122
286;627.767334;674.270081;119.871429
287;627.666748;674.923767;121.731094
288;627.538086;675.709839;123.210838
289;627.590942;676.558350;124.321014
290;627.598206;677.639893;125.738693
291;627.482300;678.558228;127.058807
292;627.351868;679.577271;128.462097
293;627.177551;680.829224;130.161636
294;626.943054;681.895142;131.440155
295;626.483948;683.327942;132.741776
296;625.969849;684.722656;134.426514
297;625.544739;686.138977;135.905884
298;624.950317;687.708679;137.104462
299;624.088989;689.228088;139.086594
300;623.581116;691.162415;140.421585
301;622.729492;692.571350;142.031876
302;621.477661;694.699341;143.830612
303;620.599365;696.396118;145.279556
304;619.680359;698.445068;146.499054
305;618.606506;700.556763;148.173721
306;618.111694;702.731506;149.480911
307;616.749268;705.057129;150.883514
308;615.855591;707.111389;152.009750
309;614.611755;709.403687;153.172501
310;613.573486;711.846069;154.811081
311;612.354858;714.018311;156.158783
312;611.399658;716.506836;157.555069
313;609.861023;719.507568;159.338135
314;608.997070;721.603027;160.508026
315;607.669189;724.363098;162.326599
316;606.627319;726.642456;163.325134
317;605.270569;729.237122;164.909531
318;603.956421;731.519470;166.060699
319;602.729614;734.346313;167.800812
320;601.627563;736.797913;169.029953
321;600.656677;739.179321;170.292389
322;599.243347;741.868469;171.542084
323;598.220398;744.469116;172.816864
324;596.794983;747.113892;174.394165
325;595.868835;749.609497;175.556778
326;594.666809;752.067078;177.000885
327;593.762512;754.816345;177.846054
328;592.710693;757.456055;179.163498
329;591.245605;759.868225;180.281036
330;590.005371;762.447998;181.186462
331;589.313477;765.134521;182.350433
332;587.887146;767.753296;183.467209
333;587.175842;769.912842;184.158936
334;586.041382;772.804688;184.978119
335;584.959595;775.235168;185.878281
336;583.786926;777.559875;186.506393
337;582.694641;779.893738;187.455811
338;581.658875;782.394836;188.445969
339;580.665527;784.838379;188.784454
340;580.191406;786.843140;189.008255
341;578.718872;789.582031;189.651550
342;577.885376;791.663391;189.969452
343;576.834900;793.913879;190.230301
344;576.175171;795.894043;190.345169
345;575.324829;798.191895;190.339355
346;574.456970;800.428589;190.314880
347;573.431458;802.495239;190.487091
348;572.662598;804.315491;190.392014
349;571.801941;806.799988;189.894104
350;570.651550;808.624512;189.594894
351;569.991211;810.603699;189.335999
352;569.066956;812.315186;188.962311
353;568.213135;814.233337;188.281296
354;567.395752;815.914063;187.825562
355;566.411560;817.641174;187.374176
356;565.416687;819.232483;186.566055
357;564.865356;821.052612;185.864365
358;564.007080;822.458496;184.903015
359;563.203186;824.167114;184.039536
360;562.601807;825.746155;183.422516
361;561.790710;826.991455;182.097931
362;561.250610;828.818848;181.073090
363;560.635376;829.861938;180.099579
364;559.921082;831.137329;178.550201
365;559.443298;832.750732;177.551620
366;558.645996;834.104675;176.273529
367;557.936584;835.522705;175.198395
368;557.560608;836.781494;173.927902
369;557.236206;837.737610;171.988800
370;556.605591;838.698120;170.374893
371;556.161987;840.053528;168.751816
372;555.548279;841.000488;167.694916
373;554.972229;841.882568;165.638855
374;554.509949;842.744690;164.036972
375;554.101074;843.685791;162.011520
376;553.694885;844.642761;159.962967
377;553.380859;845.452515;158.041595
378;553.063782;845.971069;156.017593
379;552.551270;846.522583;154.045349
380;551.991333;847.496582;151.868149
381;551.929810;848.211853;149.841293
382;551.552612;848.647400;147.577637
383;551.582825;849.424438;144.830673
384;551.533752;849.996277;142.465591
385;550.983948;850.651855;139.893585
386;551.098755;850.880676;137.073532
387;550.494873;851.554871;134.498993
388;550.618103;851.667053;131.481201
389;550.375977;852.122803;128.724564
390;550.233582;852.336182;125.139160
391;550.414856;852.617432;121.539375
392;550.139954;852.744202;118.237411
393;550.518555;852.842224;114.188751
394;550.878235;852.833984;110.046570
395;551.962341;852.703369;107.884514
396;553.029602;852.929993;107.084908
397;553.554871;852.703674;105.992935
398;553.494934;852.164795;105.126419
399;552.813049;851.658875;104.250687
400;552.030701;851.415833;103.989479
401;551.257751;851.039734;104.294258
402;550.560730;850.665894;104.436897
403;549.669922;850.543335;104.662437
404;548.715576;850.538696;105.234856
405;548.122314;850.592651;105.201927
406;547.651611;850.672668;105.052658
407;547.139465;850.737244;104.937256
408;546.608521;850.808289;104.863617
409;546.099548;850.808838;104.937553
410;545.719543;850.889343;105.004471
411;545.495178;850.972839;105.022766
412;545.249207;851.142273;104.987694
413;544.984131;851.269958;104.904114
414;544.867554;851.455688;104.966736
415;544.768555;851.588257;104.898933
416;544.502319;851.692505;105.110039
417;544.423828;851.860046;105.301437
418;544.415405;852.019531;105.267410
419;544.495178;852.159607;105.288048
420;544.603882;852.353699;105.307327
421;544.708130;852.490784;105.283424
422;544.827026;852.521362;105.376129
423;544.912537;852.602661;105.462898
424;544.925598;852.708740;105.477722
425;545.007813;852.722961;105.590096
426;545.045166;852.704590;105.553314
427;545.070374;852.707886;105.701225
428;545.066956;852.628174;105.762962
429;545.100586;852.608154;105.819130
430;545.137146;852.524536;105.824921
431;545.122559;852.422913;105.833618
432;545.063538;852.400879;105.884064
433;545.063049;852.232910;105.940331
434;545.111694;852.173767;105.958183
435;545.014099;852.048950;106.019348
436;545.053467;851.921448;106.062035
437;544.988159;851.859253;106.025337
438;544.970459;851.759094;105.998940
439;544.966248;851.718994;106.028511
440;545.066956;851.639282;105.976433
441;545.112061;851.617004;105.866798
442;545.129456;851.591187;105.884712
443;545.393433;851.461243;105.591248
444;545.502563;851.394409;105.519569
445;545.471619;851.479614;105.517387
446;545.500854;851.508362;105.506264
447;545.588379;851.438660;105.531136
448;545.538879;851.425476;105.517578
449;545.621460;851.321655;105.542465
450;545.671204;851.301331;105.544342
451;545.666809;851.311218;105.554413
452;545.637268;851.319092;105.550659
453;545.624756;851.325134;105.574806
454;545.609314;851.346313;105.604408
455;545.657227;851.363831;105.674843
456;545.660461;851.371338;105.712128
457;545.389465;851.472900;106.024681
458;545.289307;851.465759;106.166939
459;545.256287;851.456787;106.248123
460;545.237000;851.473450;106.279686
461;545.211182;851.459412;106.281395
462;545.172058;851.528076;106.373405
463;545.124451;851.567200;106.507492
464;545.073364;851.575989;106.546432
465;545.087952;851.581787;106.556313
466;545.123474;851.544128;106.511841
467;545.132507;851.538879;106.497772
468;545.130310;851.540771;106.500298
469;545.129211;851.616516;106.505760
470;545.154236;851.562012;106.488426
471;545.161072;851.623535;106.485405
472;545.156006;851.626648;106.513374
473;545.127808;851.622070;106.588806
474;545.170593;851.607239;106.612289
475;545.178162;851.512451;106.604950
476;545.071533;851.503357;106.634293
477;545.023499;851.464966;106.771225
478;544.906128;851.351746;106.758705
479;544.873718;851.311890;106.730476
480;544.826599;851.327637;106.786179
481;544.734070;851.239807;106.737823
482;544.740479;851.207031;106.735458
483;544.714294;851.217224;106.749931
484;544.721924;851.191406;106.734421
485;544.756104;851.076660;106.699265
486;544.653381;851.106995;106.641052
487;544.670349;851.057617;106.550804
488;544.662048;850.959900;106.552307
489;544.606567;850.943176;106.567322
490;544.524048;850.825928;106.479568
491;544.545715;850.814575;106.551613
492;544.356140;850.856140;106.628952
493;544.305298;850.803040;106.646393
494;544.253601;850.677917;106.673721
495;544.203369;850.633850;106.659531
496;544.184570;850.605774;106.569038
497;544.214539;850.568848;106.640587
498;544.100342;850.481812;106.659058
499;543.984802;850.480103;106.870659
500;543.947510;850.481262;106.940735
501;543.891235;850.376953;107.014999
502;543.860901;850.344543;107.044205
503;543.855164;850.354431;107.192444
504;543.779541;850.338867;107.244003
505;543.739990;850.264099;107.371254
506;543.677856;850.217590;107.460823
507;543.668762;850.085205;107.503624
508;543.610840;850.042236;107.599945
509;543.537292;849.914612;107.594154
510;543.437500;849.868042;107.766479
511;543.333801;849.750000;107.915245
512;543.165894;849.712463;108.141388
513;543.009521;849.601501;108.322372
514;542.893921;849.476929;108.401199
515;542.780945;849.331970;108.497284
516;542.669617;849.063354;108.607849
517;541.988281;849.172424;109.647850
518;541.536072;849.057495;109.987038
519;541.430725;848.892639;110.016357
520;541.243530;848.883179;110.128967
521;540.901917;848.897644;110.507988
522;540.613342;848.963318;110.903748
523;540.449829;848.996460;111.415031
524;540.261658;849.035645;111.754417
525;540.042664;848.908264;112.199600
526;539.326233;849.066284;113.269051
527;538.879639;849.021729;114.018181
528;538.704529;848.903503;114.313698
529;538.559448;848.744751;114.552452
530;538.238464;848.451233;114.997208
531;537.996765;847.939636;115.073784
532;537.699036;847.366455;115.311356
533;537.389038;846.835693;115.609688
534;537.230164;846.455017;115.896507
535;537.148743;845.581787;116.453102
536;536.734009;844.526794;117.224052
537;536.547485;843.389771;117.551254
538;536.793640;842.166809;117.190773
539;536.630859;840.792908;117.482597
540;536.473206;839.668152;118.005569
541;536.530945;838.112427;118.013741
542;536.584412;836.346008;118.395531
543;536.888062;835.153687;119.313782
544;537.083679;833.106079;119.426361
545;537.010132;831.608032;119.615616
546;536.836731;829.250488;120.145981
547;536.460205;827.354614;120.602592
548;536.266724;824.975647;120.962326
549;535.810120;822.594238;122.059074
550;535.618774;820.073853;122.808884
551;535.256226;817.494385;123.427574
552;535.087219;814.409424;124.111801
553;534.609253;811.321350;124.607224
554;534.083740;807.851563;124.695114
555;533.339966;804.485168;125.905510
556;532.784058;800.710632;126.417137
557;532.254028;796.938354;126.926773
558;531.464111;793.234192;127.127251
559;530.772217;789.477661;127.551491
560;530.060303;785.175598;128.039581
561;529.686707;780.666870;127.927513
562;528.421570;776.088318;128.965363
563;527.305298;772.025940;129.916565
564;526.616028;767.272949;130.170288
565;526.112183;762.485962;130.352463
566;525.111816;757.923279;131.364120
567;524.243103;752.926270;131.678909
568;523.449768;747.953796;132.281982
569;522.939331;742.884521;132.584564
570;522.205261;737.925659;133.029800
571;521.387146;732.721008;133.434509
572;520.250427;727.364746;134.296600
573;519.466248;721.914856;134.937546
574;519.162415;716.594543;135.271530
575;518.267578;711.251038;135.758591
576;517.893921;705.988953;136.581512
577;517.318054;700.122192;136.970917
578;516.518005;694.800476;137.858475
579;516.206116;689.050903;138.386002
580;515.637756;683.181885;138.728745
581;515.279053;677.765442;138.995514
582;514.517761;672.342407;139.680496
583;514.451233;666.175293;139.674301
584;514.320862;660.549866;140.163300
585;513.805054;654.909546;140.847336
586;513.400024;649.302185;141.231644
587;513.104614;643.793030;141.994888
588;512.658081;638.192627;142.433807
589;512.683411;632.890686;142.476685
590;511.954468;627.453918;143.116974
591;511.936432;622.305237;143.329788
592;511.716400;616.713745;143.678421
593;511.590088;611.812195;144.093094
594;511.459747;606.363403;144.677185
595;511.330048;601.584900;144.601913
596;511.411957;596.567139;145.035080
597;511.246582;591.729187;144.901459
598;511.278870;586.834290;145.254059
599;511.322784;582.216003;145.497971
600;511.164825;577.722717;145.156906
601;511.236237;573.250488;145.586685
602;510.963623;568.532898;145.694763
603;511.148376;564.297607;145.643250
604;511.057800;560.295471;145.383240
605;511.176056;556.299316;145.006149
606;511.242157;552.133606;144.450378
607;511.002594;548.147827;144.697556
608;511.097900;544.325623;144.147064
609;511.158356;540.681091;143.626038
610;510.997864;537.189880;143.144867
611;510.979095;533.816040;142.966446
612;511.016785;530.563171;142.445801
613;510.603455;527.466064;141.798157
614;510.941193;524.550781;141.042114
615;510.941406;521.747925;139.914703
616;510.586426;518.940491;139.511963
617;510.824646;516.182068;138.194504
618;511.122742;513.806641;137.002365
619;511.170837;511.598083;136.028000
620;510.842712;508.812805;134.936188
621;510.904053;506.625671;133.787323
622;511.393280;504.714386;132.468460
623;511.523285;502.240601;130.880173
624;511.552307;500.531738;129.691605
625;511.808441;498.118164;127.542358
626;511.915100;496.372040;126.035370
627;512.166748;494.277435;123.475540
628;512.457764;492.739288;121.704895
629;512.659302;490.787079;119.740944
630;513.148560;489.345459;117.023209
631;513.511780;487.786407;114.559578
632;513.932190;486.453644;112.318672
633;515.261475;484.587402;109.643532
634;516.325562;482.891541;107.933342
635;517.659973;481.633972;106.100533
636;518.751038;480.537628;104.494896
637;518.915527;479.588715;103.836464
638;518.613831;479.141693;103.697136
639;518.316650;478.954285;103.681473
640;518.100098;478.887085;103.652313
641;518.019409;478.757904;103.568703
642;517.788330;478.599731;103.578835
643;517.427124;478.379303;103.739174
644;516.926636;478.149017;103.986916
645;516.442139;477.864075;104.159065
646;515.864258;477.584686;104.404350
647;515.562134;477.538757;104.478622
648;515.187622;477.413788;104.512604
649;514.831543;477.295837;104.721855
650;514.510193;477.152618;104.908691
651;514.356934;477.153076;105.177849
652;514.181213;477.088257;105.263771
653;514.117065;477.168640;105.359261
654;514.074280;477.328766;105.438576
655;513.995300;477.450745;105.520653
656;513.998901;477.557251;105.551773
657;514.081177;477.624207;105.553947
658;514.089783;477.740570;105.497658
659;514.056396;477.846893;105.553459
660;514.145447;477.872864;105.627151
661;514.086487;477.948059;105.632263
662;514.178528;477.936920;105.678352
663;514.152527;478.046112;105.648445
664;514.153503;478.071289;105.630325
665;514.175232;478.050812;105.657906
666;514.241272;478.047668;105.665413
667;514.244507;478.046112;105.663528
668;514.325134;477.968872;105.655365
669;514.289978;477.854034;105.691711
670;514.311646;477.832367;105.686516
671;514.290344;477.744385;105.705139
672;514.346130;477.644836;105.727943
673;514.399292;477.613770;105.700691
674;514.416260;477.503906;105.733810
675;514.462097;477.417419;105.721848
676;514.604431;477.180756;105.484261
677;514.643005;477.090210;105.567734
678;514.669861;477.003357;105.614738
679;514.759705;476.836823;105.496559
680;514.767151;476.895111;105.586586
681;514.749390;476.803467;105.613342
682;514.845947;476.756592;105.651146
683;514.904663;476.769562;105.571289
684;514.949158;476.763123;105.510834
685;514.884766;476.695953;105.597267
686;514.910767;476.662537;105.607086
687;514.981384;476.653717;105.632339
688;515.007019;476.672394;105.605003
689;515.082092;476.753082;105.610794
690;515.097473;476.773041;105.586761
691;515.162903;476.796448;105.539764
692;515.236633;476.785034;105.577843
693;515.443481;476.858307;105.520393
694;515.466980;476.843201;105.536278
695;515.559875;476.823395;105.638100
696;515.667847;476.771484;105.776680
697;515.743164;476.718872;105.937805
698;515.788574;476.686981;106.107773
699;515.798035;476.768005;106.109673
700;515.884949;476.792999;106.143929
701;515.945374;476.859161;106.178825
702;515.988831;476.945129;106.243668
703;515.911377;476.957825;106.296303
704;515.789368;477.036560;106.396484
705;515.703186;477.176880;106.635612
706;515.582825;477.270081;106.614044
707;515.544128;477.277191;106.637794
708;515.490112;477.261230;106.692085
709;515.518799;477.286285;106.598007
710;515.564636;477.272583;106.622398
711;515.562988;477.266052;106.641907
712;515.482544;477.265747;106.748314
713;515.507874;477.237091;106.772224
714;515.497986;477.243408;106.825912
715;515.458923;477.161377;106.752960
716;515.438660;477.265656;106.773048
717;515.369019;477.196106;106.720650
718;515.366028;477.151459;106.784912
719;515.347229;477.191864;106.672577
720;515.311646;477.229858;106.695869
721;515.233826;477.117767;106.857239
722;515.148987;477.130402;106.694862
723;515.155579;477.035736;106.824608
724;515.051208;477.042389;106.762840
725;515.061340;476.955353;106.735580
726;515.033997;476.951385;106.756218
727;514.981812;476.913971;106.737076
728;514.918884;476.797638;106.837448
729;514.901550;476.763916;106.838501
730;514.916504;476.607849;107.086571
731;514.836365;476.655884;106.989967
732;514.873840;476.695587;106.896500
733;514.828918;476.611450;106.975418
734;514.791931;476.632080;107.140007
735;514.770142;476.532410;107.205933
736;514.788208;476.478607;107.122505
737;514.709351;476.420105;107.279427
738;514.722107;476.398407;107.390511
739;514.737183;476.484924;107.304794
740;514.751648;476.523163;107.259079
741;514.827393;476.521271;107.196991
742;514.754761;476.468231;107.148926
743;514.781067;476.497070;107.050583
744;514.782776;476.475159;107.050987
745;514.809875;476.527313;107.145660
746;514.831970;476.578583;107.029793
747;514.833435;476.501343;107.001877
748;514.808838;476.475311;107.032700
749;514.833435;476.453186;107.028496
750;514.808289;476.493500;106.982254
751;514.864929;476.462097;107.028267
752;514.930542;476.447601;107.002144
753;514.859375;476.481445;107.003059
754;514.945313;476.483643;106.919083
755;514.917847;476.497253;106.891083
756;514.963318;476.472778;106.993889
757;514.859131;476.428009;107.046890
758;514.966736;476.474640;106.919380
759;514.978638;476.457520;106.943306
760;514.983215;476.450958;106.922073
761;514.925171;476.373016;106.893959
762;514.924683;476.326416;107.063324
763;514.867249;476.363434;106.995209
764;514.945007;476.360626;106.953384
765;514.927002;476.341156;106.976051
766;514.942627;476.373474;106.886528
767;514.919189;476.375641;106.879349
768;514.892151;476.384308;106.852226
769;514.909668;476.346588;106.898247
770;514.883118;476.355560;106.926125
771;514.892029;476.366974;106.915543
772;514.955933;476.277130;106.885300
773;514.967224;476.278351;106.819359
774;514.935486;476.264679;106.881470
775;514.915649;476.258850;106.916626
776;514.937866;476.138275;107.056343
777;514.896667;476.101471;107.120552
778;514.902893;476.148682;106.926575
779;514.902954;476.167816;106.913879
780;514.882324;476.082703;106.957458
781;514.852844;476.036163;107.055367
782;514.924133;476.022919;106.982834
783;514.913452;476.056274;106.998207
784;514.930725;476.023163;107.058273
785;514.931030;476.027618;107.024765
786;514.903381;475.911957;107.146149
787;514.879761;475.916779;107.093231
788;514.928101;475.896271;107.178581
789;514.899597;475.927673;107.076637
790;514.895935;475.958893;106.988327
791;514.957153;475.917267;107.065590
792;514.908325;475.943634;106.953156
793;514.951660;476.042053;106.849152
794;514.952942;476.003021;107.026535
795;514.935120;475.985291;107.091354
796;514.948486;476.041687;106.888901
797;514.961914;476.061646;106.846283
798;514.934448;476.048126;106.881744
799;514.919800;476.041870;106.904594
800;515.008179;476.076721;106.760666
801;515.020630;476.184448;106.684578
802;515.018494;476.185486;106.732010
803;515.010681;476.191833;106.708183
804;514.990051;476.166199;106.763145
805;514.996521;476.148712;106.829826
806;515.001770;476.148926;106.835899
807;515.030212;476.274414;106.775803
808;515.045227;476.326813;106.583061
809;515.034302;476.288788;106.632011
810;515.028076;476.280701;106.671448
811;515.113708;476.374695;106.575409
812;515.126343;476.421173;106.719803
813;515.101929;476.410828;106.781876
814;515.058289;476.355927;106.713028
815;515.147522;476.378479;106.806633
816;515.178101;476.356628;106.670090
817;515.123352;476.323425;106.608833
818;515.140259;476.314819;106.654541
819;515.159729;476.361664;106.548058
820;515.179443;476.375366;106.501984
821;515.171692;476.243378;106.579018
822;515.180786;476.229126;106.599236
823;515.159607;476.111816;106.704361
824;515.210571;476.123810;106.690468
825;515.254089;476.053894;106.688194
826;515.221680;476.027435;106.736320
827;515.215393;475.926422;106.819443
828;515.204224;475.925720;106.789467
829;515.168945;475.927338;106.793816
830;515.139099;475.900299;106.873055
831;515.140625;475.899536;106.888817
832;515.147095;475.902527;106.879120
833;515.116821;475.851593;107.075676
834;515.097412;475.908325;106.949722
835;515.102295;475.909760;106.947235
836;515.026184;475.899994;107.014915
837;514.976074;475.914124;107.125893
838;514.992981;475.997009;107.202667
839;514.866760;476.119843;107.146355
840;514.894348;476.246246;107.104240
841;514.809021;476.465363;107.307098
842;514.695496;476.693176;107.352661
843;514.529968;476.926971;107.576218
844;514.521301;477.365967;108.008568
845;514.636963;477.795380;108.421463
846;514.638245;478.259216;108.845741
847;514.460205;478.736389;109.253799
848;514.320557;479.206573;109.772888
849;514.159607;479.600250;110.120880
850;514.255737;480.080109;110.289307
851;514.413940;480.899170;110.397766
852;514.393677;481.989868;111.138924
853;514.233826;482.861023;111.761528
854;513.950012;483.665619;112.680939
855;513.814575;484.854462;113.121834
856;513.938904;486.339539;113.395760
857;513.976563;487.449280;114.031769
858;513.807617;489.035645;114.798805
859;513.633301;490.377533;115.713692
860;513.650818;492.164032;116.325523
861;513.609680;493.951630;117.227226
862;513.781860;495.860626;117.725685
863;513.933655;497.567474;118.622177
864;514.079102;499.808685;119.418854
865;514.199890;501.568756;120.190125
866;514.052979;504.339294;121.614014
867;513.832031;506.594818;122.330269
868;513.984192;508.689178;123.238548
869;513.907959;511.259583;124.187927
870;513.908264;514.239380;125.096283
871;513.925476;517.041199;125.952492
872;513.850708;519.661194;127.271187
873;513.474121;522.673645;128.263519
874;513.402893;526.049438;129.742706
875;513.439148;529.468018;129.734116
876;513.176453;533.006714;131.224213
877;513.089478;536.588257;131.937531
878;512.902893;540.671814;132.992981
879;512.551147;544.633423;133.715805
880;512.573303;549.028137;134.567642
881;512.111572;553.157593;135.579865
882;511.950348;557.491333;136.078842
883;511.431915;562.195068;136.658829
884;511.414795;567.081848;137.001694
885;511.039368;571.824768;138.062424
886;510.783386;576.840698;138.004639
887;510.675171;581.944641;138.928833
888;510.234619;587.316528;139.510666
889;510.089233;592.584839;139.692413
890;509.767639;598.250183;140.150070
891;509.639435;603.771606;140.132950
892;509.109802;609.482666;140.677765
893;509.203064;615.499512;140.598404
894;508.805786;621.013550;140.958038
895;508.540131;627.000732;141.002518
896;508.707306;632.999756;140.969620
897;508.501251;638.814087;141.083588
898;508.891968;644.733643;141.123566
899;508.688324;650.992981;141.001266
900;508.946259;656.916199;141.008408
901;509.259460;662.939209;140.731567
902;509.428589;668.858826;141.176941
903;509.484924;675.138367;140.956909
904;510.088684;681.687012;141.331924
905;510.456116;687.348816;140.756470
906;510.764038;693.243896;141.430603
907;511.414703;699.544128;141.303131
908;511.958954;705.305969;141.215897
909;512.504639;711.451660;141.343933
910;513.263184;716.982971;141.103302
911;513.912842;723.216675;141.252426
912;514.768921;728.818115;141.058273
913;515.594055;734.457581;140.921051
914;516.776672;740.070618;140.596924
915;517.598022;745.209106;140.352737
916;518.451294;750.719910;140.696457
917;519.720459;755.763489;140.105209
918;520.436829;760.857910;140.123138
919;521.220337;765.755310;140.397400
920;522.831238;770.636292;139.835312
921;524.158569;775.081299;139.511765
922;525.167725;779.620972;139.176178
923;525.942627;784.163086;139.396561
924;526.811035;788.618469;139.324677
925;527.846130;792.659668;138.795639
926;529.277466;796.560242;138.468155
927;530.231628;800.623840;137.700104
928;531.393982;804.428345;137.401108
929;532.533691;808.180481;137.514053
930;533.623047;811.874084;137.088257
931;535.056213;815.140320;136.529617
932;535.678833;818.360168;136.324890
933;536.651550;821.454712;135.877960
934;537.584229;824.288025;135.304718
935;538.777649;827.107788;134.343048
936;539.789063;829.954895;133.473984
937;540.296875;832.267456;133.144943
938;540.922058;834.623230;132.904419
939;542.206543;836.769165;131.981461
940;542.974243;838.798767;131.300018
941;543.629822;841.116699;130.729797
942;544.248230;842.743774;130.242264
943;545.316528;844.667419;128.689423
944;546.419189;846.365417;127.857780
945;546.875488;848.113525;127.611534
946;547.323120;849.412048;127.071289
947;547.790894;850.975891;126.293449
948;548.707703;852.484558;124.906639
949;549.232971;853.519958;124.010750
950;549.409424;854.876038;123.553467
951;549.917969;856.105103;122.681107
952;550.617310;856.902954;120.924927
953;550.968384;857.813599;119.760376
954;551.163269;858.692261;117.982590
955;552.072754;859.175659;116.085991
956;552.617065;859.827637;115.081215
957;553.350464;860.227051;114.721809
958;553.882690;860.638306;114.464447
959;554.073486;860.818542;114.196854
960;554.308777;860.892212;113.601593
961;554.694214;860.536682;112.612465
962;554.776062;860.334595;111.772652
963;554.625610;859.894470;111.539459
964;554.553589;859.751892;111.387436
965;554.455933;859.680237;111.235359
966;554.299377;859.614014;111.133537
967;554.094849;859.455933;111.118004
968;553.740173;859.187378;111.007912
969;553.338562;858.866882;110.842392
970;552.960815;858.724304;110.717834
971;552.486267;858.342590;110.549103
972;552.132080;858.071167;110.462898
973;551.803711;857.895081;110.439125
974;551.422852;857.755981;110.445427
975;550.846924;857.631958;110.722252
976;549.914795;857.656555;110.905090
977;549.137329;857.613220;111.124901
978;548.683167;857.813599;111.304764
979;548.553467;857.582397;111.133102
980;548.263916;857.634888;111.090683
981;547.970825;857.680908;111.041229
982;547.716431;857.693909;110.923210
983;547.424500;857.735107;110.741341
984;547.371582;857.606995;110.647446
985;547.244629;857.599426;110.549530
986;547.075317;857.641846;110.465752
987;547.051086;857.636108;110.498596
988;546.996765;857.715698;110.426697
989;546.947632;857.789551;110.397820
990;547.007507;857.762207;110.263855
991;547.067932;857.745972;110.131409
992;547.144287;857.674988;109.984589
993;547.107849;857.665344;109.835114
994;547.271118;857.547241;109.579308
995;547.281006;857.449097;109.645195
996;547.266602;857.347595;109.699547
997;547.212097;857.183228;109.707893
998;547.241272;856.958374;109.644333
999;547.212952;856.761292;109.660477
1000;547.176758;856.487793;109.676659
1001;547.225769;856.242126;109.575348
1002;547.265930;856.025452;109.571915
1003;547.236755;855.928406;109.541672
1004;547.322754;855.811951;109.636932
1005;547.327881;855.708191;109.658417
1006;547.311707;855.608337;109.682999
1007;547.254639;855.600830;109.666946
1008;547.325073;855.588562;109.808907
1009;547.323059;855.592041;109.875870
1010;547.315369;855.593262;109.878662
1011;547.371948;855.577576;109.948318
1012;547.326965;855.585083;110.018845
1013;547.277283;855.569336;110.094444
1014;547.155151;855.503052;110.246452
1015;547.229858;855.460083;110.281624
1016;547.137085;855.482910;110.310768
1017;547.145874;855.485168;110.135536
1018;547.402283;855.283386;109.922722
1019;547.127014;855.528992;110.297615
1020;546.953674;855.487488;110.559570
1021;546.682373;855.352539;110.571632
1022;546.856445;855.383057;110.712440
1023;546.838562;855.275208;110.693459
1024;546.775757;855.198669;110.747391
1025;546.758301;855.110962;110.769386
1026;546.723938;854.959106;110.827766
1027;546.654175;854.923401;110.817856
1028;546.598328;854.885681;110.677147
1029;546.471313;854.924011;110.967499
1030;546.364502;854.926208;111.115860
1031;546.302490;854.863647;111.015465
1032;546.125916;854.857300;111.357727
1033;545.971375;854.837769;111.657814
1034;545.877625;854.811096;111.795074
1035;545.828857;854.776062;111.709366
1036;545.779907;854.797424;111.854012
1037;545.647583;854.798096;111.946091
1038;545.404907;854.601379;112.608894
1039;545.221863;854.552673;112.821388
1040;545.188843;854.581848;112.859520
1041;545.152222;854.627136;112.569183
1042;545.089050;854.611267;112.484062
1043;545.025818;854.596130;112.632332
1044;544.933472;854.558777;112.679131
1045;544.830505;854.576721;112.837196
1046;544.758484;854.611572;112.939232
1047;544.734375;854.621460;112.921471
1048;544.669861;854.611084;113.007530
1049;544.615112;854.576599;113.063622
1050;544.564880;854.584167;113.202820
1051;544.501953;854.595703;113.209320
1052;544.393616;854.615234;113.318184
1053;544.377014;854.563416;113.366112
1054;544.338379;854.571899;113.434731
1055;544.263367;854.515259;113.463165
1056;544.203613;854.429749;113.522415
1057;544.087524;854.434387;113.655609
1058;544.006042;854.432190;113.735580
1059;543.945251;854.424011;113.799561
1060;543.949341;854.327454;114.091362
1061;543.841675;854.211426;114.265511
1062;543.737183;854.210876;114.364113
1063;543.763489;854.055725;114.344185
1064;543.789429;854.021240;114.610748
1065;543.692505;853.918884;114.832176
1066;543.643188;853.826111;114.716270
1067;543.593994;853.825012;114.705803
1068;543.549133;853.833313;114.845566
1069;543.418579;853.814880;115.015366
1070;543.346497;853.810181;115.115654
1071;543.253784;853.710083;115.225655
1072;543.122803;853.679810;115.453377
1073;543.031250;853.666748;115.603615
1074;542.774780;853.756897;116.068138
1075;542.436462;853.804749;116.504799
1076;542.307678;853.786316;116.663208
1077;542.223816;853.748779;116.735931
1078;542.128113;853.684021;116.990982
1079;542.182495;853.481812;116.952316
1080;542.172180;853.390503;116.993240
1081;542.060120;853.387390;117.098778
1082;541.882019;853.383850;117.353539
1083;541.753174;853.364624;117.707115
1084;541.511230;853.357422;118.058922
1085;541.192444;853.387268;118.434181
1086;540.936829;853.359131;118.778969
1087;540.676514;853.419617;119.033287
1088;540.379517;853.412109;119.134193
1089;540.204102;853.317383;119.827888
1090;539.857910;853.397644;120.492668
1091;539.491943;853.390198;120.872932
1092;539.229614;853.461853;121.100258
1093;539.046326;853.580078;121.303444
1094;538.880005;853.763062;121.569008
1095;538.719482;853.854736;121.790398
1096;538.630859;854.012024;122.158813
1097;538.444946;854.205872;122.396545
1098;538.366638;854.503418;122.621567
1099;538.226990;854.727173;123.153214
1100;538.067017;854.806702;123.888214
1101;537.886292;854.827271;124.445976
1102;537.766174;854.721252;124.950912
1103;537.568542;854.311768;125.775711
1104;537.440735;853.891235;126.456726
1105;537.464478;853.430420;126.829994
1106;537.554321;852.902466;127.275612
1107;537.552307;852.412903;127.471252
1108;537.729004;851.790344;127.564087
1109;537.934387;850.706177;127.507744
1110;538.671509;849.431274;126.987396
1111;539.229431;848.445557;127.447617
1112;539.621155;847.313599;128.867828
1113;539.821045;845.883362;129.435471
1114;540.246643;844.932007;129.628403
1115;540.210938;843.679565;131.061218
1116;540.630493;842.038147;132.449005
1117;541.691772;840.519592;132.372620
1118;541.781372;838.869385;133.324356
1119;542.111816;837.330627;134.218216
1120;542.469116;835.408875;135.027008
1121;543.124634;833.300354;135.798264
1122;543.569763;830.973206;136.341537
1123;544.018005;828.601807;137.300095
1124;544.744141;825.946594;137.997406
1125;544.929749;823.451477;139.066528
1126;545.445679;820.209717;139.704498
1127;546.226257;817.137329;140.149811
1128;546.630920;814.173096;140.866638
1129;547.262939;811.086121;141.223541
1130;548.420837;807.361572;141.954147
1131;548.988281;803.965088;142.430069
1132;550.130676;800.561340;143.360031
1133;550.730469;796.961731;144.201218
1134;551.554138;793.258728;145.016052
1135;552.809814;789.285767;145.306808
1136;554.077698;785.264587;145.587662
1137;555.322205;781.610046;146.120575
1138;556.631042;777.864929;146.413116
1139;558.683838;773.876648;146.403152
1140;560.171204;769.808533;146.858215
1141;561.564209;765.992493;147.184799
1142;563.505859;762.351257;147.196381
1143;565.913940;758.115662;146.908875
1144;567.967590;754.123962;146.687210
1145;569.817383;750.369873;147.091446
1146;572.086975;746.540222;146.518524
1147;573.815735;742.831238;146.866974
1148;576.308044;739.323914;146.154999
1149;578.441406;735.384155;145.658585
1150;580.387573;731.832153;145.641953
1151;582.792053;728.186829;145.001083
1152;584.666321;725.017944;144.308167
1153;587.210876;721.727112;143.717407
1154;589.017700;718.591675;143.249649
1155;591.152832;715.350708;142.321609
1156;593.032043;712.220459;141.813202
1157;594.698364;709.444275;141.260529
1158;597.156006;706.180664;139.970139
1159;599.461853;703.665039;138.665131
1160;600.996033;700.979675;137.956131
1161;602.773071;698.342773;136.807938
1162;604.649048;696.190857;135.860107
1163;606.282104;693.656616;134.778778
1164;608.297363;691.416992;133.416977
1165;609.888794;689.531677;132.281693
1166;611.565247;687.504211;130.834473
1167;612.960815;685.661255;128.989716
1168;614.800964;683.885803;127.514130
1169;616.394836;682.358643;125.754402
1170;617.987671;680.679688;123.846359
1171;619.444946;678.654846;121.595787
1172;621.029358;676.890503;120.045891
1173;623.012329;675.099854;118.451340
1174;625.002747;673.392944;116.662712
1175;626.583313;671.414856;115.028740
1176;627.845398;669.489563;113.520149
1177;629.160217;668.085266;112.645973
1178;630.261597;667.251343;111.525879
1179;630.984558;666.849121;111.207146
1180;631.434021;666.251526;111.773346
1181;631.777039;665.695679;111.999474
1182;632.079407;665.321655;111.918800
1183;632.239197;664.836304;111.892075
1184;632.355103;664.482788;112.046539
1185;632.419922;664.122681;111.974808
1186;632.231689;663.721680;112.293198
1187;632.124939;663.418213;112.552368
1188;631.870728;663.162842;113.092560
1189;631.562561;662.936951;112.982094
1190;631.406494;662.760742;113.235497
1191;631.072327;662.402344;113.350143
1192;630.909668;661.877441;113.679070
1193;630.659485;661.316162;113.955185
1194;630.400696;660.843506;114.197182
1195;630.171997;660.525085;114.323891
1196;629.626099;660.353638;114.038292
1197;629.586243;660.079590;114.028862
1198;629.774841;659.758118;113.955727
1199;629.794434;659.558350;113.774078
1200;629.669617;659.358459;113.767921
1201;629.537903;659.323547;113.760445
1202;629.372009;659.248413;113.756866
1203;629.267517;659.254395;113.754013
1204;629.166748;659.540710;113.291626
1205;629.038147;659.670776;113.265388
1206;628.958130;659.778259;113.340263
1207;628.932373;659.885254;113.373795
1208;628.890747;659.901062;113.449471
1209;628.840881;659.898010;113.518990
1210;628.747314;659.999817;113.548691
1211;628.807556;660.015076;113.595078
1212;628.751465;660.017822;113.605713
1213;628.773010;660.101196;113.662766
1214;628.793396;660.107239;113.693336
1215;628.714417;660.129211;113.666023
1216;628.700439;660.132080;113.661736
1217;628.716736;660.136597;113.654427
1218;628.701172;660.139954;113.692650
1219;628.700745;660.142944;113.701065
1220;628.693726;660.111389;113.646591
1221;628.733521;660.022095;113.607674
1222;628.752563;660.014587;113.597984
1223;628.736450;660.024292;113.585632
1224;628.742249;659.929565;113.578140
1225;628.850952;659.865662;113.591042
1226;628.864685;659.782471;113.601868
1227;628.809204;659.668335;113.616051
1228;628.778076;659.663086;113.635345
1229;628.748535;659.564026;113.659561
1230;628.782837;659.444702;113.634514
1231;628.693665;659.353760;113.697159
1232;628.820007;659.274475;113.768875
1233;628.788391;659.291382;113.695915
1234;628.811035;659.202209;113.641853
1235;629.006775;659.146057;113.603943
1236;628.854980;659.077026;113.558273
1237;628.650391;659.007446;113.511909
1238;628.685791;658.992737;113.480484
1239;628.667847;658.894775;113.465950
1240;628.631775;658.721436;113.784027
1241;628.489868;658.609375;113.906425
1242;628.503418;658.582886;113.745705
1243;628.558167;658.578979;113.675896
1244;628.485046;658.479004;113.689705
1245;628.402100;658.411072;113.666626
1246;628.359253;658.286438;113.704453
1247;628.335876;658.248291;113.945786
1248;628.267883;658.238525;113.878250
1249;628.210144;658.190186;113.818581
1250;628.262085;658.158936;114.012810
1251;628.245178;658.141663;114.067200
1252;628.214233;658.132263;114.075844
1253;628.219543;658.152893;114.104919
1254;628.232849;658.156677;114.097038
1255;628.230286;658.176208;114.095009
1256;628.276123;658.280640;114.014809
1257;628.224976;658.301819;113.843208
1258;628.358521;658.271729;113.974808
1259;628.330933;658.334656;113.873299
1260;628.401184;658.414124;113.855927
1261;628.432312;658.473633;113.691956
1262;628.426514;658.487732;113.645462
1263;628.399902;658.582336;113.615341
1264;628.462402;658.609924;113.559937
1265;628.458801;658.539429;113.582474
1266;628.450562;658.724243;113.179909
1267;628.479431;658.534912;113.476593
1268;628.466675;658.470459;113.607246
1269;628.458618;658.478333;113.426796
1270;628.426270;658.631653;113.177460
1271;628.495850;658.647522;112.976952
1272;628.535522;658.495972;113.333084
1273;628.530945;658.431458;113.457611
1274;628.504456;658.486572;113.138634
1275;628.502014;658.633850;112.982147
1276;628.559509;658.399963;113.343887
1277;628.527222;658.466370;113.125900
1278;628.546387;658.506653;113.017776
1279;628.582520;658.523804;112.924866
1280;628.573914;658.447632;112.960846
1281;628.551697;658.413635;112.964218
1282;628.587219;658.402405;113.005836
1283;628.574829;658.421753;112.950653
1284;628.576660;658.428711;112.930695
1285;628.604187;658.404053;112.900848
1286;628.537109;658.436401;112.880455
1287;628.494690;658.449219;112.881111
1288;628.548035;658.432800;112.874893
