Grasp125;;;;;;;;;;;;;;;;;;;;;;;;;;;;;;;;;;;;;;;;;;;;;;;;;;;;;;;;;;;;;;;;;;;;;;;;;;;;;;;;;
Date:;2025/04/30;;;;;;;;;;;;;;;;;;;;;;;;;;;;;;;;;;;;;;;;;;;;;;;;;;;;;;;;;;;;;;;;;;;;;;;;;;;;;;;;
Time:;17:43:02;;;;;;;;;;;;;;;;;;;;;;;;;;;;;;;;;;;;;;;;;;;;;;;;;;;;;;;;;;;;;;;;;;;;;;;;;;;;;;;;
Type:;test;;;;;;;;;;;;;;;;;;;;;;;;;;;;;;;;;;;;;;;;;;;;;;;;;;;;;;;;;;;;;;;;;;;;;;;;;;;;;;;;
Description:;"";;;;;;;;;;;;;;;;;;;;;;;;;;;;;;;;;;;;;;;;;;;;;;;;;;;;;;;;;;;;;;;;;;;;;;;;;;;;;;;;
Notes:;"";;;;;;;;;;;;;;;;;;;;;;;;;;;;;;;;;;;;;;;;;;;;;;;;;;;;;;;;;;;;;;;;;;;;;;;;;;;;;;;;
TRAJECTORIES;;;;;;;;;;;;;;;;;;;;;;;;;;;;;;;;;;;;;;;;;;;;;;;;;;;;;;;;;;;;;;;;;;;;;;;;;;;;;;;;;
200.000000;Hz;;;;;;;;;;;;;;;;;;;;;;;;;;;;;;;;;;;;;;;;;;;;;;;;;;;;;;;;;;;;;;;;;;;;;;;;;;;;;;;;
;*1;;;*2;;;*3;;;*4;;;*5;;;*6;;;*7;;;*8;;;*9;;;*10;;;*11;;;*12;;;*13;;;*14;;;*15;;;*16;;;*17;;;*18;;;*19;;;*20;;;*21;;;*22;;;*23;;;*24;;;*25;;;*26;;;*27;;
Field #;X;Y;Z;X;Y;Z;X;Y;Z;X;Y;Z;X;Y;Z;X;Y;Z;X;Y;Z;X;Y;Z;X;Y;Z;X;Y;Z;X;Y;Z;X;Y;Z;X;Y;Z;X;Y;Z;X;Y;Z;X;Y;Z;X;Y;Z;X;Y;Z;X;Y;Z;X;Y;Z;X;Y;Z;X;Y;Z;X;Y;Z;X;Y;Z;X;Y;Z;X;Y;Z;X;Y;Z
1;808.712708;468.708984;28.668516;938.882629;511.037659;64.644699;1077.021973;751.868835;461.749084;890.999878;432.952759;30.306519;1006.618469;690.788452;260.803131;;;;;;;;;;;;;;;;;;;;;;;;;;;;;;;;;;;;;;;;;;;;;;;;;;;;;;;;;;;;;;;;;;
2;808.655640;468.723663;28.700914;938.834717;510.962982;64.677292;1077.298340;751.896606;461.579712;890.993225;432.985352;30.282927;1006.949097;690.594116;260.607697;;;;;;;;;;;;;;;;;;;;;;;;;;;;;;;;;;;;;;;;;;;;;;;;;;;;;;;;;;;;;;;;;;
3;808.624512;468.634308;28.668055;938.829712;511.047211;64.713631;1077.310913;751.929199;461.535492;890.912842;432.949310;30.365997;1006.692078;690.787231;260.688660;;;;;;;;;;;;;;;;;;;;;;;;;;;;;;;;;;;;;;;;;;;;;;;;;;;;;;;;;;;;;;;;;;
4;808.612610;468.734131;28.690161;938.759827;511.070068;64.749405;1077.515137;751.977722;461.525360;890.976196;432.939453;30.333843;1006.468445;690.975098;260.874725;;;;;;;;;;;;;;;;;;;;;;;;;;;;;;;;;;;;;;;;;;;;;;;;;;;;;;;;;;;;;;;;;;
5;808.862671;468.800507;28.651142;938.651917;511.167603;64.812225;1077.378784;752.421936;461.752625;891.017029;432.945099;30.337374;1006.960754;690.976196;260.763977;;;;;;;;;;;;;;;;;;;;;;;;;;;;;;;;;;;;;;;;;;;;;;;;;;;;;;;;;;;;;;;;;;
6;808.747131;468.756866;28.716417;938.600159;511.201721;64.835861;1077.663696;752.143433;461.599274;891.028381;432.941589;30.348003;1007.117004;691.265442;260.692291;;;;;;;;;;;;;;;;;;;;;;;;;;;;;;;;;;;;;;;;;;;;;;;;;;;;;;;;;;;;;;;;;;
7;808.639282;468.749054;28.783974;938.565857;511.105621;65.130974;1078.045166;752.069641;461.454102;890.944641;432.993378;30.380026;1007.292847;691.563354;260.618805;;;;;;;;;;;;;;;;;;;;;;;;;;;;;;;;;;;;;;;;;;;;;;;;;;;;;;;;;;;;;;;;;;
8;808.629517;468.867889;28.868963;938.475952;511.207306;65.599655;1078.414185;752.057678;461.488739;890.922852;433.006714;30.387674;1007.703003;691.872864;260.304016;;;;;;;;;;;;;;;;;;;;;;;;;;;;;;;;;;;;;;;;;;;;;;;;;;;;;;;;;;;;;;;;;;
9;808.611145;468.931824;28.902164;938.319580;511.345306;65.873314;1079.066772;751.560852;461.141479;890.975647;433.031677;30.416634;1008.177368;692.271912;260.120422;;;;;;;;;;;;;;;;;;;;;;;;;;;;;;;;;;;;;;;;;;;;;;;;;;;;;;;;;;;;;;;;;;
10;808.597351;469.057831;28.941412;938.205017;511.552612;65.990089;1079.468994;751.450439;461.240997;890.883179;433.076630;30.381580;1008.596436;692.498474;260.009369;;;;;;;;;;;;;;;;;;;;;;;;;;;;;;;;;;;;;;;;;;;;;;;;;;;;;;;;;;;;;;;;;;
11;808.647522;469.155792;28.974987;938.055542;511.886658;66.490036;1080.186035;751.561951;460.975372;890.913696;433.183105;30.358192;1008.904907;692.877686;259.859222;;;;;;;;;;;;;;;;;;;;;;;;;;;;;;;;;;;;;;;;;;;;;;;;;;;;;;;;;;;;;;;;;;
12;808.685486;469.198242;29.040119;937.825928;512.239990;67.159210;1080.621826;751.777344;460.773193;890.928284;433.196228;30.439072;1009.274780;693.514587;259.650513;;;;;;;;;;;;;;;;;;;;;;;;;;;;;;;;;;;;;;;;;;;;;;;;;;;;;;;;;;;;;;;;;;
13;808.711182;469.257141;29.046898;937.599792;512.609314;67.605942;1080.999268;751.954468;460.773499;890.913452;433.295715;30.497761;1009.947449;694.389465;260.125122;;;;;;;;;;;;;;;;;;;;;;;;;;;;;;;;;;;;;;;;;;;;;;;;;;;;;;;;;;;;;;;;;;
14;808.809509;469.470459;29.100300;937.364380;513.047852;68.231728;1081.107666;752.151733;460.761627;890.862427;433.436157;30.511185;1010.793274;695.409180;259.220337;;;;;;;;;;;;;;;;;;;;;;;;;;;;;;;;;;;;;;;;;;;;;;;;;;;;;;;;;;;;;;;;;;
15;808.925537;469.763214;29.282059;937.175598;513.300659;68.863754;1081.494751;752.147156;460.765381;890.995117;433.554932;30.528671;1011.619995;696.176514;258.423248;;;;;;;;;;;;;;;;;;;;;;;;;;;;;;;;;;;;;;;;;;;;;;;;;;;;;;;;;;;;;;;;;;
16;809.156677;470.081329;29.485897;937.028992;513.557129;69.096985;1082.143311;752.191711;460.548004;891.191589;433.789734;30.672413;1012.504395;697.127319;258.290802;;;;;;;;;;;;;;;;;;;;;;;;;;;;;;;;;;;;;;;;;;;;;;;;;;;;;;;;;;;;;;;;;;
17;809.369507;470.449707;29.662823;936.997375;514.048401;69.322624;1082.855957;752.401306;460.296295;891.503052;433.994751;30.625498;1013.568909;698.352722;257.937073;;;;;;;;;;;;;;;;;;;;;;;;;;;;;;;;;;;;;;;;;;;;;;;;;;;;;;;;;;;;;;;;;;
18;809.714600;470.754028;30.207119;936.885620;515.018616;70.415970;1084.018799;752.903687;459.945923;891.832031;434.244263;30.687254;1014.837158;699.605896;257.388550;;;;;;;;;;;;;;;;;;;;;;;;;;;;;;;;;;;;;;;;;;;;;;;;;;;;;;;;;;;;;;;;;;
19;810.267700;471.032776;30.726463;936.745728;515.881226;71.470886;1085.236084;753.320007;459.437347;892.293640;434.619629;30.798740;1015.998718;700.817261;257.149689;;;;;;;;;;;;;;;;;;;;;;;;;;;;;;;;;;;;;;;;;;;;;;;;;;;;;;;;;;;;;;;;;;
20;810.892029;471.484070;31.159433;936.551208;516.774597;72.575821;1086.158691;754.190918;459.541870;892.629883;435.215302;31.237263;1017.272461;702.163818;257.281830;;;;;;;;;;;;;;;;;;;;;;;;;;;;;;;;;;;;;;;;;;;;;;;;;;;;;;;;;;;;;;;;;;
21;811.518372;471.877380;31.400217;936.571594;517.728943;73.706306;1086.873169;754.463135;459.789703;892.989502;435.792572;31.611052;1018.391174;703.805176;257.069519;;;;;;;;;;;;;;;;;;;;;;;;;;;;;;;;;;;;;;;;;;;;;;;;;;;;;;;;;;;;;;;;;;
22;812.283447;472.440613;31.429094;936.428101;518.982849;74.686600;1088.316650;755.163025;459.699493;893.221436;436.500061;32.055931;1019.515930;705.480286;256.836151;;;;;;;;;;;;;;;;;;;;;;;;;;;;;;;;;;;;;;;;;;;;;;;;;;;;;;;;;;;;;;;;;;
23;813.008301;473.195709;31.233177;936.251892;520.378235;76.186043;1089.643311;755.785095;459.619537;893.365173;437.197510;32.545807;1021.247925;707.263062;256.307770;;;;;;;;;;;;;;;;;;;;;;;;;;;;;;;;;;;;;;;;;;;;;;;;;;;;;;;;;;;;;;;;;;
24;814.052307;473.956451;32.234612;936.180237;521.649048;77.763634;1090.885132;756.056946;459.259552;893.487610;437.875732;33.202854;1023.232727;708.995178;255.704697;;;;;;;;;;;;;;;;;;;;;;;;;;;;;;;;;;;;;;;;;;;;;;;;;;;;;;;;;;;;;;;;;;
25;815.226563;474.850647;33.237457;936.294922;523.092285;79.002907;1092.529663;756.527954;458.818176;893.848145;438.966583;34.968674;1025.493408;710.840149;255.547211;;;;;;;;;;;;;;;;;;;;;;;;;;;;;;;;;;;;;;;;;;;;;;;;;;;;;;;;;;;;;;;;;;
26;816.488464;475.534790;33.572460;936.384460;525.034119;80.879494;1093.986328;757.107300;458.942566;893.785645;440.438599;36.979519;1027.483398;712.855835;255.071671;;;;;;;;;;;;;;;;;;;;;;;;;;;;;;;;;;;;;;;;;;;;;;;;;;;;;;;;;;;;;;;;;;
27;818.132202;476.399231;34.133533;936.287048;526.822693;82.580605;1095.573486;757.783508;459.088959;893.774109;441.932800;39.032330;1029.443359;714.747803;254.741211;;;;;;;;;;;;;;;;;;;;;;;;;;;;;;;;;;;;;;;;;;;;;;;;;;;;;;;;;;;;;;;;;;
28;819.717285;477.086365;35.932632;936.408508;529.228760;84.508522;1097.626709;758.523621;459.008453;893.787231;443.771484;41.965439;1031.634033;717.038147;254.500595;;;;;;;;;;;;;;;;;;;;;;;;;;;;;;;;;;;;;;;;;;;;;;;;;;;;;;;;;;;;;;;;;;
29;821.641968;477.568817;38.065369;936.880371;531.265930;86.186348;1098.762451;759.224792;459.075165;893.524597;445.499969;44.722527;;;;;;;;;;;;;;;;;;;;;;;;;;;;;;;;;;;;;;;;;;;;;;;;;;;;;;;;;;;;;;;;;;;;;
30;823.947632;478.155579;39.446281;937.391357;533.546814;88.374252;1100.997192;760.188538;458.882965;893.633362;447.238464;47.735298;;;;1035.805908;721.559143;254.864426;;;;;;;;;;;;;;;;;;;;;;;;;;;;;;;;;;;;;;;;;;;;;;;;;;;;;;;;;;;;;;;
31;826.153687;478.721619;41.711998;937.956299;535.947021;90.037476;1103.030273;761.005066;459.122345;893.904663;449.272095;50.941971;;;;1038.599976;723.606323;254.642014;;;;;;;;;;;;;;;;;;;;;;;;;;;;;;;;;;;;;;;;;;;;;;;;;;;;;;;;;;;;;;;
32;828.633057;479.853546;43.137939;938.772522;538.586548;92.181435;1104.654663;761.641357;459.215057;894.512024;451.150238;54.315338;;;;1041.722900;725.984802;253.623749;;;;;;;;;;;;;;;;;;;;;;;;;;;;;;;;;;;;;;;;;;;;;;;;;;;;;;;;;;;;;;;
33;831.284851;481.445496;45.271080;939.657227;541.152405;93.983124;1107.013306;762.440979;459.174408;895.362122;453.256409;57.570690;;;;;;;;;;;;;;;;;;;;;;;;;;;;;;;;;;;;;;;;;;;;;;;;;;;;;;;;;;;;;;;;;;;;;
34;833.854187;483.277222;46.897686;940.581299;544.049683;96.253296;1109.060303;763.358765;459.829102;896.026550;455.223419;61.268181;;;;;;;;;;;;;;;;;;;;;;;;;;;;;;;;;;;;;;;;;;;;;;;;;;;;;;;;;;;;;;;;;;;;;
35;836.804749;485.109222;48.272285;941.686523;546.925781;98.004684;1111.098877;764.284729;459.886108;896.763550;457.630249;64.970123;;;;;;;1049.098389;732.892822;254.782516;;;;;;;;;;;;;;;;;;;;;;;;;;;;;;;;;;;;;;;;;;;;;;;;;;;;;;;;;;;;
36;839.942993;487.412079;50.071159;943.014893;549.684814;100.033546;1113.793457;765.089050;460.252502;897.743347;459.914429;68.288925;;;;;;;;;;;;;;;;;;;;;;;;;;;;;;;;;;;;;;;;;;;;;;;;;;;;;;;;;;;;;;;;;;;;;
37;843.006958;489.469238;52.143341;944.540039;552.457581;101.873856;1115.445068;766.113098;460.744232;898.705688;462.448730;71.865646;;;;;;;;;;;;;;;;;;;;;;;;;;;;;;;;;;;;;;;;;;;;;;;;;;;;;;;;;;;;;;;;;;;;;
38;846.378845;491.941864;54.163521;946.422791;555.602234;103.679482;1117.856689;767.081055;461.206268;899.792542;465.390594;75.266182;;;;;;;;;;;;;;;;;;;;;;;;;;;;;;;;;;;;;;;;;;;;;;;;;;;;;;;;;;;;;;;;;;;;;
39;849.937622;495.029480;55.961845;948.273621;558.432678;105.739876;1120.313843;767.987854;461.572205;900.905457;468.134857;78.667587;;;;;;;;;;;;;;;;;;;;;;;;;;;;;;;;;;;;;;;;;;;;;;;;;;;;;;;;;;;;;;;;;;;;;
40;853.289001;498.113037;57.602203;950.278076;561.071228;107.407143;1122.444702;769.005676;462.303009;902.336548;470.782867;82.063362;;;;;;;;;;;;;;;;;;;;;;;;;;;;;;;;;;;;;;;;;;;;;;;;;;;;;;;;;;;;;;;;;;;;;
41;856.622742;501.597351;59.521618;952.639465;563.772278;108.585693;1124.619873;769.875732;462.739594;903.803833;473.708954;84.938454;;;;;;;;;;;;;;;;;;;;;;;;;;;;;;;;;;;;;;;;;;;;;;;;;;;;;;;;;;;;;;;;;;;;;
42;859.419739;505.254608;62.152145;955.063110;567.050720;110.087982;1127.219360;770.824951;463.119904;905.352722;476.853943;87.840027;;;;;;;;;;;;;;;;;;;;;;;;;;;;;;;;;;;;;;;;;;;;;;;;;;;;;;;;;;;;;;;;;;;;;
43;862.397827;508.921661;64.427452;956.956177;570.158875;112.077194;1129.510986;771.692017;464.421509;906.992188;480.059540;90.083038;;;;;;;;;;;;;;;;;;;;;;;;;;;;;;;;;;;;;;;;;;;;;;;;;;;;;;;;;;;;;;;;;;;;;
44;865.241577;512.851501;66.653252;959.289124;573.339294;113.454430;1131.701050;772.782837;464.924835;908.624573;483.437286;92.189095;;;;;;;;;;;;;;;;;;;;;;;;;;;;;;;;;;;;;;;;;;;;;;;;;;;;;;;;;;;;;;;;;;;;;
45;867.840515;516.931030;69.112801;961.759460;576.888916;114.611389;1134.288452;773.727112;465.568481;909.824219;487.096497;94.651634;;;;;;;;;;;;;;;;;;;;;;;;;;;;;;;;;;;;;;;;;;;;;;;;;;;;;;;;;;;;;;;;;;;;;
46;870.289612;521.048096;71.485092;963.937195;580.585815;116.119514;1136.176270;774.638489;466.204132;911.268860;490.786713;96.754593;;;;;;;;;;;;;;;;;;;;;;;;;;;;;;;;;;;;;;;;;;;;;;;;;;;;;;;;;;;;;;;;;;;;;
47;872.710693;525.367249;73.517944;966.294800;583.806702;117.245033;1138.571289;775.714661;467.261902;912.821167;494.442139;99.152847;;;;;;;;;;;;;;;;;;;;;;;;;;;;;;;;;;;;;;;;;;;;;;;;;;;;;;;;;;;;;;;;;;;;;
48;874.581299;530.130432;75.786064;968.432312;587.540771;118.735352;1141.034790;776.652893;467.752441;914.222351;498.498993;101.397766;;;;;;;;;;;;;;;;;;;;;;;;;;;;;;;;;;;;;;;;;;;;;;;;;;;;;;;;;;;;;;;;;;;;;
49;876.533691;534.956177;78.071121;971.008240;591.327209;119.827759;1143.169678;777.479187;468.346191;915.557617;502.677277;103.347359;;;;;;;;;;;;;;;;;;;;;;;;;;;;;;;;;;;;;;;;;;;;;;;;;;;;;;;;;;;;;;;;;;;;;
50;878.223022;539.832764;79.795021;972.991333;595.159180;120.810432;1145.174072;778.481201;469.223236;917.002686;506.719940;105.297592;;;;;;;;;;;;;;;;;;;;;;;;;;;;;;;;;;;;;;;;;;;;;;;;;;;;;;;;;;;;;;;;;;;;;
51;879.586731;545.144470;81.544884;974.629456;599.124146;121.988205;1148.010376;779.502563;469.862091;918.067932;511.067596;107.330635;;;;;;;;;;;;;;;;;;;;;;;;;;;;;;;;;;;;;;;;;;;;;;;;;;;;;;;;;;;;;;;;;;;;;
52;881.128418;550.544312;83.278419;976.745117;603.327454;123.198212;1149.989014;780.088806;470.419678;919.308167;515.401917;109.490341;;;;;;;;;;;;;;;;;;;;;;;;;;;;;;;;;;;;;;;;;;;;;;;;;;;;;;;;;;;;;;;;;;;;;
53;882.579590;556.030212;84.295593;978.719727;607.334778;123.314972;1152.117920;780.977905;471.387604;920.315674;519.656860;111.369133;;;;;;;;;;;;;;;;;;;;;;;;;;;;;;;;;;;;;;;;;;;;;;;;;;;;;;;;;;;;;;;;;;;;;
54;883.187866;561.886414;85.535751;980.070374;611.364868;124.763847;1154.419067;781.870605;471.879395;921.189880;524.449707;113.074974;;;;;;;;;;;;;;;;;;;;;;;;;;;;;;;;;;;;;;;;;;;;;;;;;;;;;;;;;;;;;;;;;;;;;
55;883.839233;567.867798;86.603432;981.980652;615.632874;125.561485;1157.065918;782.549316;472.668488;922.029480;529.378906;114.397041;;;;;;;;;;;;;;;;;;;;;;;;;;;;;;;;;;;;;;;;;;;;;;;;;;;;;;;;;;;;;;;;;;;;;
56;884.372925;574.028687;87.322723;983.841797;619.821350;125.553543;1158.619385;782.993042;473.430511;922.709839;534.215942;115.906837;;;;;;;;;;;;;;;;;;;;;;;;;;;;;;;;;;;;;;;;;;;;;;;;;;;;;;;;;;;;;;;;;;;;;
57;885.853638;581.152649;87.981819;985.703857;624.015808;126.146454;1161.162720;783.690491;474.252716;923.169250;538.958069;117.519310;;;;;;;;;;;;;;;;;;;;;;;;;;;;;;;;;;;;;;;;;;;;;;;;;;;;;;;;;;;;;;;;;;;;;
58;886.849976;588.069397;88.194084;986.878723;628.475647;126.608971;1163.200562;784.395935;474.552246;923.890625;543.819824;118.468651;;;;;;;;;;;;;;;;;;;;;;;;;;;;;;;;;;;;;;;;;;;;;;;;;;;;;;;;;;;;;;;;;;;;;
59;885.707092;594.207397;89.186806;988.116028;633.350403;127.183189;1165.326172;784.881958;475.638977;923.631775;549.285828;120.015739;;;;;;;;;;;;;;;;;;;;;;;;;;;;;;;;;;;;;;;;;;;;;;;;;;;;;;;;;;;;;;;;;;;;;
60;884.851196;600.686462;90.472198;989.000061;637.655945;127.780113;1166.878662;785.240967;476.392761;923.942078;554.199341;121.713867;;;;;;;;;;;;;;;;;;;;;;;;;;;;;;;;;;;;;;;;;;;;;;;;;;;;;;;;;;;;;;;;;;;;;
61;884.607483;607.695801;91.324142;990.425537;642.081177;128.007385;1168.762817;785.628052;477.245422;923.960449;559.725159;122.225494;;;;;;;;;;;;;;;;;;;;;;;;;;;;;;;;;;;;;;;;;;;;;;;;;;;;;;;;;;;;;;;;;;;;;
62;884.111206;614.911560;91.902847;991.613098;646.156006;128.265915;1170.638916;786.116882;477.604309;924.209961;564.819641;123.001419;;;;;;;;;;;;;;;;;;;;;;;;;;;;;;;;;;;;;;;;;;;;;;;;;;;;;;;;;;;;;;;;;;;;;
63;883.646118;622.167786;91.954338;992.443176;650.464905;128.692993;1172.467651;786.361145;478.255157;924.531860;569.751770;124.199646;;;;;;;;;;;;;;;;;;;;;;;;;;;;;;;;;;;;;;;;;;;;;;;;;;;;;;;;;;;;;;;;;;;;;
64;882.870605;629.697205;92.525223;993.265747;654.946777;128.707626;1174.123779;786.761719;479.349976;925.076050;574.684204;125.610649;;;;;;;;;;;;;;;;;;;;;;;;;;;;;;;;;;;;;;;;;;;;;;;;;;;;;;;;;;;;;;;;;;;;;
65;881.436035;637.063293;93.147568;993.988831;659.301025;128.829193;1175.166992;787.066650;479.962067;925.198669;579.604004;125.711372;;;;;;;;;;;;;;;;;;;;;;;;;;;;;;;;;;;;;;;;;;;;;;;;;;;;;;;;;;;;;;;;;;;;;
66;880.133118;644.539612;93.059868;994.717285;663.329224;128.569672;1176.723877;787.231995;480.535095;925.324524;584.275391;126.651466;;;;;;;;;;;;;;;;;;;;;;;;;;;;;;;;;;;;;;;;;;;;;;;;;;;;;;;;;;;;;;;;;;;;;
67;879.102966;652.308411;93.320374;994.844543;667.424683;128.781830;1178.270264;787.460449;481.133026;925.983459;588.524658;127.160957;;;;;;;;;;;;;;;;;;;;;;;;;;;;;;;;;;;;;;;;;;;;;;;;;;;;;;;;;;;;;;;;;;;;;
68;877.776428;660.045715;93.099937;995.181946;671.482605;128.735153;1179.403442;787.731201;481.346863;926.115173;592.947144;128.245468;;;;;;;;;;1157.576416;799.409424;273.625824;;;;;;;;;;;;;;;;;;;;;;;;;;;;;;;;;;;;;;;;;;;;;;;;;;;;;;;;;
69;875.863953;667.621460;92.782143;995.444031;675.252502;128.453400;1180.547119;787.902527;481.451508;926.310791;596.988708;129.000519;;;;;;;;;;1159.066406;800.184448;274.182526;;;;;;;;;;;;;;;;;;;;;;;;;;;;;;;;;;;;;;;;;;;;;;;;;;;;;;;;;
70;873.983521;675.329651;92.650841;995.159424;678.713257;128.493851;1181.663208;788.146606;482.160339;926.022095;601.291992;129.983032;;;;;;;;;;1161.571899;801.005249;274.141357;;;;;;;;;;;;;;;;;;;;;;;;;;;;;;;;;;;;;;;;;;;;;;;;;;;;;;;;;
71;872.050659;682.774780;93.088676;995.301880;682.382080;127.964081;1182.608887;788.370117;482.813019;926.005798;605.376953;130.454987;;;;;;;;;;1163.225342;802.171448;274.695526;;;;;;;;;;;;;;;;;;;;;;;;;;;;;;;;;;;;;;;;;;;;;;;;;;;;;;;;;
72;870.630981;690.102661;92.406563;995.014404;685.996216;127.924072;1183.293945;788.581238;482.947052;926.206726;609.254395;131.215942;;;;;;;;;;1164.304321;802.999756;275.552277;;;;;;;;;;;;;;;;;;;;;;;;;;;;;;;;;;;;;;;;;;;;;;;;;;;;;;;;;
73;868.972534;697.077698;91.950455;994.525879;689.262878;127.835350;1183.915527;788.983643;482.932922;925.881531;612.719055;132.191772;;;;;;;;;;1165.291870;803.609924;275.790833;;;;;;;;;;;;;;;;;;;;;;;;;;;;;;;;;;;;;;;;;;;;;;;;;;;;;;;;;
74;;;;993.828186;692.490845;127.401512;1184.656250;789.184937;482.990387;925.605164;615.840027;132.821625;;;;;;;;;;1166.299072;804.246643;276.104187;;;;;;;;;;;;;;;;;;;;;;;;;;;;;;;;;;;;;;;;;;;;;;;;;;;;;;;;;
75;;;;992.997131;695.463257;128.129608;1185.377686;789.371155;482.955933;924.959290;619.097717;133.353226;;;;;;;;;;1167.111938;804.949707;276.534607;;;;;;;;;;;;;;;;;;;;;;;;;;;;;;;;;;;;;;;;;;;;;;;;;;;;;;;;;
76;;;;992.148376;697.863892;127.973244;1186.024536;789.511108;482.861145;924.597290;621.929077;134.113403;;;;;;;;;;1167.564575;805.851074;276.574310;;;;;;;;;;;;;;;;;;;;;;;;;;;;;;;;;;;;;;;;;;;;;;;;;;;;;;;;;
77;;;;991.295410;700.869080;127.274887;1186.368896;789.653931;482.638947;924.659973;624.261108;134.231461;;;;;;;;;;1167.962891;806.516479;276.649536;;;;;;;;;;;;;;;;;;;;;;;;;;;;;;;;;;;;;;;;;;;;;;;;;;;;;;;;;
78;;;;990.717285;702.917969;126.640251;1186.658447;789.717529;482.333221;924.584473;627.232544;134.149658;;;;;;;;;;1168.127563;806.975647;276.751373;;;;;;;;;;;;;;;;;;;;;;;;;;;;;;;;;;;;;;;;;;;;;;;;;;;;;;;;;
79;;;;989.619019;705.095703;126.917145;1186.914063;789.895508;482.249420;923.387024;629.221619;135.059189;;;;;;;;;;1168.071411;807.501465;276.712036;;;;;;;;;;;;;;;;;;;;;;;;;;;;;;;;;;;;;;;;;;;;;;;;;;;;;;;;;
80;;;;988.529968;707.275208;126.504524;1187.006226;790.107605;482.078888;922.209656;630.973816;135.822708;;;;;;;;;;1167.915161;808.235046;276.438263;;;;;;;;;;;;;;;;;;;;;;;;;;;;;;;;;;;;;;;;;;;;;;;;;;;;;;;;;
81;;;;986.805298;709.193604;126.250183;1187.114380;790.417847;481.540466;921.305786;632.663513;136.481400;;;;;;;;;;1167.654419;808.788513;276.272552;;;;;;;;;;;;;;;;;;;;;;;;;;;;;;;;;;;;;;;;;;;;;;;;;;;;;;;;;
82;;;;985.337463;710.537537;126.304527;1187.153564;790.669373;480.899231;920.696045;634.258118;136.752106;;;;;;;;;;1167.171997;809.224243;275.844604;;;;;;;;;;;;;;;;;;;;;;;;;;;;;;;;;;;;;;;;;;;;;;;;;;;;;;;;;
83;;;;983.651978;712.173096;126.377975;1187.179565;790.951843;480.348877;919.748169;635.312134;137.122192;;;;;;;;;;1166.592773;809.569092;275.363281;;;;;;;;;;;;;;;;;;;;;;;;;;;;;;;;;;;;;;;;;;;;;;;;;;;;;;;;;
84;;;;982.256714;713.548462;126.168358;1187.316772;791.241821;479.898376;918.565186;636.388245;137.528992;;;;;;;;;;1165.884766;809.887939;274.852142;;;;;;;;;;;;;;;;;;;;;;;;;;;;;;;;;;;;;;;;;;;;;;;;;;;;;;;;;
85;;;;980.984436;714.649353;125.866905;1187.319092;791.605469;479.211517;917.702698;637.306946;137.647095;;;;;;;;;;1164.897583;810.161743;274.145203;;;;;;;;;;;;;;;;;;;;;;;;;;;;;;;;;;;;;;;;;;;;;;;;;;;;;;;;;
86;;;;979.250854;715.733948;125.282013;1187.232422;791.818665;478.492676;916.045105;638.209961;137.921478;;;;;;;;;;1163.829224;810.384888;273.811066;847.807739;745.460205;98.562271;;;;;;;;;;;;;;;;;;;;;;;;;;;;;;;;;;;;;;;;;;;;;;;;;;;;;;
87;;;;976.916504;716.801819;125.453026;1186.901123;792.032349;477.789001;915.343201;638.709045;138.408112;;;;;;;;;;1162.531250;810.737976;273.288147;;;;;;;;;;;;;;;;;;;;;;;;;;;;;;;;;;;;;;;;;;;;;;;;;;;;;;;;;
88;;;;974.795410;718.024841;126.346252;1186.290894;792.472717;476.975464;914.360046;638.928345;138.790115;;;;;;;;;;1161.288940;811.025391;272.951904;;;;;;;;;;;;;;;;;;;;;;;;;;;;;;;;;;;;;;;;;;;;;;;;;;;;;;;;;
89;;;;972.573425;718.347717;126.223068;1185.922363;792.750305;476.588135;913.278992;639.021423;138.638290;;;;;;;;;;1160.081177;811.273926;272.749451;;;;;;;;;;;;;;;;;;;;;;;;;;;;;;;;;;;;;;;;;;;;;;;;;;;;;;;;;
90;;;;970.078918;718.591064;126.474052;1185.713379;792.946167;476.192810;911.785461;639.282898;138.133774;;;;;;;;;;1158.632202;811.444702;271.935883;;;;;;;;;;;;;;;;;;;;;;;;;;;;;;;;;;;;;;;;;;;;;;;;;;;;;;;;;
91;;;;968.338928;719.104370;126.076172;1185.109253;793.252563;475.405426;910.049622;639.189819;138.261765;;;;;;;;;;1157.329956;811.553772;271.133484;;;;;;;;;;;;;;;;;;;;;;;;;;;;;;;;;;;;;;;;;;;;;;;;;;;;;;;;;
92;;;;965.885925;719.586975;125.932251;1184.178711;793.432556;474.215118;908.844666;638.908569;138.603836;;;;;;;;;;1155.610107;811.812134;270.548096;;;;;;;;;;;;;;;;;;;;;;;;;;;;;;;;;;;;;;;;;;;;;;;;;;;;;;;;;
93;;;;963.901672;719.889404;125.586067;1183.793945;793.649841;473.411011;907.218262;638.536377;138.362106;;;;;;;;;;1153.582397;812.019104;270.381683;;;;;;;;;;;;;;;;;;;;;;;;;;;;;;;;;;;;;;;;;;;;;;;;;;;;;;;;;
94;;;;961.403381;720.046814;125.930222;1183.694458;793.802795;472.985199;905.390930;638.116516;138.528656;;;;;;;;;;1151.976929;812.001587;269.848785;;;;827.974976;742.642883;101.295517;;;;;;;;;;;;;;;;;;;;;;;;;;;;;;;;;;;;;;;;;;;;;;;;;;;
95;;;;958.881531;719.976929;126.323982;1183.164795;793.974792;472.244141;903.434143;637.490601;138.514069;;;;;;;;;;1150.571655;812.086792;268.992126;;;;;;;;;;;;;;;;;;;;;;;;;;;;;;;;;;;;;;;;;;;;;;;;;;;;;;;;;
96;;;;956.444031;720.047363;126.402184;1182.476318;794.075989;471.298218;902.011536;636.855347;138.170578;;;;;;;;;;1148.404175;812.195007;268.390259;;;;;;;;;;;;;;;;;;;;;;;;;;;;;;;;;;;;;;;;;;;;;;;;;;;;;;;;;
97;;;;953.992310;719.734863;126.500656;1181.841187;794.273743;470.460999;899.829529;636.455444;137.996979;;;;;;;;;;1146.011719;812.297119;267.933228;;;;;;;;;;;;;;;;;;;;;;;;;;;;;;;;;;;;;;;;;;;;;;;;;;;;;;;;;
98;;;;951.893250;719.486633;126.082993;1181.419800;794.448059;469.866180;897.848938;636.235107;138.314590;;;;;;;;;;1144.456787;812.352234;267.207214;;;;;;;;;;;;;;;;;;;;;;;;;;;;;;;;;;;;;;;;;;;;;;;;;;;;;;;;;
99;;;;949.564209;719.393066;125.693039;1180.580200;794.610901;469.013580;895.857300;635.494690;137.437927;;;;;;;;;;1142.911987;812.346008;266.457520;;;;;;;;;;;;;;;;;;;;;;;;;;;;;;;;;;;;;;;;;;;;;;;;;;;;;;;;;
100;;;;947.484924;719.351257;124.894562;1179.694214;794.660645;468.133484;893.860962;634.888306;137.092865;;;;;;;;;;1140.730835;812.373779;266.058899;;;;;;;;;;;;;;;;;;;;;;;;;;;;;;;;;;;;;;;;;;;;;;;;;;;;;;;;;
101;;;;945.038208;719.060608;124.934044;1179.127563;794.717468;467.597229;892.343933;634.609009;135.559143;;;;;;;;;;1138.694336;812.379028;265.706512;;;;;;;;;;;;;;;;;;;;;;;;;;;;;;;;;;;;;;;;;;;;;;;;;;;;;;;;;
102;;;;942.983765;718.484924;124.484772;1178.413086;794.762817;467.045593;890.079895;634.128784;134.840759;;;;;;;;;;1136.814941;812.372131;264.552155;;;;;;;808.867920;732.073853;101.497971;;;;;;;;;;;;;;;;;;;;;;;;;;;;;;;;;;;;;;;;;;;;;;;;
103;;;;940.474426;718.011047;124.754974;1177.345703;794.946594;466.036530;888.152588;633.454590;134.688904;;;;;;;;;;1135.321899;812.353882;263.719971;;;;;;;;;;;;;;;;;;;;;;;;;;;;;;;;;;;;;;;;;;;;;;;;;;;;;;;;;
104;;;;938.326904;717.588074;124.772339;1176.395264;795.116028;465.124146;886.113770;632.806519;134.067856;;;;;;;;;;1133.167236;812.450867;263.415070;;;;;;;;;;;;;;;;;;;;;;;;;;;;;;;;;;;;;;;;;;;;;;;;;;;;;;;;;
105;;;;936.270142;716.913269;123.996819;1175.631958;795.264221;464.762054;884.052490;632.153870;133.957123;;;;;;;;;;1130.947876;812.252380;263.048218;;;;;;;;;;;;;;;;;;;;;;;;;;;;;;;;;;;;;;;;;;;;;;;;;;;;;;;;;
106;;;;934.396790;716.543762;123.939049;1174.531738;795.492004;464.013092;882.508972;631.874451;132.885025;;;;;;;;;;1129.621216;812.038635;262.190399;;;;;;;;;;;;;;;;;;;;;;;;;;;;;;;;;;;;;;;;;;;;;;;;;;;;;;;;;
107;;;;932.411255;716.598816;123.298492;1173.466553;795.579956;462.912201;880.727966;630.905762;132.544525;;;;;;;;;;1127.816772;811.635376;261.263214;;;;;;;;;;;;;;;;;;;;;;;;;;;;;;;;;;;;;;;;;;;;;;;;;;;;;;;;;
108;;;;930.553101;716.011169;122.481407;1172.602173;795.795837;462.386444;879.529419;630.290955;131.204361;;;;;;;;;;1125.917725;811.323792;260.582336;;;;;;;;;;;;;;;;;;;;;;;;;;;;;;;;;;;;;;;;;;;;;;;;;;;;;;;;;
109;;;;928.839355;715.772766;122.472694;1171.290161;796.007874;461.758606;877.968933;629.849731;130.271835;;;;;;;;;;1124.126221;811.088440;259.973572;;;;;;;;;;794.724609;721.049805;100.375671;;;;;;;;;;;;;;;;;;;;;;;;;;;;;;;;;;;;;;;;;;;;;
110;;;;926.710266;715.158264;122.120262;1170.192139;796.263428;460.854248;876.097046;629.098999;130.439682;;;;;;;;;;1122.617554;810.838867;259.253235;;;;;;;;;;;;;;;;;;;;;;;;;;;;;;;;;;;;;;;;;;;;;;;;;;;;;;;;;
111;;;;924.889893;714.452148;121.861443;1169.533691;796.525024;460.365295;874.339478;628.317322;130.292511;;;;;;;;;;1121.103271;810.548889;258.451691;;;;;;;;;;;;;;;;;;;;;;;;;;;;;;;;;;;;;;;;;;;;;;;;;;;;;;;;;
112;;;;923.302002;714.143311;121.933624;1168.194946;796.889038;459.438324;872.628540;627.396240;129.536636;;;;;;;;;;1119.837646;810.440430;257.424042;;;;;;;;;;;;;788.604248;717.428711;101.404610;;;;;;;;;;;;;;;;;;;;;;;;;;;;;;;;;;;;;;;;;;
113;;;;921.073975;713.741028;122.135719;1166.717041;797.416382;458.276520;871.269043;626.670471;129.466248;;;;;;;;;;1118.526611;810.307983;256.739990;;;;;;;;;;;;;;;;;;;;;;;;;;;;;;;;;;;;;;;;;;;;;;;;;;;;;;;;;
114;;;;919.605835;713.133972;121.513062;1165.947754;797.742798;457.695068;869.514832;626.112671;129.460907;;;;;;;;;;1116.508301;810.211975;256.191498;;;;;;;;;;;;;;;;;;;;;;;;;;;;;;;;;;;;;;;;;;;;;;;;;;;;;;;;;
115;;;;918.204285;712.493408;120.782265;1165.149902;798.021973;456.648987;868.465637;625.395264;128.190430;;;;;;;;;;1115.006104;809.981689;255.758270;;;;;;;;;;;;;;;;;;;;;;;;;;;;;;;;;;;;;;;;;;;;;;;;;;;;;;;;;
116;;;;916.474121;711.959900;120.610352;1163.938232;798.375305;455.714111;867.015015;624.433533;127.947472;;;;;;;;;;1113.866577;809.698853;255.241653;;;;;;;;;;;;;;;;783.265442;712.627136;100.410736;;;;;;;;;;;;;;;;;;;;;;;;;;;;;;;;;;;;;;;
117;;;;915.185242;711.579712;120.125259;1163.076660;798.815002;455.256165;866.051453;623.923889;126.529846;;;;;;;;;;1112.432129;809.422791;254.165344;;;;;;;;;;;;;;;;780.939087;711.767700;100.993950;;;;;;;;;;;;;;;;;;;;;;;;;;;;;;;;;;;;;;;
118;;;;913.738647;710.992676;119.326790;1161.793823;799.066589;454.334686;865.111206;623.421814;125.938332;;;;;;;;;;1111.201660;809.145142;253.148346;;;;;;;;;;;;;;;;;;;;;;;;;;;;;;;;;;;;;;;;;;;;;;;;;;;;;;;;;
119;;;;912.202026;710.299438;118.641006;1160.781860;799.212769;453.585785;863.967712;622.336243;125.125244;;;;;;;;;;1110.147583;808.800659;252.426285;;;;;;;;;;;;;;;;;;;;;;;;;;;;;;;;;;;;;;;;;;;;;;;;;;;;;;;;;
120;;;;911.118774;710.153076;118.678741;1159.972656;799.456299;453.207703;862.559082;621.544250;125.106445;;;;;;;;;;1108.955566;808.525452;251.681595;;;;;;;;;;;;;;;;;;;;;;;;;;;;;;;;;;;;;;;;;;;;;;;;;;;;;;;;;
121;;;;909.827881;709.586304;118.337791;1158.620605;799.911621;452.024597;860.915405;620.851746;124.954102;;;;;;;;;;1107.592773;808.258484;251.065948;;;;;;;;;;;;;;;;;;;775.602234;707.963318;100.894760;;;;;;;;;;;;;;;;;;;;;;;;;;;;;;;;;;;;
122;;;;908.033325;708.945496;118.310722;1157.583252;800.130188;451.052521;859.396912;620.147827;125.105347;;;;;;;;;;1106.236572;808.165344;250.503983;;;;;;;;;;;;;;;;;;;774.029663;707.269165;100.832344;;;;;;;;;;;;;;;;;;;;;;;;;;;;;;;;;;;;
123;;;;906.612549;708.319031;118.306000;1157.266724;800.225647;450.579895;858.539429;619.325928;124.699951;;;;;;;;;;1104.984497;808.158203;249.709976;;;;;;;;;;;;;;;;;;;;;;;;;;;;;;;;;;;;;;;;;;;;;;;;;;;;;;;;;
124;;;;905.595886;707.941101;118.173851;1156.647827;800.372375;449.979919;857.714661;618.483032;124.044334;;;;;;;;;;1104.056885;807.913818;249.061417;;;;;;;;;;;;;;;;;;;;;;;;;;;;;;;;;;;;;;;;;;;;;;;;;;;;;;;;;
125;;;;904.051819;707.531433;118.147087;1155.418335;800.674683;448.889252;856.940918;617.562317;122.749153;;;;;;;;;;1102.846802;807.764771;248.474396;;;;;;;;;;;;;;;;;;;;;;;;;;;;;;;;;;;;;;;;;;;;;;;;;;;;;;;;;
126;;;;902.461304;706.981995;118.060440;1154.623291;800.899414;448.226471;856.200623;617.006287;122.469398;;;;;;;;;;1101.687866;807.638062;247.716965;;;;;;;;;;;;;;;;;;;;;;;;;;;;;;;;;;;;;;;;;;;;;;;;;;;;;;;;;
127;;;;901.673035;706.343201;117.220856;1154.101318;801.090027;447.717804;854.931519;616.457764;122.957367;;;;;;;;;;1100.748535;807.373535;247.113495;;;;;;;;;;;;;;;;;;;;;;768.293152;702.784607;100.228661;;;;;;;;;;;;;;;;;;;;;;;;;;;;;;;;;
128;;;;901.032410;705.823853;116.539772;1153.428833;801.287476;446.933319;853.479675;615.897583;123.234810;;;;;;;;;;1099.954590;807.309082;246.576065;;;;;;;;;;;;;;;;;;;;;;767.170471;701.875366;100.477287;;;;;;;;;;;;;;;;;;;;;;;;;;;;;;;;;
129;;;;900.108887;705.431519;115.829582;1152.818604;801.563721;445.993866;852.877563;615.559631;122.176598;;;;;;;;;;1098.921387;807.297424;245.862595;;;;;;;;;;;;;;;;;;;;;;765.784851;701.076599;100.291504;;;;;;;;;;;;;;;;;;;;;;;;;;;;;;;;;
130;;;;898.886536;705.015686;115.660332;1152.468506;801.847412;445.444885;852.267212;614.862549;121.561729;;;;;;;;;;1097.838135;807.136230;245.012131;;;;;;;;;;;;;;;;;;;;;;764.974915;700.050476;100.229019;;;;;;;;;;;;;;;;;;;;;;;;;;;;;;;;;
131;;;;897.984009;704.617004;115.455185;1151.835938;802.354187;444.665131;851.087524;614.076965;120.620148;;;;;;;;;;1096.956421;806.972412;244.348221;;;;;;;;;;;;;;;;;;;;;;;;;;;;;;;;;;;;;;;;;;;;;;;;;;;;;;;;;
132;;;;897.174988;704.264343;115.409386;1151.066895;802.761719;443.866913;850.107788;613.555786;119.830673;;;;;;;;;;1096.281250;806.867371;243.901260;;;;;;;;;;;;;;;;;;;;;;;;;;;;;;;;;;;;;;;;;;;;;;;;;;;;;;;;;
133;;;;896.023254;703.925293;115.018394;1150.476440;803.148376;443.123840;849.101074;612.759888;119.104691;;;;;;;;;;1095.403564;806.854187;243.143448;;;;;;;;;;;;;;;;;;;;;;;;;;;;;;;;;;;;;;;;;;;;;;;;;;;;;;;;;
134;;;;894.929260;703.308105;114.370872;1150.028320;803.517822;442.727570;847.429504;611.832336;117.976501;;;;;;;;;;1094.596924;806.754639;242.580490;;;;;;;;;;;;;;;;;;;;;;;;;;;;;;;;;;;;;;;;;;;;;;;;;;;;;;;;;
135;;;;894.180847;702.798157;114.163979;1149.836914;803.704346;442.348755;846.187622;611.263977;116.872208;;;;;;;;;;1093.644653;806.765869;242.098587;;;;;;;;;;;;;;;;;;;;;;;;;;;;;;;;;;;;;;;;;;;;;;;;;;;;;;;;;
136;;;;893.562866;702.311035;113.966072;1148.988770;804.066345;441.455994;844.884094;610.829956;116.039497;;;;;;;;;;1092.938354;806.680664;241.369736;;;;;;;;;;;;;;;;;;;;;;;;;;;;;;;;;;;;;;;;;;;;;;;;;;;;;;;;;
137;;;;892.729004;701.853271;113.929054;1148.019165;804.302246;440.737030;843.379456;610.280762;114.771439;;;;;;;;;;1092.050293;806.654114;240.589783;;;;;;;;;;;;;;;;;;;;;;;;;;;;;;;;;;;;;;;;;;;;;;;;;;;;;;;;;
138;;;;891.513062;701.446106;114.031609;1147.229736;804.692871;439.995575;842.187317;609.663818;113.031761;;;;;;;;;;1091.332275;806.766113;240.147202;;;;;;;;;;;;;;;;;;;;;;;;;;;;;;;;;;;;;;;;;;;;;;;;;;;;;;;;;
139;;;;890.365173;700.851501;113.942451;1146.820435;804.949890;439.670654;840.899292;609.349976;111.836769;;;;;;;;;;1090.725830;806.853149;239.708328;;;;;;;;;;;;;;;;;;;;;;;;;;;;;;;;;;;;;;;;;;;;;;;;;;;;;;;;;
140;;;;889.479614;700.410400;113.736237;1146.169312;805.167358;439.183105;839.216736;608.991394;110.756180;;;;;;;;;;1090.131714;806.796204;239.228348;;;;;;;;;;;;;;;;;;;;;;;;;;;;;;;;;;;;;;;;;;;;;;;;;;;;;;;;;
141;;;;889.091125;700.155151;113.444794;1145.573486;805.324036;438.603546;837.684509;608.521912;109.466209;;;;;;;;;;1089.340210;806.859558;238.720703;;;;;;;;;;;;;;;;;;;;;;;;;757.395752;686.361145;98.842697;;;;;;;;;;;;;;;;;;;;;;;;;;;;;;
142;;;;888.817444;699.799500;112.801140;1144.872192;805.657837;437.945251;836.485718;608.435059;107.873413;;;;;;;;;;1088.526489;806.893372;238.031326;;;;;;;;;;;;;;;;;;;;;;;;;756.422668;684.731628;98.912941;;;;;;;;;;;;;;;;;;;;;;;;;;;;;;
143;;;;888.192505;699.334045;112.526306;1144.101440;805.932068;437.555634;835.248291;608.653137;106.068207;;;;;;;;;;1087.839478;806.923340;237.554916;;;;;;;;;;;;;;;;;;;;;;;;;756.162659;683.119934;98.529182;;;;;;;;;;;;;;;;;;;;;;;;;;;;;;
144;;;;887.133362;698.877197;112.502922;1143.298218;806.271912;437.243835;833.918274;608.610779;105.179001;;;;;;;;;;1087.139771;807.007019;237.138794;;;;;;;;;;;;;;;;;;;;;;;;;756.528381;681.555603;97.552536;;;;;;;;;;;;;;;;;;;;;;;;;;;;;;
145;;;;885.981323;698.568115;112.606544;1142.499023;806.505920;436.863892;832.870422;608.348633;104.533035;;;;;;;;;;1086.608643;806.987671;236.803665;;;;;;;;;;;;;;;;;;;;;;;;;757.187866;679.874329;96.824066;;;;;;;;;;;;;;;;;;;;;;;;;;;;;;
146;;;;885.074829;698.315369;112.847290;1141.623535;806.779480;436.399353;832.111389;608.162964;104.129662;;;;;;;;;;1086.039185;807.033264;236.476212;;;;;;;;;;;;;;;;;;;;;;;;;757.499817;677.875977;96.152641;;;;;;;;;;;;;;;;;;;;;;;;;;;;;;
147;;;;884.606750;698.000732;112.959473;1140.770752;806.980652;436.083191;831.393982;607.779175;103.222626;;;;;;;;;;1085.530396;807.094849;236.114929;;;;;;;;;;;;;;;;;;;;;;;;;757.050781;676.157349;96.509392;;;;;;;;;;;;;;;;;;;;;;;;;;;;;;
148;;;;884.264343;697.819946;112.938530;1140.114990;807.236633;436.107330;830.751648;607.528442;101.928490;;;;;;;;;;1085.056885;807.255493;235.759399;;;;;;;;;;;;;;;;;;;;;;;;;756.752686;674.668762;96.970520;;;;;;;;;;;;;;;;;;;;;;;;;;;;;;
149;;;;883.934448;697.594055;112.892883;1139.434692;807.447937;435.904388;829.746704;607.544800;100.742210;;;;;;;;;;1084.611206;807.381470;235.545807;;;;;;;;;;;;;;;;;;;;;;;;;756.886658;672.700073;97.507896;;;;;;;;;;;;;;;;;;;;;;;;;;;;;;
150;;;;883.420837;697.394653;112.967903;1138.870239;807.764221;435.161743;828.766907;607.534973;99.825325;;;;;;;;;;1084.031860;807.534424;235.270447;;;;;;;;;;;;;;;;;;;;;;;;;757.023682;671.157349;97.564087;;;;;;;;;;;;;;;;;;;;;;;;;;;;;;
151;;;;882.640869;697.158142;113.047806;1138.207642;808.109009;434.385620;827.706055;607.274109;98.955139;;;;;;;;;;1083.425049;807.675720;234.874664;;;;;;;;;;;;;;;;;;;;;;;;;756.839294;670.733032;97.286377;;;;;;;;;;;;;;;;;;;;;;;;;;;;;;
152;;;;881.987183;696.992920;113.175415;1137.655762;808.396545;434.016296;826.899902;607.049194;98.497452;;;;;;;;;;1082.990967;807.760437;234.772385;;;;;;;;;;;;;;;;;;;;;;;;;756.808167;670.511902;96.949394;;;;;;;;;;;;;;;;;;;;;;;;;;;;;;
153;;;;881.218323;696.820007;113.051033;1137.022949;808.547180;434.023956;826.183167;607.034058;98.540230;;;;;;;;;;1082.465454;807.889526;234.635406;;;;;;;;;;;;;;;;;;;;;;;;;756.507935;670.063416;96.852066;;;;;;;;;;;;;;;;;;;;;;;;;;;;;;
154;;;;880.712158;696.779419;112.952927;1136.695068;808.751648;434.285095;825.644043;607.156555;98.674522;;;;;;;;;;1081.920288;808.105713;234.191742;;;;;;;;;;;;;;;;;;;;;;;;;756.320923;669.512512;96.989677;;;;;;;;;;;;;;;;;;;;;;;;;;;;;;
155;;;;880.392944;696.754578;112.914154;1135.786865;809.057373;434.019135;824.891602;607.385681;98.433861;;;;;;;;;;1081.320801;808.294189;233.848358;;;;;;;;;;;;;;;;;;;;;;;;;756.125793;669.091980;96.906975;;;;;;;;;;;;;;;;;;;;;;;;;;;;;;
156;;;;880.114502;696.725586;112.821869;1134.762451;809.345459;433.665741;824.396179;607.467163;98.040535;;;;;;;;;;1080.929688;808.441589;233.666534;;;;;;;;;;;;;;;;;;;;;;;;;755.859131;668.867737;96.898438;;;;;;;;;;;;;;;;;;;;;;;;;;;;;;
157;;;;879.718201;696.856445;113.305267;1133.890503;809.463989;433.564758;823.928772;607.466125;97.742355;;;;;;;;;;1080.669800;808.525146;233.585556;;;;;;;;;;;;;;;;;;;;;;;;;755.438049;668.680054;96.952789;;;;;;;;;;;;;;;;;;;;;;;;;;;;;;
158;;;;879.148254;697.001709;113.856834;1133.257446;809.618835;433.399597;823.522400;607.512817;97.554680;;;;;;;;;;1080.466187;808.798401;233.533859;;;;;;;;;;;;;;;;;;;;;;;;;755.016174;668.583740;97.163956;;;;;;;;;;;;;;;;;;;;;;;;;;;;;;
159;;;;878.696594;697.122131;114.161118;1132.676147;809.781616;433.341339;823.096191;607.643555;97.439720;;;;;;;;;;1080.198730;809.095032;233.503830;;;;;;;;;;;;;;;;;;;;;;;;;754.630554;668.404236;97.189827;;;;;;;;;;;;;;;;;;;;;;;;;;;;;;
160;;;;878.198975;697.138306;114.528358;1132.270996;809.923889;433.372406;822.589050;607.898315;97.337143;;;;;;;;;;1080.001221;809.351685;233.417068;;;;;;;;;;;;;;;;;;;;;;;;;754.391357;668.293457;97.269981;;;;;;;;;;;;;;;;;;;;;;;;;;;;;;
161;;;;877.774048;697.286438;114.748215;1132.025513;810.044922;433.304565;822.106445;608.216797;97.357285;;;;;;;;;;1079.895630;809.684082;233.342896;;;;;;;;;;;;;;;;;;;;;;;;;754.089417;668.199097;97.204987;;;;;;;;;;;;;;;;;;;;;;;;;;;;;;
162;;;;877.216431;697.475647;115.107803;1131.728516;810.162170;433.190277;821.531067;608.468506;97.456688;;;;;;;;;;1079.760498;810.040833;233.233749;;;;;;;;;;;;;;;;;;;;;;;;;753.856628;667.999084;97.073616;;;;;;;;;;;;;;;;;;;;;;;;;;;;;;
163;;;;876.605286;697.732056;115.484314;1131.087769;810.344421;432.800629;821.031860;608.701904;97.429848;;;;;;;;;;1079.376953;810.401184;233.471588;;;;;;;;;;;;;;;;;;;;;;;;;753.657959;667.939392;96.945190;;;;;;;;;;;;;;;;;;;;;;;;;;;;;;
164;;;;876.032715;698.040833;115.936813;1130.336304;810.583557;432.713928;820.631409;609.023132;97.342400;;;;;;;;;;1079.108398;810.871399;233.644913;;;;;;;;;;;;;;;;;;;;;;;;;753.442261;667.868469;96.939545;;;;;;;;;;;;;;;;;;;;;;;;;;;;;;
165;;;;875.453430;698.360168;116.219620;1129.664063;810.648010;432.678833;820.184570;609.220154;97.248947;;;;;;;;;;1078.891602;811.308899;233.732254;;;;;;;;;;;;;;;;;;;;;;;;;753.125793;667.862976;96.946457;;;;;;;;;;;;;;;;;;;;;;;;;;;;;;
166;;;;874.937988;698.723755;116.519691;1128.852539;810.764343;432.688019;819.874268;609.367737;97.228920;;;;;;;;;;1078.646973;811.679321;233.770172;;;;;;;;;;;;;;;;;;;;;;;;;752.688843;667.882874;97.184799;;;;;;;;;;;;;;;;;;;;;;;;;;;;;;
167;;;;874.527832;699.287415;117.105232;1128.168457;811.023438;432.604858;819.544922;609.582581;97.330170;;;;;;;;;;1078.371094;812.171143;233.922318;;;;;;;;;;;;;;;;;;;;;;;;;752.285339;667.886292;97.547516;;;;;;;;;;;;;;;;;;;;;;;;;;;;;;
168;;;;874.055725;699.776367;117.734230;1127.414429;811.218323;432.612671;819.303406;609.878357;97.438469;;;;;;;;;;1078.075073;812.638062;233.970657;;;;;;;;;;;;;;;;;;;;;;;;;751.748474;668.159180;98.167496;;;;;;;;;;;;;;;;;;;;;;;;;;;;;;
169;;;;873.839478;700.352295;118.058876;1126.912964;811.473755;432.652313;818.937439;610.306580;97.786270;;;;;;;;;;1077.664673;813.082947;233.984863;;;;;;;;;;;;;;;;;;;;;;;;;751.132019;668.365906;98.605652;;;;;;;;;;;;;;;;;;;;;;;;;;;;;;
170;;;;873.363403;700.842590;118.387375;1126.587158;811.699585;432.828766;818.264587;610.817444;98.745842;;;;;;;;;;1077.257813;813.564026;234.060501;;;;;;;;;;;;;;;;;;;;;;;;;750.600464;668.484497;98.996193;;;;;;;;;;;;;;;;;;;;;;;;;;;;;;
171;;;;872.872925;701.247620;118.889183;1126.484985;811.888000;432.755219;817.789429;611.326355;99.701134;;;;;;;;;;1076.953857;814.062683;234.027115;;;;;;;;;;;;;;;;;;;;;;;;;750.124207;668.772949;99.676933;;;;;;;;;;;;;;;;;;;;;;;;;;;;;;
172;;;;872.282959;701.832764;119.427956;1126.052612;812.034607;432.820709;817.404114;611.837646;100.705093;;;;;;;;;;1076.523804;814.562256;234.113678;;;;;;;;;;;;;;;;;;;;;;;;;749.727844;669.069092;100.414680;;;;;;;;;;;;;;;;;;;;;;;;;;;;;;
173;;;;871.591614;702.533936;120.010544;1125.181274;812.282898;433.002747;816.866150;612.453064;101.559898;;;;;;;;;;1075.822144;815.258667;234.457062;;;;;;;;;;;;;;;;;;;;;;;;;749.314514;669.379272;100.923820;;;;;;;;;;;;;;;;;;;;;;;;;;;;;;
174;;;;870.778442;703.192200;120.646942;1124.138306;812.550171;433.177979;816.505859;613.036743;102.396774;;;;;;;;;;1075.322632;815.927673;234.671387;;;;;;;;;;;;;;;;;;;;;;;;;748.928711;669.733276;101.514740;;;;;;;;;;;;;;;;;;;;;;;;;;;;;;
175;;;;869.898193;704.031067;121.520248;1123.035767;812.681519;433.319702;815.732727;613.629944;103.594437;;;;;;;;;;1074.950439;816.556702;234.843369;;;;;;;;;;;;;;;;;;;;;;;;;748.400085;670.285645;102.470932;;;;;;;;;;;;;;;;;;;;;;;;;;;;;;
176;;;;869.143188;704.568176;121.876671;1121.988525;812.925354;433.297180;814.912659;614.287048;104.858711;;;;;;;;;;1074.517334;817.075684;234.914291;;;;;;;;;;;;;;;;;;;;;;;;;747.338623;671.021423;103.904510;;;;;;;;;;;;;;;;;;;;;;;;;;;;;;
177;;;;867.911194;705.367920;123.244774;1121.456055;813.113708;433.169556;813.820068;615.054077;106.098679;;;;;;;;;;1074.041870;817.584167;235.059540;;;;;;;;;;;;;;;;;;;;;;;;;746.233887;671.743530;105.534691;;;;;;;;;;;;;;;;;;;;;;;;;;;;;;
178;;;;866.872314;706.151306;124.018631;1120.808350;813.346985;433.160248;812.720764;615.718201;107.253265;;;;;;;;;;1073.497681;818.208313;235.315186;;;;;;;;;;;;;;;;;;;;;;;;;745.329163;672.345032;106.535362;;;;;;;;;;;;;;;;;;;;;;;;;;;;;;
179;;;;866.230652;706.793762;124.319962;1119.992188;813.556396;433.645996;811.421326;616.458557;108.437958;;;;;;;;;;1072.755371;818.893433;235.638336;;;;;;;;;;;;;;;;;;;;;;;;;743.980408;673.103333;107.721230;;;;;;;;;;;;;;;;;;;;;;;;;;;;;;
180;;;;865.413269;707.621277;124.734474;1119.028809;813.645142;434.147156;810.082214;617.355286;109.879272;;;;;;;;;;1071.775879;819.596008;236.178467;;;;;;;;;;;;;;;;;;;;;;;;;742.817322;674.033569;108.957619;;;;;;;;;;;;;;;;;;;;;;;;;;;;;;
181;;;;863.987305;708.567688;126.142349;1118.075317;813.770020;434.212219;808.710999;618.089478;111.509193;;;;;;;;;;1071.030640;820.188965;237.018082;;;;;;;;;;;;;;;;;;;;;;;;;741.703735;675.180420;110.202110;;;;;;;;;;;;;;;;;;;;;;;;;;;;;;
182;;;;862.420959;709.320068;127.758278;1116.797363;814.093872;434.074066;807.203918;618.947815;112.483749;;;;;;;;;;1069.976196;820.856873;236.701385;;;;;;;;;;;;;;;;;;;;;;;;;740.626587;676.017456;111.032570;;;;;;;;;;;;;;;;;;;;;;;;;;;;;;
183;;;;860.372314;709.737915;129.237183;1115.595581;814.249817;434.313629;805.343994;619.772644;114.232155;;;;;;;;;;1068.283081;821.543762;237.047501;;;;;;;;;;;;;;;;;;;;;;;;;738.684448;676.817200;112.218384;;;;;;;;;;;;;;;;;;;;;;;;;;;;;;
184;;;;859.119568;710.659729;129.810196;1114.186279;814.389771;434.600464;803.509949;620.666077;115.780281;;;;;;;;;;1067.184814;822.043213;237.538483;;;;;;;;;;;;;;;;;;;;;;;;;736.662537;677.951050;113.671410;;;;;;;;;;;;;;;;;;;;;;;;;;;;;;
185;;;;857.793457;711.488220;130.305603;1113.382080;814.496704;434.570435;801.672607;621.688904;116.682327;;;;;;;;;;1066.234985;822.677856;237.845093;;;;;;;;;;;;;;;;;;;;;;;;;734.836121;679.024963;115.058983;;;;;;;;;;;;;;;;;;;;;;;;;;;;;;
186;;;;855.518188;712.600464;131.872253;1112.031372;814.743530;435.142303;799.609985;622.509094;118.197983;;;;;;;;;;1064.725464;823.343933;238.413071;;;;;;;;;;;;;;;;;;;;;;;;;733.082642;679.756592;116.400101;;;;;;;;;;;;;;;;;;;;;;;;;;;;;;
187;;;;853.297302;713.150818;132.726486;1110.473633;814.876892;435.508484;797.455322;623.277100;120.071182;;;;;;;;;;1063.126465;823.807251;238.946625;;;;;;;;;;;;;;;;;;;;;;;;;730.778015;680.708435;117.951332;;;;;;;;;;;;;;;;;;;;;;;;;;;;;;
188;;;;851.553955;714.110413;133.873734;1109.150635;814.987244;435.359802;795.116455;624.314758;121.739845;;;;;;;;;;1061.461548;824.472168;238.872482;;;;;;;;;;;;;;;;;;;;;;;;;728.681152;681.784180;119.504929;;;;;;;;;;;;;;;;;;;;;;;;;;;;;;
189;;;;849.233215;714.945923;134.877670;1107.471436;815.285034;435.447449;792.941650;625.126770;122.871574;;;;;;;;;;1059.588989;825.106995;239.519257;;;;;;;;;;;;;;;;;;;;;;;;;726.515991;682.851685;120.809273;;;;;;;;;;;;;;;;;;;;;;;;;;;;;;
190;;;;846.925903;715.939941;135.661697;1105.852417;815.382568;435.790863;790.290344;626.313904;124.242783;;;;;;;;;;1058.092773;825.654114;239.831055;;;;;;;;;;;;;;;;;;;;;;;;;723.830261;683.821899;122.341293;;;;;;;;;;;;;;;;;;;;;;;;;;;;;;
191;;;;844.427368;716.859192;136.788132;1104.810791;815.441467;436.033844;787.723511;627.289551;126.075836;;;;;;;;;;1055.793579;826.345154;240.453506;;;;;;;;;;;;;;;;;;;;;;;;;721.437683;684.737061;123.761253;;;;;;;;;;;;;;;;;;;;;;;;;;;;;;
192;;;;841.718933;717.694214;138.532394;1103.018799;815.691956;435.980560;784.962708;627.967163;127.154800;;;;;;;;;;1053.848022;826.920959;240.663055;;;;;;;;;;;;;;;;;;;;;;;;;718.635986;685.701294;125.094658;;;;;;;;;;;;;;;;;;;;;;;;;;;;;;
193;;;;839.076111;718.750488;139.430557;1101.014282;815.783630;435.984528;782.131287;628.993530;128.597839;;;;;;;;;;1051.387329;827.456909;240.938187;;;;;;;;;;;;;;;;;;;;;;;;;715.912537;686.829773;126.359390;;;;;;;;;;;;;;;;;;;;;;;;;;;;;;
194;;;;836.013367;719.637329;140.308945;1099.626099;815.932617;435.929047;779.008789;629.914246;130.067551;;;;;;;;;;1049.488770;827.952209;241.377319;;;;;;;;;;;;;;;;;;;;;;;;;712.937927;687.847839;127.954269;;;;;;;;;;;;;;;;;;;;;;;;;;;;;;
195;;;;833.608459;720.729797;141.403320;1097.880981;816.141785;436.410095;776.080688;630.861145;131.431061;;;;;;;;;;1046.783936;828.523438;241.595490;;;;;;;;;;;;;;;;;;;;;;;;;710.003296;688.896851;128.977890;;;;;;;;;;;;;;;;;;;;;;;;;;;;;;
196;;;;829.983215;721.343201;142.375259;1096.158081;816.116577;436.720367;772.676941;631.684204;132.709213;;;;;;;;;;1044.317627;828.976929;241.882431;;;;;;;;;;;;;;;;;;;;;;;;;706.809265;689.814331;130.315735;;;;;;;;;;;;;;;;;;;;;;;;;;;;;;
197;;;;827.083374;722.021240;143.379166;1094.237427;816.253052;436.285431;769.411804;632.772278;133.894196;;;;;;;;;;1041.731323;829.671326;242.396927;;;;;;;;;;;;;;;;;;;;;;;;;703.477234;691.038513;131.735733;;;;;;;;;;;;;;;;;;;;;;;;;;;;;;
198;;;;823.831543;722.818176;144.136017;1092.425537;816.482971;436.431427;765.773254;633.619263;135.360184;;;;;;;;;;1038.988403;830.305603;242.753845;;;;;;;;;;;;;;;;;;;;;;;;;700.043518;692.112061;133.341049;;;;;;;;;;;;;;;;;;;;;;;;;;;;;;
199;;;;820.081848;723.956909;146.194885;1091.211426;816.397278;436.863831;762.499756;634.501892;136.108566;;;;;;;;;;1036.403687;830.883972;243.240753;;;;;;;;;;;;;;;;;;;;;;;;;696.503174;692.971069;134.411728;;;;;;;;;;;;;;;;;;;;;;;;;;;;;;
200;;;;816.521362;725.011780;147.011719;1089.185303;816.524963;436.661102;758.772461;635.621582;137.244263;;;;;;;;;;1032.850952;831.516479;243.799667;;;;;;;;;;;;;;;;;;;;;;;;;693.355469;694.009399;135.405151;;;;;;;;;;;;;;;;;;;;;;;;;;;;;;
201;;;;813.294067;725.671692;147.754974;1086.895508;816.717041;436.558472;754.609436;636.515991;138.764832;;;;;;;;;;1030.410156;832.024414;244.185211;;;;;;;;;;;;;;;;;;;;;;;;;689.431213;695.200745;136.657837;;;;;;;;;;;;;;;;;;;;;;;;;;;;;;
202;;;;809.836304;726.128601;148.256714;1085.636841;816.570801;436.830505;750.956543;637.315918;139.647461;;;;;;;;;;1026.993042;832.322632;244.429703;;;;;;;;;;;;;;;;;;;;;;;;;685.343201;696.201538;138.182648;;;;;;;;;;;;;;;;;;;;;;;;;;;;;;
203;;;;806.309143;726.906311;148.636688;1083.536255;816.656494;437.119568;746.866577;638.131836;140.593597;;;;;;;;;;1023.811890;832.767883;245.169571;;;;;;;;;;;;;;;;;;;;;;;;;681.640503;697.510437;139.599777;;;;;;;;;;;;;;;;;;;;;;;;;;;;;;
204;;;;802.403870;727.743469;149.621536;1081.415283;816.656982;437.021057;742.722595;638.932739;141.514862;;;;;;;;;;1020.363342;833.235596;245.285950;;;;;;;;;;;;;;;;;;;;;;;;;677.622803;698.623047;140.457275;;;;;;;;;;;;;;;;;;;;;;;;;;;;;;
205;;;;798.244385;728.401367;150.748184;1079.797485;816.605225;437.015686;738.641785;640.010681;142.068207;;;;;;;;;;1017.086121;833.657776;245.522324;;;;;;;;;;;;;;;;;;;;;;;;;673.412842;699.885803;141.275085;;;;;;;;;;;;;;;;;;;;;;;;;;;;;;
206;;;;794.612183;729.003357;151.640991;1077.466309;816.659851;437.257355;734.220032;641.003662;142.986633;;;;;;;;;;1013.548767;834.146790;245.965836;;;;;;;;;;;;;;;;;;;;;;;;;669.396606;700.959290;142.502106;;;;;;;;;;;;;;;;;;;;;;;;;;;;;;
207;;;;790.643311;729.751038;152.327347;1075.637939;816.490173;436.859772;729.739380;641.839417;143.604507;;;;;;;;;;1009.729248;834.479675;246.550232;;;;;;;;;;;;;;;;;;;;;;;;;665.478394;702.106262;143.033508;;;;;;;;;;;;;;;;;;;;;;;;;;;;;;
208;;;;786.116699;730.183350;153.153778;1073.535889;816.638672;437.057434;725.141541;642.504761;144.178879;;;;;;;;;;1005.948975;834.956482;247.154800;;;;;;;;;;;;;;;;;;;;;;;;;661.194336;703.186279;143.822281;;;;;;;;;;;;;;;;;;;;;;;;;;;;;;
209;;;;782.002625;730.539673;154.394836;1071.193115;816.468689;436.974213;721.069519;643.405945;144.870117;;;;;;;;;;1002.607910;835.178711;247.257202;;;;;;;;;;;;;;;;;;;;;;;;;656.767639;704.372803;145.156631;;;;;;;;;;;;;;;;;;;;;;;;;;;;;;
210;;;;777.943848;731.110107;155.271225;1069.054810;816.336853;436.555664;716.609375;644.223999;145.415390;;;;;;;;;;998.933838;835.441589;247.926865;;;;;;;;;;;;;;;;;;;;;;;;;652.578491;705.302002;146.098297;;;;;;;;;;;;;;;;;;;;;;;;;;;;;;
211;;;;773.978455;731.718750;155.341354;1066.718262;816.243103;437.411896;711.922668;645.003418;145.838242;;;;;;;;;;994.708740;835.783020;248.461502;;;;;;;;;;;;;;;;;;;;;;;;;648.370483;706.436462;146.641571;;;;;;;;;;;;;;;;;;;;;;;;;;;;;;
212;;;;770.002014;732.329407;155.584457;1064.660278;815.945007;436.830566;707.017761;645.781189;146.572861;;;;;;;;;;990.846741;836.135132;248.935501;;;;;;;;;;;;;;;;;;;;;;;;;644.330444;707.664124;147.121902;;;;;;;;;;;;;;;;;;;;;;;;;;;;;;
213;;;;765.286865;732.995178;156.454269;1062.013184;815.925171;437.042877;702.594849;646.676514;146.741547;;;;;;;;;;987.028870;836.411682;249.416107;;;;;;;;;;;;;;;;;;;;;;;;;639.738586;708.793945;147.658386;;;;;;;;;;;;;;;;;;;;;;;;;;;;;;
214;;;;761.029663;733.341370;157.270706;1060.036133;815.630310;436.998138;698.161682;647.513489;146.717255;;;;;;;;;;982.964905;836.690552;249.394928;;;;;;;;;;;;;;;;;;;;;;;;;634.920837;709.668457;148.553635;;;;;;;;;;;;;;;;;;;;;;;;;;;;;;
215;;;;756.866028;733.899841;157.841766;1057.522949;815.602173;436.953400;693.454895;648.168823;146.710266;;;;;;;;;;979.018860;836.881653;249.994888;;;;;;;;;;;;;;;;;;;;;;;;;630.370667;710.751770;149.332809;;;;;;;;;;;;;;;;;;;;;;;;;;;;;;
216;;;;752.329529;734.446533;158.410538;1055.307617;815.324341;437.109619;688.719543;648.679138;146.802322;;;;;;;;;;975.098450;837.059631;250.690567;;;;;;;;;;;;;;;;;;;;;;;;;625.966675;711.714294;149.837051;;;;;;;;;;;;;;;;;;;;;;;;;;;;;;
217;;;;747.577820;734.956970;159.225388;1052.387451;815.398743;437.189026;683.998779;649.379883;147.103943;;;;;;;;;;970.968811;837.296143;251.326614;;;;;;;;;;;;;;;;;;;;;;;;;621.692139;712.865967;149.830688;;;;;;;;;;;;;;;;;;;;;;;;;;;;;;
218;;;;743.262146;735.494873;159.271133;1049.806885;815.131226;437.173401;679.274597;650.085022;147.379456;;;;;;;;;;966.812012;837.531311;252.085449;;;;;;;;;;;;;;;;;;;;;;;;;616.872803;713.855469;150.244598;;;;;;;;;;;;;;;;;;;;;;;;;;;;;;
219;;;;738.729248;736.036621;159.674911;1047.083862;815.260193;436.880493;674.465332;650.745667;147.544769;;;;;;;;;;962.547302;837.613159;252.700348;;;;;;;;;;;;;;;;;;;;;;;;;611.882507;714.451599;150.705154;;;;;;;;;;;;;;;;;;;;;;;;;;;;;;
220;;;;734.252991;736.308594;160.262131;1044.511475;814.917053;436.665833;669.494751;651.302612;147.370850;;;;;;;;;;958.328796;837.765015;253.124741;;;;;;;;;;;;;;;;;;;;;;;;;607.330627;715.400818;150.649323;;;;;;;;;;;;;;;;;;;;;;;;;;;;;;
221;;;;729.660889;736.522888;160.458878;1041.903687;814.670105;436.915192;664.851379;651.901123;147.051010;;;;;;;;;;954.617676;837.726685;253.355026;;;;;;;;;;;;;;;;;;;;;;;;;602.674377;716.310730;150.581635;;;;;;;;;;;;;;;;;;;;;;;;;;;;;;
222;;;;725.204712;737.153992;160.362396;1038.826294;814.510193;436.769348;660.271790;652.623962;146.865036;;;;;;;;;;950.513672;837.675354;253.922104;;;;;;;;;;;;;;;;;;;;;;;;;597.996399;716.976196;150.684509;;;;;;;;;;;;;;;;;;;;;;;;;;;;;;
223;;;;720.905457;737.701721;160.068451;1036.323120;814.202087;437.236206;655.160095;653.113586;147.229904;;;;;;;;;;946.360291;837.617981;254.526047;;;;;;;;;;;;;;;;;;;;;;;;;593.470459;717.708801;150.124985;;;;;;;;;;;;;;;;;;;;;;;;;;;;;;
224;;;;716.346863;738.075256;159.981567;1033.452881;813.864380;436.936157;650.637146;653.717468;147.075775;;;;;;;;;;942.175110;837.393188;255.223633;;;;;;;;;;;;;;;;;;;;;;;;;589.176636;718.539246;149.488617;;;;;;;;;;;;;;;;;;;;;;;;;;;;;;
225;;;;711.563416;738.451172;160.452255;1030.564575;813.537964;437.284119;646.239990;654.230591;146.438263;;;;;;;;;;937.742676;837.251892;255.553528;;;;;;;;;;;;;;;;;;;;;;;;;584.531189;719.092590;149.390442;;;;;;;;;;;;;;;;;;;;;;;;;;;;;;
226;;;;706.939758;739.080750;160.310623;1027.859375;813.330933;436.939880;641.760010;654.881287;145.949387;;;;;;;;;;933.710266;837.117920;256.123108;;;;;;;;;;;;;;;;;;;;;;;;;579.940918;719.785522;148.563049;;;;;;;;;;;;;;;;;;;;;;;;;;;;;;
227;;;;702.204712;739.398254;159.725296;1024.729980;812.777344;437.413544;637.143372;655.491760;145.662918;;;;;;;;;;929.728394;837.075439;256.897888;;;;;;;;;;;;;;;;;;;;;;;;;575.143188;720.415405;148.282669;;;;;;;;;;;;;;;;;;;;;;;;;;;;;;
228;;;;697.828064;739.755066;159.702271;1021.777344;812.340088;437.206665;632.545593;656.014465;145.229019;;;;;;;;;;925.806091;836.984558;256.992218;;;;;;;;;;;;;;;;;;;;;;;;;570.493713;721.086548;147.767410;;;;;;;;;;;;;;;;;;;;;;;;;;;;;;
229;;;;693.824768;740.261108;159.301178;1019.098328;812.082764;437.244324;628.015869;656.460205;144.442596;;;;;;;;;;921.805237;836.768188;257.437439;;;;;;;;;;;;;;;;;;;;;;;;;565.955872;721.820190;147.208588;;;;;;;;;;;;;;;;;;;;;;;;;;;;;;
230;;;;689.557800;740.747131;158.625229;1015.629578;811.688843;436.861053;623.650879;657.213806;143.796768;;;;;;;;;;917.703491;836.425781;258.247742;;;;;;;;;;;;;;;;;;;;;;;;;561.565063;722.607361;146.457840;;;;;;;;;;;;;;;;;;;;;;;;;;;;;;
231;;;;684.572449;741.271790;159.007446;1012.972595;811.320801;437.191650;619.259216;657.740479;143.200851;;;;;;;;;;913.253845;835.896362;258.671844;;;;;;;;;;;;;;;;;;;;;;;;;557.553284;723.340759;145.411270;;;;;;;;;;;;;;;;;;;;;;;;;;;;;;
232;;;;680.412720;741.443665;158.450638;1009.522583;811.015625;437.335297;614.863647;657.988708;142.381165;;;;;;;;;;909.119263;835.417236;259.166077;;;;;;;;;;;;;;;;;;;;;;;;;553.122986;723.877441;144.717041;;;;;;;;;;;;;;;;;;;;;;;;;;;;;;
233;;;;676.181702;741.964233;157.711502;1007.042053;810.243835;437.203705;610.493774;658.464417;141.793564;;;;;;;;;;905.513672;835.229492;259.238800;;;;;;;;;;;;;;;;;;;;;;;;;548.681396;724.560791;143.466324;;;;;;;;;;;;;;;;;;;;;;;;;;;;;;
234;;;;671.322205;742.331482;158.348770;1003.959900;809.762817;437.243866;606.283630;659.035034;141.071884;;;;;;;;;;901.617249;834.886963;259.678833;;;;;;;;;;;;;;;;;;;;;;;;;544.174133;725.097351;142.924789;;;;;;;;;;;;;;;;;;;;;;;;;;;;;;
235;;;;667.050842;742.466370;158.087387;1000.915283;809.184082;437.282257;602.013855;659.466431;140.143677;;;;;;;;;;897.607239;834.567688;260.121368;;;;;;;;;;;;;;;;;;;;;;;;;540.366516;725.906982;141.374832;;;;;;;;;;;;;;;;;;;;;;;;;;;;;;
236;;;;663.757690;742.782776;156.538773;997.956055;808.604309;437.173950;597.805847;659.835205;139.331802;;;;;;;;;;893.581787;833.981140;260.573853;;;;;;;;;;;;;;;;;;;;;;;;;536.469543;726.584045;140.372040;;;;;;;;;;;;;;;;;;;;;;;;;;;;;;
237;;;;659.891418;742.960327;155.979431;995.136780;808.390991;437.433136;593.581299;660.431030;138.581879;;;;;;;;;;889.558960;833.249573;260.537659;;;;;;;;;;;;;;;;;;;;;;;;;532.391174;727.396545;139.261566;;;;;;;;;;;;;;;;;;;;;;;;;;;;;;
238;;;;655.545959;743.075867;155.470963;992.099121;807.723511;437.270050;589.290649;660.898743;137.413879;;;;;;;;;;885.829590;832.809326;260.973206;;;;;;;;;;;;;;;;;;;;;;;;;528.133301;727.904846;138.526825;;;;;;;;;;;;;;;;;;;;;;;;;;;;;;
239;;;;651.619934;743.286987;154.626633;989.251160;807.024902;437.378845;585.024170;661.258057;136.680679;;;;;;;;;;882.251099;832.477661;261.593170;;;;;;;;;;;;;;;;;;;;;;;;;524.678345;728.911133;137.104675;;;;;;;;;;;;;;;;;;;;;;;;;;;;;;
240;;;;648.218201;743.379028;154.255188;986.461304;806.476501;436.829926;580.578552;661.830444;136.659088;;;;;;;;;;878.318970;831.893982;261.884277;;;;;;;;;;;;;;;;;;;;;;;;;520.845032;729.631165;135.877945;;;;;;;;;;;;;;;;;;;;;;;;;;;;;;
241;;;;643.980469;743.622009;154.320969;983.285889;806.035461;437.226318;576.648254;662.096375;135.125671;;;;;;;;;;874.864807;830.911621;262.082825;;;;;;;;;;;;;;;;;;;;;;;;;516.923950;730.441345;134.575867;;;;;;;;;;;;;;;;;;;;;;;;;;;;;;
242;;;;640.238342;743.694580;153.105316;980.580750;805.443542;436.928619;572.827209;662.541931;134.121429;;;;;;;;;;871.207703;830.101624;262.499512;;;;;;;;;;;;;;;;;;;;;;;;;513.246216;731.112122;133.872955;;;;;;;;;;;;;;;;;;;;;;;;;;;;;;
243;;;;637.047668;743.601440;152.488678;977.844116;804.839050;437.143738;569.399109;663.300903;132.533310;;;;;;;;;;867.449280;829.664246;262.920227;;;;;;;;;;;;;;;;;;;;;;;;;509.734924;731.845520;132.804825;;;;;;;;;;;;;;;;;;;;;;;;;;;;;;
244;;;;633.321106;743.876343;152.711899;975.097717;804.081604;436.802917;565.480774;663.491089;131.706406;;;;;;;;;;864.548889;829.040588;263.292633;;;;;;;;;;;;;;;;;;;;;;;;;505.861176;732.282593;131.856277;;;;;;;;;;;;;;;;;;;;;;;;;;;;;;
245;;;;629.923279;744.025330;151.980133;972.737000;803.546875;437.028076;561.759766;663.902405;130.979080;;;;;;;;;;861.071045;828.178162;263.464417;;;;;;;;;;;;;;;;;;;;;;;;;;;;;;;;;;;;;;;;;;;;;;;;;;;;;;;;;
246;;;;626.226746;743.993042;151.285873;969.622192;802.889709;436.761383;558.054382;664.180542;130.307419;;;;;;;;;;857.485474;827.206909;263.836151;;;;;;;;;;;;;;;;;;;;;;;;;;;;499.314575;733.753906;129.752686;;;;;;;;;;;;;;;;;;;;;;;;;;;
247;;;;623.006348;743.956726;150.912415;967.477356;802.105103;436.970856;554.922058;664.638123;128.765182;;;;;;;;;;854.526733;826.626160;263.886322;;;;;;;;;;;;;;;;;;;;;;;;;;;;496.274933;734.371887;129.073166;;;;;;;;;;;;;;;;;;;;;;;;;;;
248;;;;619.890808;744.136841;150.538910;964.623169;801.550293;436.757263;551.434509;665.008057;128.281448;;;;;;;;;;851.580383;825.992004;264.114899;;;;;;;;;;;;;;;;;;;;;;;;;;;;493.614380;735.093567;127.862617;;;;;;;;;;;;;;;;;;;;;;;;;;;
249;;;;617.175659;744.216614;149.451782;962.389160;800.813538;436.760864;548.020691;665.255188;127.757034;;;;;;;;;;848.589172;825.101318;264.101135;;;;;;;;;;;;;;;;;;;;;;;;;;;;490.085175;735.501160;127.493454;;;;;;;;;;;;;;;;;;;;;;;;;;;
250;;;;614.361206;743.991028;148.706680;959.662720;800.152954;436.619843;544.855225;665.478516;127.137871;;;;;;;;;;845.491089;824.234741;263.986694;;;;;;;;;;;;;;;;;;;;;;;;;;;;487.387146;736.161255;126.745003;;;;;;;;;;;;;;;;;;;;;;;;;;;
251;;;;611.873535;744.224121;147.783401;957.516724;799.473877;436.352203;542.035583;665.859436;126.156822;;;;;;;;;;842.885437;823.578491;264.122406;;;;;;;;;;;;;;;;;;;;;;;;;;;;484.287903;736.472900;125.549721;;;;;;;;;;;;;;;;;;;;;;;;;;;
252;;;;609.016235;744.098328;147.215836;954.846985;798.839478;435.970612;538.708923;666.128357;125.867233;;;;;;;;;;839.925232;822.950317;264.226074;;;;;;;;;;;;;;;;;;;;;;;;;;;;481.931274;736.984131;124.906021;;;;;;;;;;;;;;;;;;;;;;;;;;;
253;;;;606.492676;744.001343;146.933304;952.516785;798.092529;435.926727;535.484314;666.255737;125.383217;;;;;;;;;;837.323792;822.037354;264.151550;;;;;;;;;;;;;;;;;;;;;;;;;;;;479.108612;737.266785;124.747490;;;;;;;;;;;;;;;;;;;;;;;;;;;
254;;;;603.566284;744.004150;146.043213;950.607239;797.627991;435.390961;532.822205;666.351990;124.644920;;;;;;;;;;834.639709;821.121704;264.070648;;;;;;;;;;;;;;;;;;;;;;;;;;;;;;;;;;;;;;;;;;;;;;;;;;;;;;;;;
255;;;;600.936523;743.823608;145.969086;947.934753;796.945374;435.415039;530.367981;666.650757;123.690407;;;;;;;;;;832.150452;820.531799;264.125824;;;;;;;;;;;;;;;;;;;;;;;;;;;;;;;473.481995;737.832703;123.254845;;;;;;;;;;;;;;;;;;;;;;;;
256;;;;598.598022;743.936157;144.980438;946.133911;796.250122;435.269928;527.452515;666.775391;123.407066;;;;;;;;;;829.899475;819.932251;264.080811;;;;;;;;;;;;;;;;;;;;;;;;;;;;;;;471.868011;737.964233;122.182999;;;;;;;;;;;;;;;;;;;;;;;;
257;;;;595.886414;744.018921;144.817368;943.927856;795.493713;434.702118;524.820190;666.854431;122.733437;;;;;;;;;;827.208801;818.954834;264.130981;;;;;;;;;;;;;;;;;;;;;;;;;;;;;;;469.096252;738.268616;122.019432;;;;;;;;;;;;;;;;;;;;;;;;
258;;;;594.001038;743.690674;143.818619;941.888245;795.100403;434.859436;522.425781;666.629822;122.105698;;;;;;;;;;825.134949;818.069153;264.143951;;;;;;;;;;;;;;;;;;;;;;;;;;;;;;;467.019562;738.417664;120.686035;;;;;;;;;;;;;;;;;;;;;;;;
259;;;;591.097656;743.667908;144.006668;940.011292;794.393860;434.471863;520.201172;666.794983;121.275055;;;;;;;;;;822.654114;817.534058;264.073730;;;;;;;;;;;;;;;;;;;;;;;;;;;;;;;463.978424;738.548401;120.752808;;;;;;;;;;;;;;;;;;;;;;;;
260;;;;588.628967;743.623108;143.901382;938.336975;793.949768;433.885101;517.731445;666.706177;120.864700;;;;;;;;;;820.834839;816.893860;264.053040;;;;;;;;;;;;;;;;;;;;;;;;;;;;;;;;;;;;;;;;;;;;;;;;;;;;;;;;;
261;;;;587.187256;743.395813;142.720245;936.349365;793.236694;433.580536;515.712402;666.571960;120.245308;;;;;;;;;;818.360535;816.105530;263.714752;;;;;;;;;;;;;;;;;;;;;;;;;;;;;;;;;;459.681854;738.461853;120.020958;;;;;;;;;;;;;;;;;;;;;
262;;;;584.548950;743.151794;141.877579;934.384155;792.598938;433.174103;513.681091;666.563965;119.077866;;;;;;;;;;816.658325;815.210938;263.877594;;;;;;;;;;;;;;;;;;;;;;;;;;;;;;;;;;458.264771;738.432373;118.113518;;;;;;;;;;;;;;;;;;;;;
263;;;;582.505127;743.080566;141.952393;933.329407;792.085571;432.870483;511.433014;666.331238;118.843086;;;;;;;;;;814.507324;814.502136;263.647034;;;;;;;;;;;;;;;;;;;;;;;;;;;;;;;;;;456.587158;738.276245;117.171631;;;;;;;;;;;;;;;;;;;;;
264;;;;580.717102;742.566284;141.478622;931.405151;791.658020;432.457703;509.460022;666.109680;118.441315;;;;;;;;;;812.669250;814.080750;263.471527;;;;;;;;;;;;;;;;;;;;;;;;;;;;;;;;;;453.889893;738.032593;117.469223;;;;;;;;;;;;;;;;;;;;;
265;;;;578.858643;742.298462;140.695282;929.952576;791.279419;431.735565;507.674683;665.808655;117.267059;;;;;;;;;;810.893555;813.564331;263.371002;;;;;;;;;;;;;;;;;;;;;;;;;;;;;;;;;;;;;;;;;;;;;;;;;;;;;;;;;
266;;;;576.853516;742.174438;139.635010;928.911194;790.897583;431.639130;505.807465;665.504150;116.792198;;;;;;;;;;808.789551;812.887268;262.956512;;;;;;;;;;;;;;;;;;;;;;;;;;;;;;;;;;;;;450.435913;737.259521;115.572311;;;;;;;;;;;;;;;;;;
267;;;;575.074341;741.807068;139.200638;927.325684;790.076538;431.235443;504.284882;665.248108;115.436272;;;;;;;;;;807.200195;812.086182;262.944885;;;;;;;;;;;;;;;;;;;;;;;;;;;;;;;;;;;;;448.653809;736.769958;114.756149;;;;;;;;;;;;;;;;;;
268;;;;573.874756;741.467407;138.435394;925.709534;789.504883;430.860992;502.834351;664.987305;114.430328;;;;;;;;;;805.291748;811.438232;262.534943;;;;;;;;;;;;;;;;;;;;;;;;;;;;;;;;;;;;;;;;;;;;;;;;;;;;;;;;;
269;;;;571.735901;741.143738;138.319397;924.507568;789.038635;430.600128;501.134430;664.449829;113.670212;;;;;;;;;;803.756470;811.054199;262.139343;;;;;;;;;;;;;;;;;;;;;;;;;;;;;;;;;;;;;;;;445.112976;736.112976;114.210442;;;;;;;;;;;;;;;
270;;;;569.831177;740.881897;138.122208;923.086182;788.650269;429.919098;499.601898;664.125549;112.999367;;;;;;;;;;802.069397;810.500977;262.191193;;;;;;;;;;;;;;;;;;;;;;;;;;;;;;;;;;;;;;;;443.754639;735.821533;113.087730;;;;;;;;;;;;;;;
271;;;;568.438110;740.630615;137.271606;921.934387;788.281616;429.153839;498.147278;663.730164;112.417030;;;;;;;;;;800.455688;809.942505;261.998505;;;;;;;;;;;;;;;;;;;;;;;;;;;;;;;;;;;;;;;;442.778870;735.200439;111.611877;;;;;;;;;;;;;;;
272;;;;567.534485;740.047791;135.455521;921.305420;787.900146;428.731628;496.932068;663.257751;111.102516;;;;;;;;;;798.921387;809.252502;261.741974;;;;;;;;;;;;;;;;;;;;;;;;;;;;;;;;;;;;;;;;;;;;;;;;;;;;;;;;;
273;;;;566.079407;739.652710;135.127106;920.231812;787.378906;428.201416;495.670502;662.855164;109.916862;;;;;;;;;;797.358826;808.398193;261.705322;;;;;;;;;;;;;;;;;;;;;;;;;;;;;;;;;;;;;;;;;;;439.185760;734.061401;110.604988;;;;;;;;;;;;
274;;;;564.601990;739.473938;134.852463;918.394531;786.964111;427.923798;494.185425;662.404297;108.993599;;;;;;;;;;795.936462;807.980103;261.427094;;;;;;;;;;;;;;;;;;;;;;;;;;;;;;;;;;;;;;;;;;;438.140686;733.741150;109.461205;;;;;;;;;;;;
275;;;;562.927307;739.004761;134.390961;917.068176;786.508911;427.785675;493.297974;662.065552;108.041771;;;;;;;;;;794.382507;807.656372;261.271179;;;;;;;;;;;;;;;;;;;;;;;;;;;;;;;;;;;;;;;;;;;436.806519;733.328491;108.870018;;;;;;;;;;;;
276;;;;561.364014;738.548706;133.957840;915.971863;786.127075;427.646820;492.247650;661.753540;106.913811;;;;;;;;;;792.919189;807.133972;261.273590;;;;;;;;;;;;;;;;;;;;;;;;;;;;;;;;;;;;;;;;;;;;;;;;;;;;;;;;;
277;;;;560.367920;738.400391;133.024719;914.728760;785.607361;427.224518;491.174957;661.328308;105.975822;;;;;;;;;;791.668274;806.784607;261.015839;;;;;;;;;;;;;;;;;;;;;;;;;;;;;;;;;;;;;;;;;;;;;;434.707031;732.192200;105.814835;;;;;;;;;
278;;;;559.929443;738.004395;131.722366;913.586365;785.192871;426.735016;490.126404;660.718384;104.843849;;;;;;;;;;790.973755;805.318665;259.798431;;;;;;;;;;;;;;;;;;;;;;;;;;;;;;;;;;;;;;;;;;;;;;433.712799;731.643250;105.598228;;;;;;;;;
279;;;;559.004578;737.398621;130.658813;912.934692;784.865356;426.331360;489.082642;660.197876;103.683861;;;;;;;;;;789.149231;805.390320;260.441101;;;;;;;;;;;;;;;;;;;;;;;;;;;;;;;;;;;;;;;;;;;;;;432.359497;731.173401;105.218323;;;;;;;;;
280;;;;557.660706;736.871765;130.168274;911.730103;784.572937;425.908417;488.516693;659.938171;102.675476;;;;;;;;;;787.852295;805.176941;260.274475;;;;;;;;;;;;;;;;;;;;;;;;;;;;;;;;;;;;;;;;;;;;;;430.722534;730.764832;104.899620;;;;;;;;;
281;;;;556.909180;736.377625;129.161957;910.211670;784.349365;425.405243;487.769379;659.926575;101.214111;;;;;;;;;;786.741821;804.904053;259.585785;;;;;;;;;;;;;;;;;;;;;;;;;;;;;;;;;;;;;;;;;;;;;;430.429321;730.387024;103.612122;;;;;;;;;
282;;;;555.966248;736.007202;128.610413;908.961548;784.074707;425.297577;487.092194;659.523987;100.248459;;;;;;;;;;785.580933;804.475159;259.552948;;;;;;;;;;;;;;;;;;;;;;;;;;;;;;;;;;;;;;;;;;;;;;;;;;;;;;;;;
283;;;;554.734558;735.651123;128.224915;907.950745;783.762695;425.297943;486.286896;659.003601;99.316711;;;;;;;;;;784.483215;804.140381;259.147461;;;;;;;;;;;;;;;;;;;;;;;;;;;;;;;;;;;;;;;;;;;;;;;;;;;;;;;;;
284;;;;553.840271;735.559937;127.481651;907.041626;783.424927;424.940826;485.367035;658.454834;98.699814;;;;;;;;;;783.507446;803.862549;258.796295;;;;;;;;;;;;;;;;;;;;;;;;;;;;;;;;;;;;;;;;;;;;;;;;;428.345642;728.682190;100.388435;;;;;;
285;;;;552.935181;735.263794;127.036423;905.750061;783.063477;424.504669;484.521606;658.057800;98.026955;;;;;;;;;;782.617126;803.506897;258.282867;;;;;;;;;;;;;;;;;;;;;;;;;;;;;;;;;;;;;;;;;;;;;;;;;426.829468;728.268005;100.321724;;;;;;
286;;;;552.006165;734.962097;126.750511;904.755798;782.727661;424.161896;483.990845;657.559631;96.983017;;;;;;;;;;781.784729;802.981812;258.089142;;;;;;;;;;;;;;;;;;;;;;;;;;;;;;;;;;;;;;;;;;;;;;;;;425.777802;727.995667;100.026138;;;;;;
287;;;;551.276855;734.512939;126.419029;904.081787;782.406982;424.049500;483.485229;657.330200;96.063324;;;;;;;;;;780.951233;802.386414;257.975372;;;;;;;;;;;;;;;;;;;;;;;;;;;;;;;;;;;;;;;;;;;;;;;;;425.653412;727.772522;98.987480;;;;;;
288;;;;551.032166;733.911072;125.000397;903.030457;782.122681;423.860687;482.923370;657.207581;95.286621;;;;;;;;;;779.939819;801.875610;257.720978;;;;;;;;;;;;;;;;;;;;;;;;;;;;;;;;;;;;;;;;;;;;;;;;;425.299957;727.405884;97.862999;;;;;;
289;;;;550.767395;733.516968;124.184677;902.000854;781.746399;423.427765;482.261414;656.794922;94.922218;;;;;;;;;;779.152405;801.605957;257.196106;;;;;;;;;;;;;;;;;;;;;;;;;;;;;;;;;;;;;;;;;;;;;;;;;424.701019;726.981750;96.824287;;;;;;
290;;;;550.150269;733.116577;123.612717;900.948975;781.434937;423.178589;481.597809;656.220520;94.565414;;;;;;;;;;778.573425;801.404480;256.743225;;;;;;;;;;;;;;;;;;;;;;;;;;;;;;;;;;;;;;;;;;;;;;;;;424.268463;726.431091;95.813019;;;;;;
291;;;;550.136475;732.838806;122.311119;900.307373;781.228577;423.114746;480.970520;655.676025;94.159531;;;;;;;;;;778.039368;801.176392;256.491180;;;;;;;;;;;;;;;;;;;;;;;;;;;;;;;;;;;;;;;;;;;;;;;;;423.688019;725.828491;95.519623;;;;;;
292;;;;549.526123;732.477417;121.411613;899.630249;780.937683;422.865967;480.455353;655.254944;93.585205;;;;;;;;;;777.422119;800.885193;256.092529;;;;;;;;;;;;;;;;;;;;;;;;;;;;;;;;;;;;;;;;;;;;;;;;;422.871277;725.467285;95.482567;;;;;;
293;;;;548.836121;732.300964;120.948105;898.844482;780.677917;422.282867;479.830231;654.673950;93.152740;;;;;;;;;;776.674072;800.727661;255.611267;;;;;;;;;;;;;;;;;;;;;;;;;;;;;;;;;;;;;;;;;;;;;;;;;;;;;;;;;
294;;;;548.264099;732.050049;120.767250;897.721130;780.555969;422.041199;479.597137;654.326233;92.973076;;;;;;;;;;775.837341;800.496521;255.121048;;;;;;;;;;;;;;;;;;;;;;;;;;;;;;;;;;;;;;;;;;;;;;;;;;;;;;;;;
295;;;;547.883179;731.705566;120.612831;897.017273;780.386597;421.574707;479.354492;654.156067;92.582848;;;;;;;;;;775.257141;800.124756;254.625046;;;;;;;;;;;;;;;;;;;;;;;;;;;;;;;;;;;;;;;;;;;;;;;;;;;;;;;;;
296;;;;547.516907;731.346375;120.410904;896.514099;780.246826;421.341736;479.052643;653.815491;92.114502;;;;;;;;;;774.846497;799.873230;254.316711;;;;;;;;;;;;;;;;;;;;;;;;;;;;;;;;;;;;;;;;;;;;;;;;;;;;421.311035;723.811890;93.669907;;;
297;;;;547.082458;731.053894;120.166504;896.133789;780.124390;421.125244;478.679443;653.425476;91.766785;;;;;;;;;;774.584473;799.530945;254.060715;;;;;;;;;;;;;;;;;;;;;;;;;;;;;;;;;;;;;;;;;;;;;;;;;;;;420.849304;723.351013;93.549782;;;
298;;;;546.585754;730.747192;120.109535;895.602600;779.840637;420.785156;478.325562;652.966187;91.191391;;;;;;;;;;774.281372;799.165894;253.652664;;;;;;;;;;;;;;;;;;;;;;;;;;;;;;;;;;;;;;;;;;;;;;;;;;;;420.517059;722.865356;93.318161;;;
299;;;;545.990295;730.455139;119.754845;895.067444;779.588623;420.373718;477.968262;652.694885;90.800156;;;;;;;;;;773.792358;798.840210;253.236053;;;;;;;;;;;;;;;;;;;;;;;;;;;;;;;;;;;;;;;;;;;;;;;;;;;;420.088470;722.464600;93.010773;;;
300;;;;545.623840;730.039429;119.261978;894.566162;779.355164;419.953735;477.622925;652.223450;90.506706;;;;;;;;;;773.386536;798.515625;252.859573;;;;;;;;;;;;;;;;;;;;;;;;;;;;;;;;;;;;;;;;;;;;;;;;;;;;419.425201;722.070679;92.887024;;;
301;;;;545.357666;729.776978;118.789528;894.033691;779.139038;419.575531;477.272675;652.003113;90.280876;;;;;;;;;;772.959167;798.308533;252.464630;;;;;;;;;;;;;;;;;;;;;;;;;;;;;;;;;;;;;;;;;;;;;;;;;;;;419.026062;722.016479;92.144653;;;
302;;;;544.987122;729.513184;118.406487;893.700623;778.823059;419.289703;476.988007;651.807922;90.040558;;;;;;;;;;772.461548;798.097656;251.961075;;;;;;;;;;;;;;;;;;;;;;;;;;;;;;;;;;;;;;;;;;;;;;;;;;;;418.743622;721.685120;92.075722;;;
303;;;;544.686401;729.445435;118.020462;893.608826;778.553162;419.182098;476.907776;651.590149;89.680084;;;;;;;;;;772.165039;797.859863;251.748047;;;;;;;;;;;;;;;;;;;;;;;;;;;;;;;;;;;;;;;;;;;;;;;;;;;;418.323944;721.295410;92.183922;;;
304;;;;544.297729;729.372314;117.767731;893.131775;778.322388;418.671356;476.489929;651.325684;89.848686;;;;;;;;;;771.996582;797.672119;251.489914;;;;;;;;;;;;;;;;;;;;;;;;;;;;;;;;;;;;;;;;;;;;;;;;;;;;417.955627;720.916809;92.182144;;;
305;;;;543.979736;729.326843;117.602646;892.811951;778.191223;418.064026;476.195404;651.033630;90.132439;;;;;;;;;;771.842896;797.622131;251.022247;;;;;;;;;;;;;;;;;;;;;;;;;;;;;;;;;;;;;;;;;;;;;;;;;;;;417.766693;720.524780;92.101723;;;
306;;;;543.674866;729.334656;117.387024;892.457031;778.083130;417.534698;475.775116;650.661865;90.585106;;;;;;;;;;771.752991;797.467651;250.433044;;;;;;;;;;;;;;;;;;;;;;;;;;;;;;;;;;;;;;;;;;;;;;;;;;;;417.633026;720.204773;92.024185;;;
307;;;;543.342407;729.294861;117.059799;892.091797;777.925415;417.036621;475.371338;650.496521;90.730110;;;;;;;;;;771.545837;797.338745;249.976486;;;;;;;;;;;;;;;;;;;;;;;;;;;;;;;;;;;;;;;;;;;;;;;;;;;;417.405701;720.015381;92.005180;;;
308;;;;543.114197;729.370972;116.732445;892.008057;777.749634;416.668823;475.197632;650.338501;90.650467;;;;;;;;;;771.209106;797.212646;249.585526;;;;;;;;;;;;;;;;;;;;;;;;;;;;;;;;;;;;;;;;;;;;;;;;;;;;417.054962;719.743164;92.027344;;;
309;;;;542.909729;729.388672;116.447540;891.908203;777.632263;416.397675;475.308075;650.298584;90.433029;;;;;;;;;;770.900269;797.002930;249.286865;;;;;;;;;;;;;;;;;;;;;;;;;;;;;;;;;;;;;;;;;;;;;;;;;;;;416.847015;719.478638;91.812180;;;
310;;;;542.736816;729.388794;116.170639;891.799744;777.542175;416.068146;474.874664;650.196899;90.531677;;;;;;;;;;770.668640;796.835449;249.061493;;;;;;;;;;;;;;;;;;;;;;;;;;;;;;;;;;;;;;;;;;;;;;;;;;;;416.582794;719.263489;91.697426;;;
311;;;;542.427185;729.488037;116.136520;891.752441;777.418091;415.806702;474.610626;650.079956;90.484123;;;;;;;;;;770.426880;796.681641;248.866257;;;;;;;;;;;;;;;;;;;;;;;;;;;;;;;;;;;;;;;;;;;;;;;;;;;;415.895874;719.155762;91.641449;;;
312;;;;541.878723;729.688660;116.317024;891.736572;777.277954;415.604218;474.468964;650.106445;90.138771;;;;;;;;;;770.181641;796.448059;248.800751;;;;;;;;;;;;;;;;;;;;;;;;;;;;;;;;;;;;;;;;;;;;;;;;;;;;415.447571;719.089905;91.539894;;;
313;;;;541.798889;729.652100;116.444336;891.590454;777.182007;415.374695;474.498779;650.223755;89.521690;;;;;;;;;;770.143005;796.276611;248.593964;;;;;;;;;;;;;;;;;;;;;;;;;;;;;;;;;;;;;;;;;;;;;;;;;;;;415.365662;719.164551;90.962860;;;
314;;;;541.504822;729.541199;116.241585;891.412415;777.087219;415.240479;474.544098;650.388123;88.887238;;;;;;;;;;770.146057;796.009949;248.520660;;;;;;;;;;;;;;;;;;;;;;;;;;;;;;;;;;;;;;;;;;;;;;;;;;;;;;;;;
315;;;;541.257446;729.483826;116.085381;891.260803;777.036682;414.987671;474.344696;650.509399;88.470245;;;;;;;;;;769.926514;795.829346;248.380203;;;;;;;;;;;;;;;;;;;;;;;;;;;;;;;;;;;;;;;;;;;;;;;;;;;;;;;;;
316;;;;541.022278;729.491089;115.961983;891.127869;776.970276;414.863068;474.114929;650.533630;88.234261;;;;;;;;;;769.811707;795.615540;248.309341;;;;;;;;;;;;;;;;;;;;;;;;;;;;;;;;;;;;;;;;;;;;;;;;;;;;;;;;;
317;;;;540.852722;729.409973;115.910599;890.932922;776.902588;414.738800;473.880859;650.586060;87.912544;;;;;;;;;;769.636169;795.458435;248.280090;;;;;;;;;;;;;;;;;;;;;;;;;;;;;;;;;;;;;;;;;;;;;;;;;;;;;;;;;
318;;;;540.788147;729.334290;115.737885;890.663208;776.902161;414.695160;473.683167;650.364441;87.961456;;;;;;;;;;769.504089;795.341064;248.363708;;;;;;;;;;;;;;;;;;;;;;;;;;;;;;;;;;;;;;;;;;;;;;;;;;;;;;;;;
319;;;;540.642212;729.215515;115.457634;890.410767;776.836609;414.699127;473.539276;650.227112;88.002121;;;;;;;;;;769.218018;795.225708;248.218048;;;;;;;;;;;;;;;;;;;;;;;;;;;;;;;;;;;;;;;;;;;;;;;;;;;;;;;;;
320;;;;540.440186;729.093872;115.221954;889.899109;776.929138;414.826752;473.567657;650.158264;87.661682;;;;;;;;;;768.966248;795.064636;248.199371;;;;;;;;;;;;;;;;;;;;;;;;;;;;;;;;;;;;;;;;;;;;;;;;;;;;;;;414.249573;719.070129;89.628883
321;;;;540.272156;728.934692;115.090065;889.686157;777.099060;414.606964;473.629974;650.025574;87.189087;;;;;;;;;;768.657959;794.950256;248.173904;;;;;;;;;;;;;;;;;;;;;;;;;;;;;;;;;;;;;;;;;;;;;;;;;;;;;;;414.145386;718.872009;89.596558
322;;;;540.140259;728.728271;115.027870;889.291260;776.972351;415.006287;473.609283;649.787231;87.069397;;;;;;;;;;768.315613;794.880249;248.134552;;;;;;;;;;;;;;;;;;;;;;;;;;;;;;;;;;;;;;;;;;;;;;;;;;;;;;;414.080444;718.671387;89.467453
323;;;;539.992126;728.527405;114.947403;888.896362;777.084229;415.189697;473.563934;649.551025;86.985359;;;;;;;;;;768.129517;794.823120;248.141571;;;;;;;;;;;;;;;;;;;;;;;;;;;;;;;;;;;;;;;;;;;;;;;;;;;;;;;413.943787;718.475159;89.310211
324;;;;540.089539;728.346252;114.590561;888.691162;777.104004;415.195038;473.228485;649.189209;87.250969;;;;;;;;;;767.982849;794.763062;248.153305;;;;;;;;;;;;;;;;;;;;;;;;;;;;;;;;;;;;;;;;;;;;;;;;;;;;;;;413.931580;718.276917;89.246582
325;;;;539.975098;728.159485;114.505386;888.408325;777.112000;415.322906;473.189331;649.188416;86.703957;;;;;;;;;;767.824768;794.763367;248.173279;;;;;;;;;;;;;;;;;;;;;;;;;;;;;;;;;;;;;;;;;;;;;;;;;;;;;;;413.813934;718.093811;89.117516
326;;;;539.789246;728.042480;114.418785;888.130676;777.111938;415.393829;472.864105;649.034241;86.853294;;;;;;;;;;767.605469;794.716248;248.246414;;;;;;;;;;;;;;;;;;;;;;;;;;;;;;;;;;;;;;;;;;;;;;;;;;;;;;;413.744110;717.994080;89.025192
327;;;;539.701599;728.032471;114.297951;887.909973;777.088074;415.498779;472.594269;648.911194;86.886375;;;;;;;;;;767.301575;794.675415;248.291534;;;;;;;;;;;;;;;;;;;;;;;;;;;;;;;;;;;;;;;;;;;;;;;;;;;;;;;413.487427;717.941528;88.928719
328;;;;539.830200;727.963135;113.687241;887.646729;777.152832;415.639099;472.395264;648.896973;86.770912;;;;;;;;;;767.057190;794.520508;248.354980;;;;;;;;;;;;;;;;;;;;;;;;;;;;;;;;;;;;;;;;;;;;;;;;;;;;;;;413.283478;717.961792;88.884476
329;;;;539.538574;728.064087;113.967712;887.478210;777.167542;415.764557;472.231720;648.921448;86.619293;;;;;;;;;;766.848755;794.457947;248.364288;;;;;;;;;;;;;;;;;;;;;;;;;;;;;;;;;;;;;;;;;;;;;;;;;;;;;;;413.128754;717.985352;88.818138
330;;;;539.278625;728.117737;114.022873;887.185669;777.153931;415.957428;472.121246;648.877075;86.321182;;;;;;;;;;766.583801;794.358215;248.473404;;;;;;;;;;;;;;;;;;;;;;;;;;;;;;;;;;;;;;;;;;;;;;;;;;;;;;;412.928345;718.021851;88.642532
331;;;;539.152771;728.139893;113.892517;887.067810;777.017700;416.185394;471.649414;648.635742;86.431664;;;;;;;;;;766.372375;794.230774;248.610031;;;;;;;;;;;;;;;;;;;;;;;;;;;;;;;;;;;;;;;;;;;;;;;;;;;;;;;412.822449;717.845276;88.562263
332;;;;539.150940;728.177673;113.767380;886.862976;776.992371;416.178589;471.559204;648.556396;86.500000;;;;;;;;;;766.126953;794.060425;248.690567;;;;;;;;;;;;;;;;;;;;;;;;;;;;;;;;;;;;;;;;;;;;;;;;;;;;;;;412.841583;717.716614;88.531860
333;;;;539.199219;728.113159;113.548782;886.640137;777.083130;416.240631;471.459534;648.483398;86.374527;;;;;;;;;;765.941406;793.929260;248.760880;;;;;;;;;;;;;;;;;;;;;;;;;;;;;;;;;;;;;;;;;;;;;;;;;;;;;;;412.731567;717.639954;88.444328
334;;;;539.216064;728.212952;113.272408;886.392822;777.152100;416.341064;471.774017;648.699829;85.945694;;;;;;;;;;765.734192;793.729004;248.761398;;;;;;;;;;;;;;;;;;;;;;;;;;;;;;;;;;;;;;;;;;;;;;;;;;;;;;;412.625427;717.566040;88.422134
335;;;;539.209656;728.270813;113.078201;886.214172;777.172363;416.472168;471.553833;648.582642;85.874840;;;;;;;;;;765.702820;793.495850;249.019073;;;;;;;;;;;;;;;;;;;;;;;;;;;;;;;;;;;;;;;;;;;;;;;;;;;;;;;412.588470;717.557739;88.432106
336;;;;539.215332;728.224915;112.831512;886.085083;777.152710;416.576080;471.424469;648.501709;85.800674;;;;;;;;;;765.394409;793.442627;248.885941;;;;;;;;;;;;;;;;;;;;;;;;;;;;;;;;;;;;;;;;;;;;;;;;;;;;;;;412.629120;717.548218;88.378548
337;;;;539.170105;728.272583;112.562088;885.965698;777.171692;416.751160;471.699554;648.717468;85.481522;;;;;;;;;;765.143860;793.277100;248.897354;;;;;;;;;;;;;;;;;;;;;;;;;;;;;;;;;;;;;;;;;;;;;;;;;;;;;;;412.596283;717.552795;88.290413
338;;;;539.191162;728.293518;112.375397;885.750000;777.168335;416.839539;471.699493;648.766418;85.318703;;;;;;;;;;764.993347;793.076904;248.919052;;;;;;;;;;;;;;;;;;;;;;;;;;;;;;;;;;;;;;;;;;;;;;;;;;;;;;;412.571655;717.577393;88.285942
339;;;;539.224365;728.210571;112.184479;885.671692;777.146729;416.918427;471.685150;648.706421;84.988075;;;;;;;;;;764.830811;792.861694;248.904160;;;;;;;;;;;;;;;;;;;;;;;;;;;;;;;;;;;;;;;;;;;;;;;;;;;;;;;412.559967;717.581909;88.307884
340;;;;539.112793;728.240540;112.099525;885.539124;777.061035;417.023773;471.658905;648.718933;84.873543;;;;;;;;;;764.593384;792.671326;248.892197;;;;;;;;;;;;;;;;;;;;;;;;;;;;;;;;;;;;;;;;;;;;;;;;;;;;;;;412.554718;717.580872;88.319679
341;;;;539.086853;728.173950;112.054665;885.337280;777.051331;417.119629;471.539886;648.702820;84.851654;;;;;;;;;;764.407166;792.443481;248.940826;;;;;;;;;;;;;;;;;;;;;;;;;;;;;;;;;;;;;;;;;;;;;;;;;;;;;;;412.530640;717.572327;88.212578
342;;;;539.017151;728.170044;111.924362;885.366882;776.979919;417.287933;471.536987;648.628174;84.843567;;;;;;;;;;764.286072;792.139526;248.900986;;;;;;;;;;;;;;;;;;;;;;;;;;;;;;;;;;;;;;;;;;;;;;;;;;;;;;;412.551086;717.568970;88.158882
343;;;;539.060974;728.090332;111.698952;885.178528;776.969116;417.262909;471.549835;648.637756;84.611351;;;;;;;;;;764.166931;791.921448;248.849075;;;;;;;;;;;;;;;;;;;;;;;;;;;;;;;;;;;;;;;;;;;;;;;;;;;;;;;412.561310;717.568787;88.151031
344;;;;539.075562;728.065674;111.509392;884.935181;776.945374;417.249023;471.627380;648.635010;84.164459;;;;;;;;;;764.181091;791.675476;248.818115;;;;;;;;;;;;;;;;;;;;;;;;;;;;;;;;;;;;;;;;;;;;;;;;;;;;;;;412.512817;717.494446;88.051071
345;;;;539.023438;727.958252;111.345161;884.837341;776.901428;417.263458;471.658417;648.692505;83.859787;;;;;;;;;;764.122803;791.502075;248.736847;;;;;;;;;;;;;;;;;;;;;;;;;;;;;;;;;;;;;;;;;;;;;;;;;;;;;;;412.593658;717.589111;87.911301
346;;;;539.058350;727.831543;111.065483;884.747620;776.837097;417.310608;471.654572;648.692871;83.495712;;;;;;;;;;764.100037;791.276489;248.740341;;;;;;;;;;;;;;;;;;;;;;;;;;;;;;;;;;;;;;;;;;;;;;;;;;;;;;;412.657959;717.535583;87.732803
347;;;;539.014648;727.729248;110.816841;884.537537;776.807861;417.330292;471.541412;648.718628;83.232216;;;;;;;;;;763.794922;791.197693;248.880814;;;;;;;;;;;;;;;;;;;;;;;;;;;;;;;;;;;;;;;;;;;;;;;;;;;;;;;412.710358;717.523560;87.615829
348;;;;539.010681;727.598816;110.582481;884.461121;776.721680;417.325775;471.569550;648.723755;82.937927;;;;;;;;;;763.656494;791.048157;249.057907;;;;;;;;;;;;;;;;;;;;;;;;;;;;;;;;;;;;;;;;;;;;;;;;;;;;;;;412.679199;717.541077;87.499390
349;;;;539.030579;727.474426;110.342834;884.261536;776.618896;417.303375;471.499207;648.689819;82.418823;;;;;;;;;;763.455078;790.880249;249.096130;;;;;;;;;;;;;;;;;;;;;;;;;;;;;;;;;;;;;;;;;;;;;;;;;;;;;;;412.712494;717.548462;87.412270
350;;;;539.057617;727.433960;110.099449;883.930969;776.421082;417.542145;471.433655;648.648254;81.914917;;;;;;;;;;763.326965;790.664490;249.132614;;;;;;;;;;;;;;;;;;;;;;;;;;;;;;;;;;;;;;;;;;;;;;;;;;;;;;;412.760132;717.525330;87.145775
351;;;;539.004639;727.357605;110.011200;883.806030;776.243286;417.577454;471.445465;648.602417;81.174767;;;;;;;;;;763.174805;790.480896;249.194473;;;;;;;;;;;;;;;;;;;;;;;;;;;;;;;;;;;;;;;;;;;;;;;;;;;;;;;412.926056;717.530579;86.933891
352;;;;538.987549;727.268738;110.056412;883.736938;776.210205;417.479370;470.993958;648.731140;81.195045;;;;;;;;;;763.047546;790.115906;249.357315;;;;;;;;;;;;;;;;;;;;;;;;;;;;;;;;;;;;;;;;;;;;;;;;;;;;;;;412.893372;717.561035;86.804092
353;;;;538.922546;727.178284;110.031387;883.735779;776.158997;417.428711;471.107910;648.547974;80.795776;;;;;;;;;;762.901184;789.895508;249.416290;;;;;;;;;;;;;;;;;;;;;;;;;;;;;;;;;;;;;;;;;;;;;;;;;;;;;;;412.879547;717.566772;86.710594
354;;;;538.936218;727.144592;109.826019;883.621155;775.995789;417.308289;471.098022;648.545471;80.324066;;;;;;;;;;763.006042;789.504272;249.162323;;;;;;;;;;;;;;;;;;;;;;;;;;;;;;;;;;;;;;;;;;;;;;;;;;;;;;;412.871002;717.575317;86.584343
355;;;;538.935974;727.062134;109.667831;883.374573;775.971924;417.433014;471.096039;648.544312;79.896667;;;;;;;;;;762.948120;789.227844;248.893951;;;;;;;;;;;;;;;;;;;;;;;;;;;;;;;;;;;;;;;;;;;;;;;;;;;;;;;412.911621;717.577332;86.464134
356;;;;538.944885;726.916443;109.483269;883.114807;775.921631;417.418915;470.663818;648.312378;79.897263;;;;;;;;;;762.176025;789.055237;249.476028;;;;;;;;;;;;;;;;;;;;;;;;;;;;;;;;;;;;;;;;;;;;;;;;;;;;;;;412.846100;717.612671;86.401070
357;;;;538.878967;726.829895;109.338615;882.964355;775.842224;417.383087;470.817627;648.545959;79.760155;;;;;;;;;;762.323608;788.824951;249.122742;;;;;;;;;;;;;;;;;;;;;;;;;;;;;;;;;;;;;;;;;;;;;;;;;;;;;;;412.897736;717.602600;86.265099
358;;;;539.203491;726.806946;109.178543;882.932251;775.753601;417.373260;470.784698;648.595825;79.572105;;;;;;;;;;762.492126;788.567627;248.802948;;;;;;;;;;;;;;;;;;;;;;;;;;;;;;;;;;;;;;;;;;;;;;;;;;;;;;;412.963898;717.598145;86.120422
359;;;;538.980347;726.750549;109.198784;882.794434;775.663452;417.278778;470.787231;648.642761;79.450165;;;;;;;;;;762.637207;788.395813;248.400452;;;;;;;;;;;;;;;;;;;;;;;;;;;;;;;;;;;;;;;;;;;;;;;;;;;;;;;412.894501;717.723450;86.544868
360;;;;538.824707;726.621399;109.147049;882.675842;775.662781;417.209045;470.749939;648.665161;79.398140;;;;;;;;;;762.678589;788.143127;248.270935;;;;;;;;;;;;;;;;;;;;;;;;;;;;;;;;;;;;;;;;;;;;;;;;;;;;;;;412.885132;717.732727;86.288437
361;;;;538.870300;726.616150;109.119514;882.663879;775.577393;417.192322;470.679474;648.693298;79.324303;;;;;;;;;;762.545105;787.917053;248.204117;;;;;;;;;;;;;;;;;;;;;;;;;;;;;;;;;;;;;;;;;;;;;;;;;;;;;;;412.947083;717.855713;86.435867
362;;;;538.886414;726.535706;109.055069;882.569092;775.559631;417.151978;470.620667;648.679626;79.344803;;;;;;;;;;762.498230;787.794922;248.240051;;;;;;;;;;;;;;;;;;;;;;;;;;;;;;;;;;;;;;;;;;;;;;;;;;;;;;;412.952240;717.845581;86.045090
363;;;;538.917725;726.531372;108.966110;882.542847;775.499023;417.116821;470.736053;648.799622;78.964691;;;;;;;;;;762.512817;787.697083;248.193008;;;;;;;;;;;;;;;;;;;;;;;;;;;;;;;;;;;;;;;;;;;;;;;;;;;;;;;413.012939;717.846802;85.764519
364;;;;538.809692;726.606201;109.015915;882.469116;775.455994;417.087402;470.935211;649.019348;78.519890;;;;;;;;;;762.501770;787.548706;248.335480;;;;;;;;;;;;;;;;;;;;;;;;;;;;;;;;;;;;;;;;;;;;;;;;;;;;;;;412.992798;717.866394;85.788101
365;;;;538.799500;726.583435;108.966965;882.380249;775.407104;417.040314;471.052917;649.070251;78.346611;;;;;;;;;;761.882996;787.573853;248.935059;;;;;;;;;;;;;;;;;;;;;;;;;;;;;;;;;;;;;;;;;;;;;;;;;;;;;;;413.018921;717.949646;85.753220
366;;;;538.852661;726.576233;108.896667;882.312378;775.371460;416.980835;471.088043;649.082764;78.294685;;;;;;;;;;762.080139;787.199097;248.501389;;;;;;;;;;;;;;;;;;;;;;;;;;;;;;;;;;;;;;;;;;;;;;;;;;;;;;;413.047150;717.952454;85.692543
367;;;;538.859436;726.487305;108.801056;882.328064;775.309265;416.962921;471.072510;649.117310;78.230133;;;;;;;;;;762.412842;786.918701;248.137482;;;;;;;;;;;;;;;;;;;;;;;;;;;;;;;;;;;;;;;;;;;;;;;;;;;;;;;413.058655;717.945435;85.672081
368;;;;538.846985;726.473633;108.714455;882.389404;775.264343;416.962250;471.050415;649.062683;78.223289;;;;;;;;;;762.454346;786.788696;247.987488;;;;;;;;;;;;;;;;;;;;;;;;;;;;;;;;;;;;;;;;;;;;;;;;;;;;;;;413.013763;717.961975;85.584694
369;;;;538.888306;726.463196;108.640625;882.261658;775.152039;416.895050;470.972870;649.128784;78.426643;;;;;;;;;;762.356201;786.689697;247.982269;;;;;;;;;;;;;;;;;;;;;;;;;;;;;;;;;;;;;;;;;;;;;;;;;;;;;;;413.026672;718.043091;85.536102
370;;;;538.876099;726.465393;108.563225;882.238159;775.116882;416.862305;471.044647;649.057556;78.282181;;;;;;;;;;762.303528;786.591614;247.900146;;;;;;;;;;;;;;;;;;;;;;;;;;;;;;;;;;;;;;;;;;;;;;;;;;;;;;;413.024567;717.976013;85.490562
371;;;;538.943787;726.498169;108.522408;882.192383;775.102417;416.782318;471.015900;649.031372;78.187851;;;;;;;;;;762.320313;786.482788;247.854553;;;;;;;;;;;;;;;;;;;;;;;;;;;;;;;;;;;;;;;;;;;;;;;;;;;;;;;413.056702;718.046875;85.404297
372;;;;538.914490;726.486755;108.424530;882.197632;775.017639;416.726318;471.073364;649.055176;78.192749;;;;;;;;;;762.307251;786.396240;247.810104;;;;;;;;;;;;;;;;;;;;;;;;;;;;;;;;;;;;;;;;;;;;;;;;;;;;;;;413.076660;718.064026;85.372360
373;;;;538.952881;726.498474;108.297096;882.204346;774.955688;416.652374;471.096436;649.065369;78.194450;;;;;;;;;;762.261353;786.201294;247.713257;;;;;;;;;;;;;;;;;;;;;;;;;;;;;;;;;;;;;;;;;;;;;;;;;;;;;;;413.114990;718.069519;85.342522
374;;;;539.095642;726.507263;108.138000;882.443542;774.926819;416.264038;471.087158;649.084412;78.206100;;;;;;;;;;762.274292;786.106079;247.635544;;;;;;;;;;;;;;;;;;;;;;;;;;;;;;;;;;;;;;;;;;;;;;;;;;;;;;;413.278900;717.951965;84.812027
375;;;;539.030212;726.499695;108.075798;882.258240;774.866272;416.434448;471.042114;649.074829;78.266602;;;;;;;;;;762.231934;786.005554;247.588959;;;;;;;;;;;;;;;;;;;;;;;;;;;;;;;;;;;;;;;;;;;;;;;;;;;;;;;413.390656;717.936279;84.456192
376;;;;539.014587;726.524780;108.064796;882.157776;774.840149;416.526215;470.982300;648.954224;78.383774;;;;;;;;;;762.267456;785.917297;247.529221;;;;;;;;;;;;;;;;;;;;;;;;;;;;;;;;;;;;;;;;;;;;;;;;;;;;;;;413.197998;718.060059;84.988945
377;;;;539.043884;726.622803;108.019798;882.096802;774.817383;416.473511;470.999451;648.900146;78.473808;;;;;;;;;;762.197815;785.808594;247.456802;;;;;;;;;;;;;;;;;;;;;;;;;;;;;;;;;;;;;;;;;;;;;;;;;;;;;;;413.186340;717.984192;84.810776
378;;;;539.043152;726.654236;107.898636;882.365906;774.801697;416.182281;471.046936;649.017700;78.280907;;;;;;;;;;762.185852;785.675842;247.428680;;;;;;;;;;;;;;;;;;;;;;;;;;;;;;;;;;;;;;;;;;;;;;;;;;;;;;;413.267426;717.941833;84.612732
379;;;;539.096802;726.557007;107.761406;882.138245;774.704651;416.293518;471.115082;649.063232;78.267593;;;;;;;;;;762.134460;785.667908;247.375107;;;;;;;;;;;;;;;;;;;;;;;;;;;;;;;;;;;;;;;;;;;;;;;;;;;;;;;413.161163;718.050964;85.031662
380;;;;539.149475;726.635803;107.686127;882.265564;774.688293;416.123566;471.088135;649.063904;78.205627;;;;;;;;;;762.091553;785.572083;247.367218;;;;;;;;;;;;;;;;;;;;;;;;;;;;;;;;;;;;;;;;;;;;;;;;;;;;;;;413.157227;717.996643;84.689774
381;;;;539.339661;726.628662;107.323425;882.213318;774.708069;416.184265;471.079865;649.061279;78.194908;;;;;;;;;;762.094055;785.457642;247.352951;;;;;;;;;;;;;;;;;;;;;;;;;;;;;;;;;;;;;;;;;;;;;;;;;;;;;;;413.007874;718.087769;85.026054
382;;;;539.174438;726.662476;107.484436;882.358398;774.684814;416.025513;471.022552;649.074768;78.177032;;;;;;;;;;762.085449;785.423279;247.246063;;;;;;;;;;;;;;;;;;;;;;;;;;;;;;;;;;;;;;;;;;;;;;;;;;;;;;;413.082520;717.997620;84.678246
383;;;;539.028503;726.671448;107.600456;882.138367;774.620117;416.130463;470.999359;649.084290;78.265289;;;;;;;;;;762.078918;785.301086;247.184601;;;;;;;;;;;;;;;;;;;;;;;;;;;;;;;;;;;;;;;;;;;;;;;;;;;;;;;413.258759;717.958923;84.365730
384;;;;539.224243;726.716919;107.534431;882.076050;774.578308;416.175323;470.946075;649.058289;78.332077;;;;;;;;;;762.128052;785.200439;247.119659;;;;;;;;;;;;;;;;;;;;;;;;;;;;;;;;;;;;;;;;;;;;;;;;;;;;;;;413.296875;717.964417;84.292671
385;;;;539.088989;726.680603;107.522720;882.083618;774.542908;416.191315;470.986176;649.083069;78.335556;;;;;;;;;;762.142761;785.139221;247.134750;;;;;;;;;;;;;;;;;;;;;;;;;;;;;;;;;;;;;;;;;;;;;;;;;;;;;;;413.093903;718.079529;84.844604
386;;;;539.033447;726.670410;107.490807;882.291443;774.444031;415.907410;470.999481;649.054871;78.261742;;;;;;;;;;762.104614;785.045105;247.172501;;;;;;;;;;;;;;;;;;;;;;;;;;;;;;;;;;;;;;;;;;;;;;;;;;;;;;;412.920837;718.100342;85.144051
387;;;;539.071350;726.681763;107.509903;882.075928;774.427368;416.110443;470.986633;649.081970;78.315125;;;;;;;;;;762.140320;784.973694;247.183029;;;;;;;;;;;;;;;;;;;;;;;;;;;;;;;;;;;;;;;;;;;;;;;;;;;;;;;413.035645;717.986755;84.766693
388;;;;539.218689;726.718506;107.415703;881.990295;774.366150;416.261292;470.979523;649.068909;78.313171;;;;;;;;;;762.143066;785.028870;247.197220;;;;;;;;;;;;;;;;;;;;;;;;;;;;;;;;;;;;;;;;;;;;;;;;;;;;;;;413.172455;717.975464;84.444450
389;;;;539.103088;726.700378;107.444260;881.805664;774.339966;416.230530;471.051453;649.081360;78.232826;;;;;;;;;;762.103210;784.915161;247.109665;;;;;;;;;;;;;;;;;;;;;;;;;;;;;;;;;;;;;;;;;;;;;;;;;;;;;;;413.204956;717.976990;84.281952
390;;;;539.077271;726.697937;107.445755;881.763123;774.310181;416.292877;471.010406;649.131958;78.286499;;;;;;;;;;762.106323;784.866516;247.076706;;;;;;;;;;;;;;;;;;;;;;;;;;;;;;;;;;;;;;;;;;;;;;;;;;;;;;;413.194305;717.978577;84.289856
391;;;;539.085144;726.704346;107.386353;881.778320;774.255859;416.291168;471.059784;649.065735;78.230240;;;;;;;;;;761.993835;784.862976;247.117355;;;;;;;;;;;;;;;;;;;;;;;;;;;;;;;;;;;;;;;;;;;;;;;;;;;;;;;413.165131;717.980835;84.341568
392;;;;539.119263;726.689697;107.325966;881.710144;774.182129;416.316559;471.066650;649.058777;78.246399;;;;;;;;;;761.949341;784.851135;247.150146;;;;;;;;;;;;;;;;;;;;;;;;;;;;;;;;;;;;;;;;;;;;;;;;;;;;;;;413.146637;717.982361;84.371506
393;;;;539.057617;726.727966;107.281776;881.621460;774.180664;416.329803;471.065948;649.101929;78.246468;;;;;;;;;;761.951660;784.849243;247.152527;;;;;;;;;;;;;;;;;;;;;;;;;;;;;;;;;;;;;;;;;;;;;;;;;;;;;;;413.144470;717.982544;84.374512
394;;;;539.103943;726.799988;107.376045;881.507141;774.151672;416.397736;471.101990;649.117249;78.182114;;;;;;;;;;761.872009;784.734192;247.266708;;;;;;;;;;;;;;;;;;;;;;;;;;;;;;;;;;;;;;;;;;;;;;;;;;;;;;;413.149445;717.982117;84.366745
395;;;;539.042542;726.812622;107.354622;881.454651;774.070984;416.409973;471.090515;649.075317;78.179680;;;;;;;;;;761.810669;784.712769;247.322449;;;;;;;;;;;;;;;;;;;;;;;;;;;;;;;;;;;;;;;;;;;;;;;;;;;;;;;413.153473;717.981750;84.360596
396;;;;539.047729;726.830200;107.317772;881.400818;774.061707;416.420502;471.122742;649.063538;78.128067;;;;;;;;;;761.821045;784.764221;247.203156;;;;;;;;;;;;;;;;;;;;;;;;;;;;;;;;;;;;;;;;;;;;;;;;;;;;;;;413.154480;717.981689;84.359077
397;;;;539.057434;726.813477;107.260933;881.451660;774.102661;416.327850;471.113739;649.109253;78.156242;;;;;;;;;;761.828125;784.701721;247.143372;;;;;;;;;;;;;;;;;;;;;;;;;;;;;;;;;;;;;;;;;;;;;;;;;;;;;;;413.156219;717.891296;84.343925
398;;;;539.078430;726.830078;107.182976;881.392639;774.107788;416.360992;471.125732;649.125610;78.090851;;;;;;;;;;761.776794;784.729919;247.204605;;;;;;;;;;;;;;;;;;;;;;;;;;;;;;;;;;;;;;;;;;;;;;;;;;;;;;;413.161041;717.875305;84.334488
399;;;;539.059021;726.812927;107.165512;881.328674;774.046509;416.379272;471.103210;649.069763;78.119408;;;;;;;;;;761.745605;784.744873;247.244507;;;;;;;;;;;;;;;;;;;;;;;;;;;;;;;;;;;;;;;;;;;;;;;;;;;;;;;413.162354;717.880310;84.333199
400;;;;539.087952;726.843750;107.135292;881.293579;774.097168;416.400726;471.097839;649.075562;78.155899;;;;;;;;;;761.565308;784.512146;247.413345;;;;;;;;;;;;;;;;;;;;;;;;;;;;;;;;;;;;;;;;;;;;;;;;;;;;;;;413.161041;717.882629;84.335464
401;;;;539.021240;726.843750;107.175186;881.120422;773.989136;416.451477;471.183105;649.115479;78.130539;;;;;;;;;;761.545532;784.423462;247.371384;;;;;;;;;;;;;;;;;;;;;;;;;;;;;;;;;;;;;;;;;;;;;;;;;;;;;;;413.159760;717.882690;84.337410
402;;;;538.992493;726.855652;107.154198;881.015381;773.966370;416.442291;471.154724;649.134277;78.118362;;;;;;;;;;761.523071;784.410217;247.350845;;;;;;;;;;;;;;;;;;;;;;;;;;;;;;;;;;;;;;;;;;;;;;;;;;;;;;;413.159393;717.882507;84.337944
403;;;;539.025269;726.867004;107.131645;881.013000;773.970520;416.437073;471.130341;649.098877;78.081627;;;;;;;;;;761.412720;784.477356;247.418625;;;;;;;;;;;;;;;;;;;;;;;;;;;;;;;;;;;;;;;;;;;;;;;;;;;;;;;413.159576;717.882446;84.337654
404;;;;539.013367;726.940063;107.138008;880.924622;773.967957;416.437561;471.151978;649.085266;78.086929;;;;;;;;;;761.390442;784.507996;247.493973;;;;;;;;;;;;;;;;;;;;;;;;;;;;;;;;;;;;;;;;;;;;;;;;;;;;;;;413.159821;717.882446;84.337288
405;;;;539.034119;726.870850;107.102989;880.945740;773.974243;416.456390;471.142426;649.129272;78.067245;;;;;;;;;;761.343140;784.499817;247.535690;;;;;;;;;;;;;;;;;;;;;;;;;;;;;;;;;;;;;;;;;;;;;;;;;;;;;;;413.159912;717.882446;84.337135
406;;;;539.002441;726.943726;106.972542;880.961487;774.022156;416.591522;471.139526;649.129211;78.086014;;;;;;;;;;761.328857;784.486511;247.542999;;;;;;;;;;;;;;;;;;;;;;;;;;;;;;;;;;;;;;;;;;;;;;;;;;;;;;;413.095215;717.889709;84.293701
407;;;;539.048218;726.970642;106.938950;880.916504;774.022522;416.558228;471.117218;649.124512;78.103531;;;;;;;;;;761.357361;784.439758;247.357239;;;;;;;;;;;;;;;;;;;;;;;;;;;;;;;;;;;;;;;;;;;;;;;;;;;;;;;413.085693;717.890869;84.287041
408;;;;539.025757;726.966248;106.873543;880.843933;774.021790;416.533661;471.235321;649.122498;77.973167;;;;;;;;;;761.362366;784.414795;247.298035;;;;;;;;;;;;;;;;;;;;;;;;;;;;;;;;;;;;;;;;;;;;;;;;;;;;;;;413.046906;717.901184;84.326645
409;;;;538.982910;726.972595;106.901527;880.868347;773.941833;416.576080;471.228912;649.134399;78.014160;;;;;;;;;;761.268738;784.467346;247.441818;;;;;;;;;;;;;;;;;;;;;;;;;;;;;;;;;;;;;;;;;;;;;;;;;;;;;;;413.068512;717.893433;84.319359
410;;;;538.940491;726.982178;106.903061;880.870178;773.939087;416.659882;471.224335;649.142639;78.016510;;;;;;;;;;761.252930;784.431274;247.465714;;;;;;;;;;;;;;;;;;;;;;;;;;;;;;;;;;;;;;;;;;;;;;;;;;;;;;;413.089874;717.799866;84.279518
411;;;;539.089661;726.960876;106.803864;880.797302;773.939392;416.715912;471.195221;649.117493;78.052704;;;;;;;;;;761.275696;784.319519;247.458755;;;;;;;;;;;;;;;;;;;;;;;;;;;;;;;;;;;;;;;;;;;;;;;;;;;;;;;413.058258;717.795044;84.297752
412;;;;539.025757;726.978577;106.845970;880.717407;773.945068;416.714111;471.249512;649.174194;77.942993;;;;;;;;;;761.294922;784.291565;247.484604;;;;;;;;;;;;;;;;;;;;;;;;;;;;;;;;;;;;;;;;;;;;;;;;;;;;;;;413.036072;717.892944;84.340149
413;;;;538.941162;726.988708;106.975929;880.613831;773.982117;416.720947;471.295258;649.166138;77.870552;;;;;;;;;;761.165894;784.280396;247.569672;;;;;;;;;;;;;;;;;;;;;;;;;;;;;;;;;;;;;;;;;;;;;;;;;;;;;;;413.067017;717.900452;84.323624
414;;;;538.961975;726.997559;107.003891;880.648071;773.965820;416.777863;471.333923;649.158203;77.866188;;;;;;;;;;761.093445;784.288269;247.632706;;;;;;;;;;;;;;;;;;;;;;;;;;;;;;;;;;;;;;;;;;;;;;;;;;;;;;;413.047852;717.812988;84.317322
415;;;;539.033020;726.976868;106.798996;880.507874;773.963379;416.806641;471.217224;649.145813;78.016960;;;;;;;;;;761.067383;784.283813;247.694290;;;;;;;;;;;;;;;;;;;;;;;;;;;;;;;;;;;;;;;;;;;;;;;;;;;;;;;413.061127;717.881226;84.317055
416;;;;538.963745;727.016479;106.788147;880.459961;773.957336;416.907623;471.158783;649.106689;78.071198;;;;;;;;;;760.923035;784.242493;247.925537;;;;;;;;;;;;;;;;;;;;;;;;;;;;;;;;;;;;;;;;;;;;;;;;;;;;;;;413.086548;717.805542;84.283218
417;;;;538.931091;727.024719;106.826019;880.425171;773.963989;416.951111;471.205566;649.128296;78.038177;;;;;;;;;;760.820801;784.236938;248.046631;;;;;;;;;;;;;;;;;;;;;;;;;;;;;;;;;;;;;;;;;;;;;;;;;;;;;;;413.101501;717.785583;84.259399
418;;;;538.949280;726.986450;106.748734;880.396484;773.953430;416.987000;471.230408;649.145569;78.006218;;;;;;;;;;760.770508;784.145935;248.063354;;;;;;;;;;;;;;;;;;;;;;;;;;;;;;;;;;;;;;;;;;;;;;;;;;;;;;;413.103607;717.788513;84.255714
419;;;;538.936523;726.993530;106.680626;880.380127;773.941956;417.025146;471.322418;649.111084;77.881790;;;;;;;;;;760.708008;784.070007;247.974731;;;;;;;;;;;;;;;;;;;;;;;;;;;;;;;;;;;;;;;;;;;;;;;;;;;;;;;413.099884;717.791016;84.261436
420;;;;538.985107;726.979370;106.620186;880.190491;773.943237;417.025574;471.337799;649.175781;77.858994;;;;;;;;;;760.714417;784.052124;247.999939;;;;;;;;;;;;;;;;;;;;;;;;;;;;;;;;;;;;;;;;;;;;;;;;;;;;;;;413.096619;717.791382;84.266434
421;;;;538.978760;726.981262;106.496254;880.157654;773.917480;417.157135;471.305969;649.116394;77.920578;;;;;;;;;;760.608154;784.096924;248.149094;;;;;;;;;;;;;;;;;;;;;;;;;;;;;;;;;;;;;;;;;;;;;;;;;;;;;;;413.095703;717.791321;84.267838
422;;;;538.943176;726.979980;106.441811;880.132629;773.863525;417.169891;471.311340;649.100586;77.915817;;;;;;;;;;760.446350;784.046326;248.273880;;;;;;;;;;;;;;;;;;;;;;;;;;;;;;;;;;;;;;;;;;;;;;;;;;;;;;;413.052124;717.802673;84.307495
423;;;;538.935181;726.982483;106.465759;880.039185;773.853027;417.284851;471.307892;649.091553;77.911255;;;;;;;;;;760.335999;784.022156;248.355011;;;;;;;;;;;;;;;;;;;;;;;;;;;;;;;;;;;;;;;;;;;;;;;;;;;;;;;413.073730;717.794495;84.297356
424;;;;538.914063;727.080200;106.327324;879.937683;773.847290;417.376953;471.264343;649.051453;77.953163;;;;;;;;;;760.237915;783.865967;248.393600;;;;;;;;;;;;;;;;;;;;;;;;;;;;;;;;;;;;;;;;;;;;;;;;;;;;;;;413.031769;717.707947;84.212067
