Weight64;;;;;;;;;;;;;;;;;;;;;;;;;;;;;;;;;;;;;;;
Date:;2025/04/24;;;;;;;;;;;;;;;;;;;;;;;;;;;;;;;;;;;;;;
Time:;13:54:03;;;;;;;;;;;;;;;;;;;;;;;;;;;;;;;;;;;;;;
Type:;test;;;;;;;;;;;;;;;;;;;;;;;;;;;;;;;;;;;;;;
Description:;"";;;;;;;;;;;;;;;;;;;;;;;;;;;;;;;;;;;;;;
Notes:;"";;;;;;;;;;;;;;;;;;;;;;;;;;;;;;;;;;;;;;
TRAJECTORIES;;;;;;;;;;;;;;;;;;;;;;;;;;;;;;;;;;;;;;;
200.000000;Hz;;;;;;;;;;;;;;;;;;;;;;;;;;;;;;;;;;;;;;
;*1;;;*2;;;*3;;;*4;;;*5;;;*6;;;*7;;;*8;;;*9;;;*10;;;*11;;;*12;;;*13;;
Field #;X;Y;Z;X;Y;Z;X;Y;Z;X;Y;Z;X;Y;Z;X;Y;Z;X;Y;Z;X;Y;Z;X;Y;Z;X;Y;Z;X;Y;Z;X;Y;Z;X;Y;Z
1;681.293030;1055.848755;300.725555;804.648987;679.788025;86.472908;795.704651;781.852600;103.709740;704.735474;977.273132;138.921463;783.543335;681.844177;70.649063;;;;;;;;;;;;;;;;;;;;;;;;
2;680.808655;1056.496460;300.443726;803.737732;680.682373;87.885574;795.302673;782.642700;105.583160;704.503296;977.854919;138.628036;783.535400;682.205322;72.865433;;;;;;;;;;;;;;;;;;;;;;;;
3;680.312683;1057.048096;299.860748;803.596802;680.545654;90.557205;794.804626;783.067444;107.601563;704.344299;978.380188;138.370789;783.380188;682.533081;75.268555;;;;;;;;;;;;;;;;;;;;;;;;
4;680.056763;1057.769531;299.407562;803.784851;680.850525;93.575256;795.090332;783.386414;109.122231;704.020813;979.158569;138.176086;783.664001;682.906982;77.854721;;;;;;;;;;;;;;;;;;;;;;;;
5;679.826782;1058.639160;298.972992;803.054810;681.283081;95.914268;794.581299;783.961853;111.067619;703.517639;980.132813;137.840118;783.928101;682.420654;81.323547;;;;;;;;;;;;;;;;;;;;;;;;
6;679.423462;1059.464233;298.425385;803.342224;681.867737;99.154762;794.240234;784.545776;112.896339;703.003540;980.960144;137.843445;781.653259;674.329590;88.355103;;;;;;;;;;;;;;;;;;;;;;;;
7;678.965576;1060.290161;298.421997;803.296631;682.158447;102.253090;794.278442;785.293884;115.479454;702.267090;981.595764;137.853561;780.435303;671.937988;93.198532;;;;;;;;;;;;;;;;;;;;;;;;
8;678.082581;1061.107666;298.482910;803.317810;683.285217;105.048409;793.939331;786.146729;117.440193;701.522705;982.419983;137.824722;780.719666;672.927368;95.999634;;;;;;;;;;;;;;;;;;;;;;;;
9;677.319458;1062.121338;298.032166;803.619690;683.900269;108.675171;793.281677;787.075439;119.090546;700.937195;983.362427;137.272537;781.060730;674.466492;99.342026;;;;;;;;;;;;;;;;;;;;;;;;
10;677.077942;1063.161133;297.354401;803.749268;684.986328;111.985268;793.403687;788.055237;121.948318;700.173157;984.461487;137.983597;781.145691;675.116333;102.147408;;;;;;;;;;;;;;;;;;;;;;;;
11;676.936035;1064.179321;296.302094;803.975830;685.693115;115.268860;792.759155;788.929321;124.382782;699.298279;985.340027;138.624634;781.042725;676.016296;105.870712;;;;;;;;;;;;;;;;;;;;;;;;
12;676.381409;1065.157349;295.979340;803.577759;686.490540;118.865265;792.333496;790.231018;126.239502;698.239990;986.475830;138.344162;780.416687;677.053101;109.854263;;;;;;;;;;;;;;;;;;;;;;;;
13;675.669067;1066.346558;295.545105;804.130005;687.968445;122.411522;791.890320;791.371033;128.997787;697.335876;987.660400;138.055771;780.009338;678.459045;113.796829;;;;;;;;;;;;;;;;;;;;;;;;
14;674.674561;1067.335083;295.917145;803.830383;689.095398;126.092537;;;;696.612915;988.727661;138.471207;779.488892;679.544006;118.176086;;;;;;;;;;;;;;;;;;;;;;;;
15;674.070984;1068.642334;295.511200;803.086914;690.159607;129.423523;;;;695.545288;989.850098;139.175308;780.117737;680.418762;120.822449;790.864502;793.428040;135.636414;;;;;;;;;;;;;;;;;;;;;
16;673.746399;1069.882568;294.906982;802.882874;691.821045;132.937225;;;;694.313416;991.114990;139.237732;780.371155;681.204773;123.852890;;;;;;;;;;;;;;;;;;;;;;;;
17;673.069153;1071.074341;294.790375;802.482117;693.390503;136.486221;;;;693.330627;992.322266;139.084305;780.052551;682.658386;127.878395;;;;;;;;;;;;;;;;;;;;;;;;
18;672.152588;1072.185547;294.783142;801.958984;694.099060;140.600845;;;;692.249512;993.641174;139.076004;778.877686;684.266357;131.880524;;;;788.831360;798.327393;141.609238;;;;;;;;;;;;;;;;;;
19;671.424988;1073.376709;294.768280;801.182495;696.485718;144.038956;;;;691.151978;995.126892;139.030670;778.309570;685.580566;135.748718;;;;;;;;;;;;;;;;;;;;;;;;
20;670.682251;1074.663330;294.499847;801.024536;697.692017;147.668518;;;;690.163513;996.387329;139.112289;778.261902;687.068054;139.509933;;;;;;;;;;;;;;;;;;;;;;;;
21;670.052734;1075.615234;295.586304;800.115723;699.614807;150.892410;;;;688.874939;997.924316;139.341034;777.085022;688.744934;143.357132;;;;;;;;;;;;;;;;;;;;;;;;
22;669.126587;1077.440063;293.703949;799.129639;701.320618;154.760498;;;;687.230774;999.392456;140.063721;776.414124;690.316528;146.755371;;;;;;;785.130127;805.113342;152.113495;;;;;;;;;;;;;;;
23;668.201660;1078.639648;293.824738;798.588684;703.035095;159.051498;;;;686.021240;1000.681274;140.464920;775.662354;692.083496;149.845779;;;;;;;783.831055;806.712585;155.330093;;;;;;;;;;;;;;;
24;667.329773;1079.979980;294.397522;797.505188;705.100403;162.140335;;;;684.570190;1002.525513;140.452209;773.645813;694.447815;154.273285;;;;;;;782.791199;808.493469;158.223083;;;;;;;;;;;;;;;
25;666.533752;1081.403564;294.522949;796.548462;706.822510;165.563080;;;;683.174438;1004.158691;140.137817;773.692078;695.858521;157.005463;;;;;;;781.395569;810.410339;161.521362;;;;;;;;;;;;;;;
26;665.715027;1082.713379;293.966583;795.880127;709.242004;169.305786;;;;681.779358;1006.092163;140.548431;772.773987;697.746277;160.160782;;;;;;;780.221497;812.580322;164.055923;;;;;;;;;;;;;;;
27;664.872437;1084.269775;293.939911;794.158325;711.223633;172.448364;;;;680.319702;1007.658752;140.936218;771.878540;700.015930;163.801910;;;;;;;778.823303;814.957458;166.435852;;;;;;;;;;;;;;;
28;664.009705;1085.707886;294.378540;792.821228;713.540649;175.849792;;;;678.609009;1009.501282;141.552155;770.345459;702.084778;167.105591;;;;;;;777.255676;816.881714;168.779861;;;;;;;;;;;;;;;
29;662.987549;1087.105103;294.482666;791.326355;716.087952;179.573624;;;;677.060730;1011.290405;141.616547;769.375854;704.223328;169.937027;;;;;;;775.499939;819.038391;172.509094;;;;;;;;;;;;;;;
30;662.148438;1088.653076;294.283752;790.074097;718.333557;182.783417;;;;675.674316;1013.430115;141.721405;767.635193;707.036255;173.894241;;;;;;;774.255127;821.472473;175.632004;;;;;;;;;;;;;;;
31;661.406799;1090.228882;294.199890;788.595154;721.120728;185.621170;;;;673.939880;1015.451599;141.792267;766.589905;708.968689;177.197464;;;;;;;772.342407;824.006226;177.770218;;;;;;;;;;;;;;;
32;660.618774;1091.738647;294.049377;787.591980;723.298218;189.014923;;;;672.085938;1017.538879;142.386398;765.436707;711.723694;180.240860;;;;;;;770.716064;826.312744;180.105835;;;;;;;;;;;;;;;
33;659.699219;1093.122803;293.884308;786.416077;726.125305;193.161652;;;;670.530579;1019.822632;142.381897;764.434753;714.342102;183.128113;;;;;;;769.195557;828.995972;183.000092;;;;;;;;;;;;;;;
34;658.842346;1094.765625;294.389435;784.475281;728.987854;196.072906;;;;668.847168;1022.078857;142.611450;762.147644;716.924316;186.219833;;;;;;;767.421631;831.827209;185.679184;;;;;;;;;;;;;;;
35;658.092651;1096.363281;294.817963;782.780457;731.550964;199.160797;;;;667.300476;1024.241821;143.239975;760.427002;719.577942;190.309692;;;;;;;765.576477;834.466919;188.219421;;;;;;;;;;;;;;;
36;657.149658;1098.207397;294.480804;781.446960;734.058960;202.793488;;;;665.378601;1026.697754;143.471420;757.720032;722.527710;194.449112;;;;;;;763.832947;837.114685;190.397675;;;;;;;;;;;;;;;
37;656.340515;1099.974365;294.386749;780.076843;737.109619;205.965286;;;;663.677734;1029.113281;143.155304;756.215515;725.610962;197.059753;;;;;;;761.617798;840.004700;192.774124;;;;;;;;;;;;;;;
38;655.600647;1101.734985;294.988373;778.543884;740.474670;208.622467;;;;662.070740;1031.568115;143.437500;754.846252;728.725342;199.488358;;;;;;;759.115784;842.950439;195.240845;;;;;;;;;;;;;;;
39;654.458923;1103.389526;295.327057;776.748352;743.352417;211.215408;;;;659.923462;1034.364380;144.158951;752.885437;731.667969;202.703033;;;;;;;757.574585;846.143311;197.315353;;;;;;;;;;;;;;;
40;653.527954;1105.058716;294.943420;774.571350;746.530884;214.043518;;;;658.112366;1036.858154;144.561584;751.027527;734.710449;205.922775;;;;;;;755.921875;849.390747;199.488998;;;;;;;;;;;;;;;
41;652.978821;1106.974854;294.522247;772.746948;749.779724;217.302109;;;;656.346680;1039.485107;144.607864;748.933533;737.773865;209.141342;;;;;;;753.499817;852.446106;201.687592;;;;;;;;;;;;;;;
42;652.455444;1108.922241;294.748352;770.984985;753.092712;220.755142;;;;654.547485;1042.141968;144.844254;746.379761;740.872192;212.226944;;;;;;;750.827271;855.305725;204.143204;;;;;;;;;;;;;;;
43;651.518738;1110.698486;294.895813;768.654663;756.192383;223.366547;;;;652.650269;1045.139648;145.208618;744.426453;744.226257;214.612381;;;;;;;748.359924;858.583374;206.278275;;;;;;;;;;;;;;;
44;650.840332;1112.479004;295.144653;766.650269;759.282166;225.441833;;;;650.437439;1048.094360;145.788712;742.997437;747.358032;216.408279;;;;;;;746.303711;861.883240;208.359238;;;;;;;;;;;;;;;
45;650.069702;1114.593750;295.448944;764.483521;762.754700;227.355927;;;;648.330078;1050.844727;146.266235;740.966187;750.712891;218.728378;;;;;;;744.094177;865.178589;210.536804;;;;;;;;;;;;;;;
46;648.846069;1116.510254;295.410614;762.058350;766.243042;229.092087;;;;646.750427;1053.871826;146.421570;738.212036;753.911011;220.753571;;;;;;;741.463074;868.137512;212.349350;;;;;;;;;;;;;;;
47;647.981323;1118.382568;295.625824;759.486450;769.670044;231.357376;;;;644.812012;1056.932739;146.814056;736.079102;757.330200;223.137482;;;;;;;738.301575;871.190552;214.441864;;;;;;;;;;;;;;;
48;647.399780;1120.298950;295.857330;757.536499;773.104614;233.728958;;;;642.672852;1060.112061;147.428131;734.665222;760.408875;224.481140;;;;;;;736.022583;874.798157;216.252579;;;;;;;;;;;;;;;
49;646.756897;1122.522949;295.972260;756.075623;775.892944;234.954758;;;;640.806580;1063.329956;148.091568;732.642700;763.458191;225.726822;;;;;;;733.778503;877.971191;217.974686;;;;;;;;;;;;;;;
50;645.917358;1124.664063;295.913483;753.559387;778.738831;236.518982;;;;639.088135;1066.526733;148.243774;730.516052;766.545349;226.813461;;;;;;;731.005981;881.128113;219.387115;;;;;;;;;;;;;;;
51;645.308350;1126.891479;296.125397;750.983337;782.586426;237.896866;;;;636.855835;1069.910278;148.996780;727.966675;769.697388;228.310654;;;;;;;727.800598;884.080505;221.205353;;;;;;;;;;;;;;;
52;644.488464;1128.980835;296.622253;749.066895;785.962463;238.743164;;;;635.270935;1073.340454;149.233612;725.755188;772.963257;230.212860;;;;;;;725.201050;887.765015;222.709579;;;;;;;;;;;;;;;
53;643.892578;1131.080933;296.584808;746.837646;789.058655;240.486145;;;;633.266296;1076.825928;149.321091;723.791809;775.796570;230.287399;;;;;;;722.556763;890.993225;223.935699;;;;;;;;;;;;;;;
54;643.274780;1133.254395;297.044189;744.624451;792.199097;240.544312;;;;631.449402;1080.356934;149.784943;721.784180;779.217346;231.063934;;;;;;;719.736267;893.918762;225.526596;;;;;;;;;;;;;;;
55;642.575928;1135.639282;297.290405;741.874268;795.578247;241.162262;;;;629.722168;1083.939209;150.031631;719.353271;782.383423;231.742310;;;;;;;716.274292;896.923340;226.748169;;;;;;;;;;;;;;;
56;641.995667;1137.914063;296.941833;739.736084;799.141968;241.543488;;;;627.502197;1087.414429;150.409134;717.003662;785.389038;232.069275;;;;;;;713.895142;900.363892;227.490845;;;;;;;;;;;;;;;
57;641.715271;1140.043335;297.392944;737.194214;801.888977;242.978378;;;;626.249939;1091.060303;151.075104;714.417297;788.375061;232.735184;;;;;;;710.730591;903.303955;228.449921;;;;;;;;;;;;;;;
58;640.697144;1142.235840;298.098907;734.784424;804.755432;242.750763;;;;624.436646;1094.724487;151.125641;712.129517;791.277161;232.457306;;;;;;;707.595886;906.021606;229.544968;;;;;;;;;;;;;;;
59;639.918457;1144.509644;298.553070;731.841553;807.869080;243.545715;;;;622.732056;1098.344360;151.556946;709.411499;794.255127;232.697250;;;;;;;704.907349;909.389587;229.786331;;;;;;;;;;;;;;;
60;639.414368;1146.752441;298.601868;729.487061;810.973572;242.829239;;;;621.333313;1102.049561;151.983429;706.520203;797.285645;233.163528;;;;;;;701.641541;912.346191;230.542862;;;;;;;;;;;;;;;
61;639.247864;1148.910034;298.511169;726.268127;813.726501;242.828217;;;;619.437256;1105.594849;152.229691;703.305115;800.446289;233.192322;;;;;;;698.795593;915.457031;231.133347;;;;;;;;;;;;;;;
62;638.572876;1150.885986;298.633942;723.250000;817.214233;242.390030;;;;618.116516;1109.205566;152.907822;700.555359;803.208374;232.336090;;;;;;;695.693848;918.362671;230.898041;;;;;;;;;;;;;;;
63;638.066223;1153.098389;299.091187;720.229187;819.809204;241.855118;;;;616.644409;1112.951172;153.080948;697.756287;805.884033;231.683044;;;;;;;692.390015;920.985046;231.284729;;;;;;;;;;;;;;;
64;637.639832;1155.268677;299.441833;717.169983;821.806946;241.883194;;;;615.180298;1116.668579;153.393753;694.449097;808.530273;231.130661;;;;;;;689.700073;923.476013;231.326752;;;;;;;;;;;;;;;
65;637.420044;1157.436523;299.914246;714.293396;824.935669;240.492722;;;;613.913696;1120.349243;154.073227;691.668701;811.528748;230.116104;;;;;;;686.192444;926.600220;231.552383;;;;;;;;;;;;;;;
66;637.124023;1159.638794;299.977814;710.830139;827.340820;240.362473;;;;612.456177;1123.873169;154.717545;688.654480;814.213623;228.716110;;;;;;;683.140320;929.062744;231.390549;;;;;;;;;;;;;;;
67;636.784668;1161.692749;299.861572;707.741150;829.926392;239.175674;;;;611.178101;1127.482300;155.411728;685.802429;816.720154;227.392242;;;;;;;679.863281;931.796082;231.223648;;;;;;;;;;;;;;;
68;636.369263;1163.492798;300.299622;704.948914;832.644531;237.443741;;;;610.221619;1131.086426;155.593079;682.533813;819.499756;226.326462;;;;;;;676.748657;934.127319;230.966125;;;;;;;;;;;;;;;
69;636.416931;1165.365723;301.284363;702.231506;834.936035;236.900391;;;;609.437317;1134.581177;155.839615;679.798584;821.953796;225.055359;;;;;;;673.579163;936.878235;231.069824;;;;;;;;;;;;;;;
70;636.028137;1167.309814;301.515961;698.366516;837.675964;235.878510;;;;608.607239;1138.148804;156.228241;676.997131;824.439392;223.547546;;;;;;;670.197388;939.086792;230.549774;;;;;;;;;;;;;;;
71;635.988708;1169.244141;301.530670;695.751587;839.830017;234.658478;;;;607.815186;1141.820068;156.158813;674.095886;827.117493;221.749786;;;;;;;667.284973;941.640625;230.094254;;;;;;;;;;;;;;;
72;635.605042;1171.115723;301.858490;693.076294;841.704163;233.128754;;;;606.966125;1145.216309;156.574493;671.135864;829.288025;220.319260;;;;;;;663.826233;943.562317;229.838913;;;;;;;;;;;;;;;
73;635.347778;1172.992065;302.073486;690.705505;844.317139;231.740906;;;;605.932922;1148.376831;157.264175;668.230896;831.730591;219.059448;;;;;;;661.210388;945.983398;228.908234;;;;;;;;;;;;;;;
74;635.283325;1174.864624;302.234375;687.376892;846.957031;231.599335;;;;605.375549;1151.525391;157.804840;665.906189;834.106323;217.502182;;;;;;;657.658386;948.188538;228.947647;;;;;;;;;;;;;;;
75;635.536865;1176.837891;302.649536;684.527893;849.045776;229.620972;;;;604.844238;1154.781128;158.164642;663.339783;836.257080;215.996201;;;;;;;654.836060;950.430664;228.015442;;;;;;;;;;;;;;;
76;635.562683;1178.737549;303.029053;682.030518;851.341431;228.026093;;;;604.268250;1157.975952;158.870651;660.743591;838.569031;213.997269;;;;;;;652.486572;952.539124;226.634537;;;;;;;;;;;;;;;
77;635.568237;1180.554688;303.177185;679.443054;853.336182;226.565170;;;;603.830811;1161.207520;159.084366;658.315186;840.447632;212.438492;;;;;;;649.617188;954.656555;225.822464;;;;;;;;;;;;;;;
78;635.184753;1182.250854;303.753052;676.906555;855.421814;225.077866;;;;603.067566;1164.084351;158.752426;655.972290;842.878113;211.265030;;;;;;;646.933960;956.753662;224.939743;;;;;;;;;;;;;;;
79;634.923035;1183.908569;304.050507;673.976074;857.549072;224.019592;;;;602.138733;1166.705933;159.219971;653.739502;844.792847;209.355820;;;;;;;644.672852;958.581421;224.112701;;;;;;;;;;;;;;;
80;634.994812;1185.608765;304.108643;671.807556;859.127625;222.394974;;;;601.955139;1169.162109;159.512741;651.580688;847.076233;207.186234;;;;;;;642.554260;960.591675;222.998215;;;;;;;;;;;;;;;
81;635.287598;1187.590210;303.932465;669.563110;860.930054;221.397797;;;;;;;648.993103;848.947876;205.739471;;;;;;;640.285645;962.335999;222.116821;;;;;;;;;;;;;;;
82;635.808716;1189.492920;303.905884;667.459290;862.852173;219.557266;;;;;;;646.698303;851.030457;204.764114;;;;;;;638.730835;964.301392;220.659348;601.408142;1174.660400;159.731049;;;;;;;;;;;;
83;636.022705;1191.296997;303.875793;665.339417;864.240356;217.956375;;;;;;;644.766724;852.410034;202.734558;;;;;;;637.246338;965.910400;219.400635;601.360352;1176.678833;159.799988;;;;;;;;;;;;
84;635.947754;1192.870361;304.174561;663.443298;865.916504;216.235199;;;;;;;642.915100;854.385742;201.318039;;;;;;;635.517334;967.686401;218.811264;601.395020;1179.196777;159.628311;;;;;;;;;;;;
85;635.759338;1194.254028;304.904175;662.162720;867.581421;214.764084;;;;;;;641.058472;855.950928;199.494843;;;;;;;633.857483;969.155884;217.840881;601.273621;1181.151733;159.653824;;;;;;;;;;;;
86;635.693420;1195.682373;305.550659;660.197754;868.636719;212.810196;;;;;;;639.477783;857.415283;197.254868;;;;;;;632.462891;970.704224;216.460159;601.078003;1183.252563;159.847565;;;;;;;;;;;;
87;635.891541;1197.393311;305.525909;658.691589;870.410278;210.689896;;;;;;;638.468201;859.154602;195.272049;;;;;;;631.296570;972.010376;215.011627;600.647827;1185.216187;160.515762;;;;;;;;;;;;
88;636.217896;1198.908936;305.367920;658.049927;871.877441;209.233078;;;;;;;637.133972;860.435242;193.663147;;;;;;;629.941833;973.099304;213.736633;;;;;;;;;;;;;;;
89;636.535645;1200.262451;305.150055;656.630066;873.161621;207.006714;;;;;;;635.834839;861.894897;192.590652;;;;;;;629.116089;974.571960;213.069229;;;;;;;;;;;;;;;
90;636.831055;1201.670898;305.164001;655.797302;874.175232;205.882690;;;;;;;634.693970;863.376343;191.148300;;;;;;;628.130615;975.871033;212.059586;;;;;;;;;;;;;;;
91;637.106995;1203.012817;305.187012;654.843506;875.894958;204.546158;;;;;;;633.987976;864.414673;189.516464;;;;;;;626.955017;976.857056;210.995148;;;;;;;;;;;;;;;
92;637.522400;1204.219116;305.043610;654.294373;876.922119;203.648575;;;;;;;633.377197;865.589050;188.013901;;;;;;;625.899841;977.952087;210.066757;;;;601.450806;1193.655029;160.362015;;;;;;;;;
93;637.737488;1205.364136;305.288513;653.560181;877.791260;202.436600;;;;;;;632.961426;867.015259;186.700790;;;;;;;624.930786;979.227234;209.208786;;;;601.936096;1194.820801;160.086166;;;;;;;;;
94;637.818420;1206.327881;305.444580;652.519775;879.188782;200.762283;;;;;;;632.754333;868.107788;185.467773;;;;;;;623.993286;980.180664;208.417053;;;;602.324585;1196.260254;159.734100;;;;;;;;;
95;638.003601;1207.257813;305.624237;652.283020;880.348206;200.150894;;;;;;;632.302246;869.051086;184.028748;;;;;;;623.218018;980.974060;207.508011;;;;602.642029;1197.571289;159.697891;;;;;;;;;
96;638.461121;1208.179932;305.781158;651.997131;881.330750;198.918747;;;;;;;632.033142;870.106323;182.692673;;;;;;;622.543579;981.911682;206.582779;;;;602.481812;1198.720459;159.882935;;;;;;;;;
97;638.601868;1208.979736;305.788422;651.508301;882.296204;197.172318;;;;;;;631.721619;871.250122;181.799103;;;;;;;622.141724;982.790344;205.976776;;;;602.842834;1200.148682;159.243561;;;;;;;;;
98;639.030762;1209.807251;305.595764;651.563721;882.850769;196.474609;;;;;;;631.141663;872.014587;180.844345;;;;;;;621.693665;983.534363;205.283936;;;;603.692139;1201.341187;159.202682;;;;;;;;;
99;639.444763;1210.646362;305.366364;651.453064;883.532288;195.926361;;;;;;;630.780884;872.556396;180.043060;;;;;;;621.582825;984.304382;204.713959;;;;604.180542;1202.137085;158.913696;;;;;;;;;
100;639.684143;1211.282471;304.951630;650.930542;884.532715;194.526978;;;;;;;630.321350;873.263794;179.136795;;;;;;;621.524597;985.033752;204.044800;;;;604.460876;1202.836182;158.738892;;;;;;;;;
101;639.901428;1211.898438;304.709717;650.561157;885.400635;192.922485;;;;;;;630.567932;874.305420;177.696854;;;;;;;621.730164;985.838684;203.081146;;;;604.537720;1203.635010;158.739563;;;;;;;;;
102;640.153015;1212.482422;304.533569;650.986023;886.018188;191.156082;;;;;;;630.445862;875.159058;175.996490;;;;;;;621.973083;986.387085;202.395706;;;;604.690247;1204.575195;159.297302;;;;;;;;;
103;640.470459;1212.935547;304.362671;651.509399;886.438660;190.191391;;;;;;;630.623657;875.763489;174.683899;;;;;;;622.365601;986.844238;200.855133;;;;605.067200;1205.379150;159.248474;;;;;;;;;
104;640.778992;1213.476685;304.317657;651.577393;886.785400;189.295761;;;;;;;631.024658;876.107910;173.505859;;;;;;;622.444580;987.335144;200.112350;;;;605.879456;1206.082520;158.341400;;;;;;;;;
105;641.115784;1213.967529;304.236084;652.004639;887.185730;188.027344;;;;;;;631.163940;876.687927;172.410370;;;;;;;622.267395;987.753357;199.838364;;;;606.445435;1206.656250;157.630676;;;;;;;;;
106;641.543640;1214.459473;304.188019;652.447266;887.892456;186.686707;;;;;;;631.517212;877.266418;171.208694;;;;;;;622.311890;988.201355;199.368942;;;;606.721069;1207.319214;157.040253;;;;;;;;;
107;641.797058;1214.919312;304.165894;652.500671;888.856873;184.996826;;;;;;;632.149963;877.697998;169.930832;;;;;;;622.537415;988.541992;198.855576;;;;607.160583;1207.966431;156.795456;;;;;;;;;
108;642.039246;1215.484375;303.963165;653.370972;889.321716;183.874695;;;;;;;632.877869;878.138611;168.855774;;;;;;;623.163757;989.027893;197.988266;;;;607.800049;1208.649292;156.642960;;;;;;;;;
109;642.358093;1215.973755;303.796234;654.462402;889.632935;182.526230;;;;;;;633.400635;878.568542;167.597839;;;;;;;623.720093;989.333374;197.005402;;;;608.382507;1209.105713;156.367477;;;;;;;;;
110;642.604553;1216.284790;303.600311;655.034180;890.201904;181.613388;;;;;;;633.979980;879.062378;166.033661;;;;;;;623.932800;989.648193;196.442581;;;;608.902832;1209.604004;156.164139;;;;;;;;;
111;642.864441;1216.676025;303.367035;655.616211;890.641113;181.020660;;;;;;;634.554199;879.533447;165.018829;;;;;;;623.968445;989.965881;195.237305;;;;609.484741;1209.975342;155.656891;;;;;;;;;
112;643.133301;1217.070313;303.213379;656.234863;890.927124;179.585388;;;;;;;635.505737;880.093933;164.128571;;;;;;;624.113159;990.152832;194.448959;;;;610.006958;1210.227905;155.505066;;;;;;;;;
113;643.479675;1217.494629;303.064941;656.575256;891.425232;178.591446;;;;;;;636.435303;880.515747;163.244614;;;;;;;624.547729;990.395020;193.638840;;;;610.469788;1210.446045;155.691025;;;;;;;;;
114;643.838440;1217.965210;302.707306;656.883667;891.886536;177.719025;;;;;;;636.877747;880.791687;162.269333;;;;;;;625.236267;990.732300;192.562347;;;;611.054626;1210.760742;155.824295;;;;;;;;;
115;644.162415;1218.369385;302.546936;657.602600;891.930115;177.717346;;;;;;;637.222900;881.051208;161.579926;;;;;;;625.576904;991.046814;191.940048;;;;611.656372;1211.304688;155.418076;;;;;;;;;
116;644.407104;1218.697632;302.295410;658.118469;892.185852;176.351059;;;;;;;637.723816;881.142395;160.777466;;;;;;;625.774475;991.229797;191.480179;;;;612.351013;1211.771240;154.725143;;;;;;;;;
117;644.641785;1218.976318;302.159637;658.872131;892.628357;175.238770;;;;;;;638.346497;881.386475;159.996048;;;;;;;625.974609;991.508545;190.943069;;;;612.843201;1212.131592;154.209366;;;;;;;;;
118;644.823486;1219.282715;301.907745;659.337708;893.003296;174.728622;;;;;;;639.086670;881.730835;159.046722;;;;;;;626.513794;991.978516;189.776352;;;;613.191956;1212.564697;153.615768;;;;;;;;;
119;645.040833;1219.664917;301.661713;659.816162;893.306946;174.075806;;;;;;;639.825989;882.147949;157.882233;;;;;;;627.387573;992.183350;188.959229;;;;613.534058;1212.780273;153.348206;;;;;;;;;
120;645.104980;1220.028809;301.481018;660.650085;893.979736;172.926651;;;;;;;640.412354;882.515198;157.068558;;;;;;;627.952393;992.439514;188.481049;;;;613.794434;1213.116699;153.009598;;;;;;;;;
121;645.262878;1220.264526;301.469788;661.487549;894.091675;172.302231;;;;;;;640.942261;882.798584;156.334442;;;;;;;628.348511;992.817566;188.185150;;;;614.347412;1213.417725;152.558685;;;;;;;;;
122;645.434937;1220.479980;301.414673;661.939514;894.474976;171.180511;;;;;;;641.590637;883.103760;155.359619;;;;;;;628.772278;993.003662;187.478439;;;;614.941345;1213.694336;152.205109;;;;;;;;;
123;645.673706;1220.750854;301.315125;662.131653;894.686157;170.278931;;;;;;;642.306824;883.368713;154.296860;;;;;;;629.493286;993.400269;186.393051;;;;615.455688;1214.108643;151.857788;;;;;;;;;
124;645.938232;1221.039185;301.166870;662.593079;895.038696;169.626251;;;;;;;642.684875;883.608582;153.789230;;;;;;;630.326843;993.597290;185.387451;;;;615.856018;1214.476196;151.563538;;;;;;;;;
125;646.196350;1221.241455;300.953613;663.447632;895.326782;168.523056;;;;;;;643.670410;884.145874;152.959457;;;;;;;630.919312;993.813477;184.693161;;;;616.067322;1214.783447;151.306351;;;;;;;;;
126;646.333191;1221.570068;300.888000;664.214478;895.469055;167.459290;;;;;;;644.435425;884.513977;152.162079;;;;;;;631.327820;994.005981;184.368256;;;;616.205566;1214.993286;151.408401;;;;;;;;;
127;646.633850;1221.907959;300.499817;664.780029;895.648315;166.863983;;;;;;;644.830139;884.707581;151.372375;;;;;;;631.580383;994.151978;184.171906;;;;616.649231;1215.160767;151.541534;;;;;;;;;
128;646.930542;1222.248657;300.063263;665.321777;895.746887;166.309357;;;;;;;645.247009;884.880127;150.675919;;;;;;;632.152405;994.435242;183.464203;;;;617.063171;1215.351563;151.520432;;;;;;;;;
129;647.119263;1222.529907;299.830139;666.122131;895.777893;166.253998;;;;;;;646.169067;885.287537;149.325333;;;;;;;633.019897;994.644165;182.750565;;;;617.567810;1215.572998;151.433533;;;;;;;;;
130;647.233948;1222.706299;299.755127;666.525085;896.186890;165.217697;;;;;;;646.371887;885.376831;148.814636;;;;;;;633.450806;994.849487;182.475830;;;;618.202881;1215.870972;150.922058;;;;;;;;;
131;647.349670;1223.002319;299.583191;666.742065;896.532654;164.772293;;;;;;;646.759033;885.434204;148.893036;;;;;;;633.741699;995.028381;182.350174;;;;618.828247;1216.153320;150.363861;;;;;;;;;
132;647.490601;1223.115845;299.470825;666.961548;896.788086;164.440765;;;;;;;647.039246;885.623230;148.586258;;;;;;;633.950684;995.170471;182.135269;;;;619.317200;1216.290039;149.926514;;;;;;;;;
133;647.628113;1223.361572;299.200592;667.151917;897.054626;164.191208;;;;;;;647.003906;885.875671;148.096725;;;;;;;634.163391;995.353027;181.883865;;;;619.528381;1216.522705;149.406723;;;;;;;;;
134;647.755981;1223.555908;298.953979;667.224060;897.256531;164.002472;;;;;;;647.416870;886.123901;147.629623;;;;;;;634.415894;995.498169;181.622116;;;;619.722229;1216.622559;149.060486;;;;;;;;;
135;647.835510;1223.693970;298.794800;667.420532;897.544617;163.873291;;;;;;;647.857544;886.480103;147.057831;;;;;;;634.607117;995.691162;181.311356;;;;620.045959;1216.781494;148.906174;;;;;;;;;
136;647.963074;1223.755127;298.843414;667.537354;897.768616;163.697449;;;;;;;648.251404;886.700928;146.838120;;;;;;;634.934326;996.043762;180.965164;;;;620.447205;1216.964233;148.732498;;;;;;;;;
137;647.994080;1224.021118;298.666168;667.702148;897.989441;163.636902;;;;;;;648.226746;886.839294;146.603928;;;;;;;635.160400;996.285278;180.397095;;;;621.186951;1217.116333;148.792557;;;;;;;;;
138;648.080750;1224.217163;298.479553;667.851501;898.118286;163.474411;;;;;;;648.253906;886.916809;146.498764;;;;;;;635.361328;996.429077;180.080536;;;;621.348633;1217.477661;148.197235;;;;;;;;;
139;648.192261;1224.353516;298.454712;667.970398;898.350647;163.286774;;;;;;;648.464905;887.017029;146.400726;;;;;;;635.398621;996.512268;179.499771;;;;621.765686;1217.619141;147.925583;;;;;;;;;
140;648.348877;1224.462402;298.536133;668.244568;898.589294;162.998749;;;;;;;648.645813;887.186584;146.300690;;;;;;;635.660217;996.653809;179.636398;;;;622.102722;1217.779419;147.732651;;;;;;;;;
141;648.440796;1224.611938;298.418640;668.541443;898.719666;162.880356;;;;;;;648.854126;887.389893;146.149033;;;;;;;635.734619;996.892334;179.412064;;;;622.452026;1217.958130;147.590454;;;;;;;;;
142;648.481812;1224.809814;298.334412;668.720154;898.812378;162.559738;;;;;;;648.991699;887.509766;146.104050;;;;;;;635.883972;997.075134;179.231216;;;;622.739075;1218.203491;147.537903;;;;;;;;;
143;648.579773;1224.960693;298.370087;668.871033;898.800842;162.502487;;;;;;;648.767639;887.484741;146.299957;;;;;;;636.184204;997.254456;179.173309;;;;622.946777;1218.358643;147.513275;;;;;;;;;
144;648.744080;1225.073975;298.354156;669.062073;898.948914;162.440170;;;;;;;648.797607;887.575684;146.455505;;;;;;;636.032898;997.329773;178.852127;;;;623.091003;1218.504639;147.409088;;;;;;;;;
145;648.767883;1225.292358;298.262085;669.064697;899.104004;162.227829;;;;;;;648.991760;887.822327;146.394501;;;;;;;636.251221;997.444885;178.777756;;;;623.164063;1218.729858;147.351334;;;;;;;;;
146;648.747375;1225.476685;298.272339;669.311768;899.159668;162.367676;;;;;;;649.186707;888.093201;146.240952;;;;;;;636.550232;997.580933;178.853394;;;;623.273804;1218.839355;147.474167;;;;;;;;;
147;648.862000;1225.585327;298.371368;669.538818;899.200806;162.411240;;;;;;;649.412842;888.385132;146.212112;;;;;;;636.763184;997.794739;178.868027;;;;;;;;;;;;;;;
148;648.939331;1225.702881;298.321075;669.586792;899.298523;162.292786;;;;;;;649.569824;888.540100;146.081528;;;;;;;636.915222;998.049377;179.021866;;;;;;;623.332886;1219.127441;147.940781;;;;;;
149;648.951965;1225.907593;298.307526;669.718689;899.415833;162.233627;;;;;;;649.776978;888.610107;146.132614;;;;;;;637.165771;998.255554;179.183990;;;;;;;623.627686;1219.261963;147.984924;;;;;;
150;648.971008;1226.120117;298.339264;669.901123;899.565918;162.084167;;;;;;;649.843689;888.723694;146.181427;;;;;;;637.426147;998.359131;179.268005;;;;;;;623.696533;1219.493286;147.949219;;;;;;
151;649.161072;1226.331909;298.258270;670.202148;899.816040;162.451187;;;;;;;649.868164;888.835266;146.127426;;;;;;;637.667419;998.457947;179.300018;;;;;;;623.914368;1219.643799;147.974228;;;;;;
152;649.195251;1226.526245;298.247986;669.998474;900.008667;161.777664;;;;;;;650.165588;888.926392;146.177124;;;;;;;637.866882;998.620239;179.311615;;;;;;;624.004944;1219.759155;147.957886;;;;;;
153;649.098877;1226.805420;298.259979;669.985657;900.191833;161.395096;;;;;;;650.101257;889.033203;146.048996;;;;;;;638.105774;998.606262;179.342804;;;;;;;624.116089;1219.864258;147.939957;;;;;;
154;649.229309;1226.916504;298.277771;670.107544;900.249268;161.391388;;;;;;;650.093079;889.114136;145.959137;;;;;;;638.265625;998.708618;179.381302;;;;;;;624.238403;1219.935303;147.694977;;;;;;
155;649.037964;1227.085327;298.347229;670.305969;900.330139;161.539383;;;;;;;650.684937;889.419495;145.924637;;;;;;;638.340149;998.839355;179.346649;;;;;;;624.188538;1220.081543;147.869965;;;;;;
156;649.175903;1227.229736;298.253937;670.561890;900.392395;161.628036;;;;;;;650.888000;889.504272;145.842972;;;;;;;638.399414;998.884155;179.340652;;;;;;;624.176270;1220.223022;147.933426;;;;;;
157;649.111755;1227.451782;298.322266;670.800781;900.419067;161.722382;;;;;;;650.757568;889.545898;145.770905;;;;;;;638.414734;998.972656;179.251236;;;;;;;624.242859;1220.259766;147.884705;;;;;;
158;649.046082;1227.536011;298.423676;671.023315;900.427979;161.462524;;;;;;;650.832947;889.592651;145.722748;;;;;;;638.374451;999.009155;179.195068;;;;;;;624.260193;1220.338867;147.874420;;;;;;
159;649.194641;1227.641113;298.375214;671.128662;900.418640;161.584259;;;;;;;651.048035;889.714661;145.571365;;;;;;;638.397217;999.022583;179.190796;;;;;;;;;;;;;;;
160;649.213013;1227.657593;298.282135;671.380676;900.535522;161.531860;;;;;;;651.212708;889.753113;145.391830;;;;;;;638.424316;999.054932;179.122360;;;;;;;;;;624.244507;1220.347412;147.952316;;;
161;649.209534;1227.734863;298.322144;671.549500;900.596375;161.343781;;;;;;;651.417297;889.806702;145.271057;;;;;;;638.553345;999.208862;178.844543;;;;;;;;;;624.105103;1220.459839;147.922165;;;
162;649.195862;1227.858398;298.271942;671.736267;900.577759;161.346100;;;;;;;651.529114;889.819397;145.184097;;;;;;;638.725464;999.280823;178.633499;;;;;;;;;;624.201355;1220.470459;147.922714;;;
163;649.041138;1227.976196;298.377960;671.831238;900.590515;161.243622;;;;;;;651.593628;889.828552;145.078720;;;;;;;638.856506;999.289612;178.310974;;;;;;;;;;624.131348;1220.463379;147.902359;;;
164;649.124146;1227.957397;298.378052;672.054321;900.567017;161.015289;;;;;;;651.692688;889.816650;144.762848;;;;;;;639.016357;999.339539;178.032990;;;;;;;;;;624.087830;1220.468872;147.873169;;;
165;649.152466;1228.027588;298.371399;672.035522;900.487976;160.549103;;;;;;;651.831848;889.835999;144.529648;;;;;;;639.215698;999.403687;177.835770;;;;;;;;;;624.053467;1220.480591;147.829742;;;
166;648.990906;1228.043945;298.499084;672.232239;900.396912;160.016113;;;;;;;651.862366;889.767822;144.382553;;;;;;;639.457581;999.394409;177.495544;;;;;;;;;;624.006287;1220.459717;147.850845;;;
167;649.047058;1228.067383;298.343262;672.395508;900.317627;159.673080;;;;;;;651.863892;889.773071;144.236343;;;;;;;639.659485;999.380310;177.029465;;;;;;;;;;623.923767;1220.457031;147.856430;;;
168;649.082153;1228.072266;298.251923;672.303040;900.294678;159.440125;;;;;;;651.793335;889.749878;144.048035;;;;;;;639.730103;999.202332;176.549103;;;;;;;;;;623.836670;1220.358032;147.836914;;;
169;649.029907;1228.051147;298.306000;672.037903;900.078796;159.204178;;;;;;;651.780884;889.678589;143.883041;;;;;;;639.927979;999.270264;176.306427;;;;;;;;;;;;;;;
170;648.967224;1227.989868;298.200439;672.032288;900.165466;158.721771;;;;;;;651.590210;889.723999;143.553162;;;;;;;639.883484;999.232239;176.064743;;;;;;;;;;;;;;;
171;648.960022;1227.960938;298.219940;672.098633;900.138245;158.433594;;;;;;;651.663513;889.659241;142.906296;;;;;;;639.974121;999.172302;175.923096;;;;;;;;;;;;;;;
172;648.900330;1227.960083;298.200256;672.152405;900.097839;158.222290;;;;;;;651.710144;889.593567;142.373993;;;;;;;640.067688;999.139160;175.760010;;;;;;;;;;;;;;;
173;648.849121;1227.976685;298.199219;672.263306;900.044250;158.052094;;;;;;;651.754883;889.508118;141.928024;;;;;;;640.152832;999.051086;175.582428;;;;;;;;;;;;;;;
174;648.813049;1227.864136;298.143188;672.401733;899.970947;157.874512;;;;;;;651.849609;889.478760;141.635849;;;;;;;640.176575;999.025757;175.414597;;;;;;;;;;;;;;;
175;648.826111;1227.864014;298.080444;672.597229;899.826416;157.530457;;;;;;;651.954224;889.379578;141.286636;;;;;;;640.177307;998.973938;175.215836;;;;;;;;;;;;;;;
176;648.815430;1227.880371;298.118347;672.777588;899.790039;157.232452;;;;;;;652.237305;889.370605;140.857239;;;;;;;640.305786;998.893433;174.913589;;;;;;;;;;;;;;;
177;648.802612;1227.798096;298.082123;672.945862;899.727783;156.842163;;;;;;;652.505005;889.444458;140.312424;;;;;;;640.432007;998.825806;174.491333;;;;;;;;;;;;;;;
178;648.831848;1227.807617;298.053314;673.323303;899.937012;155.815857;;;;;;;652.731262;889.314392;140.058258;;;;;;;640.490906;998.743958;174.068054;;;;;;;;;;;;;;;
179;648.789429;1227.795410;298.074371;673.534302;899.967285;155.360687;;;;;;;652.914490;889.301392;139.617722;;;;;;;640.700623;998.633240;173.886658;;;;;;;;;;;;;;;
180;648.723755;1227.789063;297.991211;673.744629;899.908447;155.262772;;;;;;;653.160156;889.171448;139.273758;;;;;;;641.007690;998.495361;173.336029;;;;;;;;;;;;;;;
181;648.768494;1227.808350;297.985413;673.733582;899.911926;154.934219;;;;;;;653.230103;889.116272;138.985367;;;;;;;641.026367;998.435303;173.074142;;;;;;;;;;;;;;;
182;648.763794;1227.736572;297.896881;673.711670;899.876221;154.698074;;;;;;;653.282837;889.019348;138.809448;;;;;;;641.069580;998.347656;172.848679;;;;;;;;;;;;;;;
183;648.775940;1227.716431;297.851166;673.789307;899.837280;154.519638;;;;;;;653.247742;888.945740;138.672668;;;;;;;641.034851;998.249939;172.486816;;;;;;;;;;;;;;;
184;648.733154;1227.694092;297.936584;674.218079;899.793213;154.093109;;;;;;;653.255615;888.898315;138.530090;;;;;;;641.344666;998.170837;172.132065;;;;;;;;;;;;;;;
185;648.747437;1227.626709;297.866058;674.013245;899.589233;154.092896;;;;;;;653.253052;888.778259;138.329544;;;;;;;641.634033;998.084473;171.888657;;;;;;;;;;;;;;;
186;648.766541;1227.617798;297.833679;673.963135;899.571716;153.909805;;;;;;;653.221924;888.727844;138.176956;;;;;;;641.968567;997.963379;171.732254;;;;;;;;;;;;;;;
187;648.671875;1227.647095;297.775208;674.251831;899.478455;153.803406;;;;;;;653.253418;888.637817;138.039261;;;;;;;642.228760;997.924744;171.606750;;;;;;;;;;;;;;;
188;648.610413;1227.571899;297.691589;674.137512;899.345154;153.508453;;;;;;;653.286377;888.649719;137.851685;;;;;;;642.406494;997.835022;171.287994;;;;;;;;;;;;;623.473083;1219.040161;145.426849
189;648.571533;1227.540771;297.731781;673.977112;899.285706;153.081345;;;;;;;653.270813;888.580994;137.656128;;;;;;;642.772034;997.813721;171.025955;;;;;;;;;;;;;623.440979;1218.955444;145.422409
190;648.528198;1227.460938;297.611267;674.075745;899.100769;152.542435;;;;;;;653.079834;888.318604;137.432068;;;;;;;643.141357;997.912964;170.742706;;;;;;;;;;;;;623.586487;1218.857422;145.287384
191;648.548340;1227.446777;297.607727;674.203857;899.029724;152.070618;;;;;;;653.128662;888.148071;136.937851;;;;;;;643.484436;997.985535;170.437668;;;;;;;;;;;;;623.700562;1218.863037;145.099487
192;648.509033;1227.458130;297.579041;674.342102;899.038391;151.767960;;;;;;;653.313538;888.155762;136.576248;;;;;;;643.894348;997.943604;170.171616;;;;;;;;;;;;;623.726624;1218.791260;144.986328
193;648.539795;1227.393066;297.460754;674.693359;898.970886;151.101990;;;;;;;653.480652;888.207275;136.174133;;;;;;;644.403381;997.808289;169.753159;;;;;;;;;;;;;623.891418;1218.772827;144.891968
194;648.563843;1227.457886;297.383148;674.886108;899.137268;150.358414;;;;;;;654.210754;888.046509;135.548965;;;;;;;644.713989;997.761230;169.496399;;;;;;;;;;;;;623.941345;1218.722168;144.773392
195;648.587463;1227.404663;297.444275;675.233459;899.711182;149.574554;;;;;;;654.171875;888.144836;135.257462;;;;;;;644.856873;997.737793;169.377655;;;;;;;;;;;;;623.927185;1218.717529;144.761536
196;648.563232;1227.379517;297.383057;675.504883;899.755676;149.338120;;;;;;;654.450623;888.148193;135.151199;;;;;;;644.983765;997.689575;169.263916;;;;;;;;;;;;;624.003052;1218.636108;144.686356
197;648.521362;1227.401855;297.260193;675.973877;899.602356;149.137756;;;;;;;654.539917;888.096008;134.758545;;;;;;;645.347107;997.609985;169.072388;;;;;;;;;;;;;624.122620;1218.532715;144.635712
198;648.589050;1227.331055;297.275818;676.369690;899.574646;149.023315;;;;;;;654.985046;888.175598;134.317596;;;;;;;645.505493;997.606079;168.906845;;;;;;;;;;;;;624.146423;1218.520752;144.620224
199;648.599609;1227.315918;297.288666;676.756287;899.658630;148.720016;;;;;;;655.440247;888.245178;133.813889;;;;;;;645.598572;997.575867;168.719009;;;;;;;;;;;;;624.261597;1218.455078;144.545135
200;648.544739;1227.296387;297.319244;677.041199;899.754272;148.516678;;;;;;;655.856873;888.320740;133.423782;;;;;;;645.655457;997.497620;168.603577;;;;;;;;;;;;;624.268799;1218.449829;144.510605
201;648.528992;1227.292480;297.331329;677.037659;899.776306;148.247574;;;;;;;656.221863;888.247070;133.197708;;;;;;;645.957214;997.622375;168.060196;;;;;;;;;;;;;624.264709;1218.371826;144.489792
202;648.507996;1227.383667;297.209839;677.550171;899.939575;147.791565;;;;;;;656.428650;888.224731;132.900467;;;;;;;646.184692;997.680176;167.477692;;;;;;;;;;;;;624.320068;1218.372559;144.397873
203;648.496582;1227.389282;297.218353;677.983887;899.911011;147.405533;;;;;;;656.612000;888.250732;132.684937;;;;;;;646.408813;997.666870;167.042526;;;;;;;;;;;;;624.344421;1218.380615;144.391190
204;648.512207;1227.310303;297.327026;678.250244;899.848694;147.125488;;;;;;;656.846436;888.281799;132.432205;;;;;;;646.776001;997.630249;166.653076;;;;;;;;;;;;;624.303284;1218.388550;144.348068
205;648.505310;1227.293213;297.353027;678.459473;899.815369;146.569855;;;;;;;657.035095;888.274841;132.145172;;;;;;;647.183777;997.607422;166.277100;;;;;;;;;;;;;624.292786;1218.408569;144.304810
206;648.505249;1227.297729;297.346832;678.759460;899.817322;146.134415;;;;;;;657.319458;888.247864;131.637161;;;;;;;647.360779;997.654419;166.046280;;;;;;;;;;;;;624.234924;1218.422485;144.236557
207;648.415527;1227.285522;297.331360;679.055054;899.871948;145.625320;;;;;;;657.612793;888.371033;131.153824;;;;;;;647.575562;997.592163;165.890167;;;;;;;;;;;;;624.206848;1218.451904;144.192429
208;648.414001;1227.273560;297.366150;679.272217;900.056091;144.880035;;;;;;;658.242310;888.536621;130.799774;;;;;;;647.771179;997.508057;165.584457;;;;;;;;;;;;;624.284790;1218.447510;144.156616
209;648.396484;1227.278198;297.384430;679.475525;899.632202;143.584564;;;;;;;658.244568;888.492432;129.669540;;;;;;;648.142700;997.616638;165.120712;;;;;;;;;;;;;624.315857;1218.507813;143.958832
210;648.374390;1227.281006;297.406586;679.804993;899.690308;142.678604;;;;;;;658.599426;888.573486;128.844818;;;;;;;648.710754;997.717773;164.403549;;;;;;;;;;;;;624.277466;1218.534058;143.860275
211;648.337280;1227.255981;297.418457;680.148926;899.598389;142.339676;;;;;;;658.519836;888.610718;127.939964;;;;;;;649.250122;997.838013;163.833542;;;;;;;;;;;;;624.309692;1218.549561;143.819504
212;648.288452;1227.361572;297.354828;680.440918;899.569153;142.091080;;;;;;;658.516541;888.694885;127.397690;;;;;;;649.867493;997.868530;163.303802;;;;;;;;;;;;;624.230530;1218.581421;143.731934
213;648.235413;1227.363647;297.409180;680.630615;899.520142;141.387863;;;;;;;658.484375;888.714050;126.551559;;;;;;;650.329834;997.873840;163.027634;;;;;;;;;;;;;624.257568;1218.633911;143.644882
214;648.179810;1227.352051;297.411926;680.908813;899.564270;140.103958;;;;;;;658.665833;888.895508;126.054916;;;;;;;650.655151;997.919556;162.625961;;;;;;;;;;;;;624.354858;1218.647827;143.539673
215;648.174255;1227.265625;297.316284;681.191467;899.855957;138.770142;;;;;;;658.512085;888.960266;125.442253;;;;;;;650.961609;998.072266;161.947922;;;;;;;;;;;;;624.392517;1218.758667;143.196014
216;648.128845;1227.345459;297.304504;681.553711;899.953369;138.104294;;;;;;;658.803040;889.088684;125.072365;;;;;;;651.508301;998.203918;160.913589;;;;;;;;;;;;;624.438477;1218.784912;143.085983
217;648.114319;1227.395386;297.236908;681.454651;899.804565;137.350464;;;;;;;658.635742;889.046204;124.557014;;;;;;;652.191406;998.265625;160.108566;;;;;;;;;;;;;624.407227;1218.781860;143.093033
218;648.177673;1227.301270;297.224396;681.527832;899.718323;136.700562;;;;;;;658.969238;889.158325;123.648827;;;;;;;652.552246;998.253174;159.467697;;;;;;;;;;;;;624.417053;1218.821289;143.060226
219;648.094971;1227.375244;297.210938;681.822815;899.713440;135.929169;;;;;;;659.353271;889.301270;122.563759;;;;;;;652.758728;998.384583;159.108017;;;;;;;;;;;;;624.496399;1218.852173;143.000687
220;648.159241;1227.357056;297.086945;682.190796;899.783264;135.209396;;;;;;;659.318359;889.417236;121.525551;;;;;;;652.964966;998.436035;158.608795;;;;;;;;;;;;;624.571838;1218.972656;142.881744
221;648.159058;1227.437500;297.048218;682.337341;899.909363;134.710785;;;;;;;659.221008;889.370972;120.741600;;;;;;;653.452087;998.635620;157.770828;;;;;;;;;;;;;624.628601;1219.023071;142.794724
222;648.176758;1227.446777;297.009613;682.093506;900.385559;133.518890;;;;;;;659.296082;889.432739;120.307220;;;;;;;653.935181;998.806519;156.824051;;;;;;;;;;;;;624.684692;1219.024536;142.791107
223;648.216553;1227.458984;296.944000;681.919922;900.622620;132.662308;;;;;;;659.287292;889.535034;119.908165;;;;;;;654.296814;998.869324;155.985413;;;;;;;;;;;;;624.739624;1219.037720;142.755920
224;648.211304;1227.462769;296.917145;681.823975;900.537231;131.879944;;;;;;;659.065247;889.666443;119.568214;;;;;;;654.465088;999.040771;155.510880;;;;;;;;;;;;;624.733093;1219.071289;142.571625
225;648.212158;1227.486450;296.866913;681.946350;900.468140;131.363724;;;;;;;659.455933;889.916382;118.839119;;;;;;;654.492737;999.115540;155.275177;;;;;;;;;;;;;624.978088;1219.114014;142.319550
226;648.218628;1227.514893;296.792786;682.117004;900.448669;130.609894;;;;;;;659.868469;890.046448;117.903267;;;;;;;654.860596;999.157654;154.714722;;;;;;;;;;;;;624.897827;1219.393311;141.994125
227;648.274597;1227.600098;296.803558;682.286194;900.114258;129.553116;;;;;;;660.061218;890.135437;117.317245;;;;;;;655.291199;999.442383;153.662140;;;;;;;;;;;;;625.117554;1219.456909;141.775421
228;648.343384;1227.697876;296.700531;682.393616;900.507568;128.505676;;;;;;;660.117004;890.100952;117.068512;;;;;;;655.564087;999.537415;152.251770;;;;;;;;;;;;;625.186890;1219.344727;141.798904
229;648.304565;1227.740845;296.536835;682.454590;900.878357;127.993675;;;;;;;660.252991;890.012878;116.378738;;;;;;;655.952637;999.540100;151.215942;;;;;;;;;;;;;625.035339;1219.315552;141.565491
230;648.318481;1227.727173;296.565765;682.825684;900.927612;126.674477;;;;;;;660.312256;890.035583;115.340149;;;;;;;656.022278;999.736450;150.492905;;;;;;;;;;;;;625.212036;1219.407471;140.958298
231;648.304810;1227.832153;296.560211;682.789429;900.907227;126.283630;;;;;;;660.362793;890.141541;114.190742;;;;;;;656.118347;999.881348;149.845093;;;;;;;;;;;;;625.420715;1219.467041;140.650604
232;648.385742;1227.901245;296.407318;682.989441;900.895264;125.600639;;;;;;;660.501709;890.307678;113.057274;;;;;;;656.516418;999.939087;148.933456;;;;;;;;;;;;;625.523865;1219.594482;140.510147
233;648.429810;1227.901001;296.376526;683.294617;900.968079;124.393059;;;;;;;660.553345;890.432983;111.887146;;;;;;;657.004272;999.866394;148.009842;;;;;;;;;;;;;625.636780;1219.610107;140.310654
234;648.489990;1228.022095;296.113892;683.587646;901.035706;123.061867;;;;;;;660.740479;890.528442;111.095390;;;;;;;657.532288;999.818481;147.163406;;;;;;;;;;;;;625.832581;1219.685303;140.042007
235;648.554199;1228.062988;295.964020;684.057739;901.111389;122.289780;;;;;;;660.908264;890.550903;110.554222;;;;;;;657.677002;999.917664;146.614212;;;;;;;;;;;;;625.940918;1219.709717;139.892120
236;648.764160;1227.959717;295.775452;684.441406;900.869141;121.970139;;;;;;;660.942749;890.459106;109.891365;;;;;;;658.280518;1000.317200;145.744492;;;;;;;;;;;;;626.050720;1219.667358;139.732452
237;648.667419;1228.001953;295.928711;684.635315;900.921936;121.178040;;;;;;;660.953369;890.327515;109.239838;;;;;;;658.889099;1000.406311;145.056458;;;;;;;;;;;;;626.135864;1219.716064;139.503845
238;648.604553;1228.075317;295.823395;684.596924;901.050415;120.236839;;;;;;;660.773071;890.402466;108.368332;;;;;;;659.378296;1000.409363;144.465408;;;;;;;;;;;;;626.238037;1219.748413;139.401047
239;648.593445;1228.116211;295.689545;684.534485;901.391174;118.350258;;;;;;;661.093201;890.612793;107.255898;;;;;;;659.781982;1000.235901;143.491364;;;;;;;;;;;;;626.301208;1219.701416;139.254898
240;648.689148;1228.072876;295.527802;684.518005;901.474792;117.107330;;;;;;;661.323059;890.671875;106.140388;;;;;;;660.081055;1000.280090;142.795837;;;;;;;;;;;;;626.395996;1219.722168;139.126938
241;648.687256;1228.039917;295.472961;684.613342;901.431519;116.446342;;;;;;;661.589661;890.669617;105.662033;;;;;;;660.485107;1000.514221;141.885742;;;;;;;;;;;;;626.530945;1219.620972;138.685135
242;648.712463;1227.961304;295.402649;684.961670;901.126282;115.568703;;;;;;;661.624390;890.531677;105.382904;;;;;;;660.730103;1000.610718;140.769684;;;;;;;;;;;;;626.710754;1219.630005;138.422394
243;648.771057;1227.938477;295.326721;685.412659;901.222534;114.719109;;;;;;;661.711609;890.478821;105.302643;;;;;;;660.946228;1000.619690;139.914337;;;;;;;;;;;;;626.821472;1219.560059;138.261108
244;648.814697;1227.872437;295.218170;685.752747;901.359680;114.172935;;;;;;;661.645447;890.177429;105.100029;;;;;;;661.127686;1000.640320;139.129471;;;;;;;;;;;;;626.925293;1219.582031;138.046463
245;648.784424;1227.798096;295.002625;685.960571;901.476318;113.685669;;;;;;;661.783569;890.157166;104.948708;;;;;;;661.364319;1000.571655;138.694901;;;;;;;;;;;;;627.104492;1219.518921;137.827606
246;648.831848;1227.788818;294.999664;685.631897;901.610962;112.963776;;;;;;;662.235352;890.084534;104.439873;;;;;;;661.635620;1000.691772;138.270477;;;;;;;;;;;;;627.258728;1219.576172;137.510361
247;648.864990;1227.713623;294.955200;686.081238;901.542358;112.653442;;;;;;;662.367798;890.009094;104.113144;;;;;;;661.937927;1000.753418;137.667938;;;;;;;;;;;;;627.339294;1219.611938;137.332428
248;648.911865;1227.635620;294.882294;686.197327;901.524475;112.511642;;;;;;;662.486816;890.063171;103.991135;;;;;;;662.358398;1000.958679;136.947891;;;;;;;;;;;;;627.509583;1219.554688;137.121094
249;648.980896;1227.615112;294.786560;686.223267;901.526245;112.428062;;;;;;;662.379883;889.964233;103.963516;;;;;;;662.669189;1001.121155;136.303070;;;;;;;;;;;;;627.650879;1219.595703;136.828751
250;648.998169;1227.518555;294.695465;686.160706;901.546936;112.397171;;;;;;;662.311401;889.911804;104.017670;;;;;;;662.776672;1001.153259;135.792175;;;;;;;;;;;;;627.793518;1219.541992;136.629120
251;649.011047;1227.425415;294.708527;686.081543;901.557129;112.449318;;;;;;;662.333191;889.894714;104.032646;;;;;;;662.915283;1001.373535;135.424377;;;;;;;;;;;;;627.970337;1219.542603;136.556259
252;649.043579;1227.431396;294.567322;686.136658;901.527283;112.494156;;;;;;;662.297424;889.950256;103.941811;;;;;;;663.094238;1001.554932;134.861633;;;;;;;;;;;;;628.087036;1219.580688;136.419067
253;649.082214;1227.443604;294.516327;686.088562;901.477417;112.444138;;;;;;;662.295593;890.053162;103.893127;;;;;;;663.256958;1001.522705;134.616104;;;;;;;;;;;;;628.169067;1219.611084;136.337738
254;649.090820;1227.388916;294.418762;686.046021;901.451721;112.439590;;;;;;;662.238525;890.096680;103.812691;;;;;;;663.353577;1001.555359;134.516739;;;;;;;;;;;;;628.333679;1219.608765;136.315750
255;649.094971;1227.379883;294.401917;685.946289;901.535095;112.435509;;;;;;;662.146118;890.181152;103.751984;;;;;;;663.331848;1001.666382;134.354340;;;;;;;;;;;;;628.409485;1219.635864;136.314484
256;649.149109;1227.399780;294.376862;685.864990;901.505005;112.485016;;;;;;;662.077454;890.177917;103.777527;;;;;;;663.475098;1001.695068;134.381729;;;;;;;;;;;;;628.565918;1219.670410;136.291031
257;649.142883;1227.404419;294.356262;685.861816;901.472656;112.534386;;;;;;;662.096436;890.167114;103.789932;;;;;;;663.610840;1001.694031;134.442612;;;;;;;;;;;;;628.733643;1219.688721;136.258362
258;649.176147;1227.416260;294.295746;685.813843;901.484497;112.480637;;;;;;;662.075806;890.158325;103.801491;;;;;;;663.638977;1001.656250;134.643616;;;;;;;;;;;;;628.866699;1219.739868;136.205353
259;649.232788;1227.421509;294.277008;685.868896;901.451111;112.517982;;;;;;;662.047546;890.144592;103.820534;;;;;;;663.688538;1001.671265;134.815933;;;;;;;;;;;;;629.110657;1219.790649;136.194565
260;649.245178;1227.533081;294.247711;685.894653;901.476501;112.457703;;;;;;;662.125671;890.196228;103.783859;;;;;;;663.832703;1001.710449;134.961105;;;;;;;;;;;;;629.235657;1219.904053;136.213577
261;649.274353;1227.545166;294.242737;685.941711;901.480103;112.436638;;;;;;;662.096802;890.176819;103.778641;;;;;;;663.888489;1001.661560;135.048294;;;;;;;;;;;;;629.358887;1219.978271;136.219910
262;649.334106;1227.561279;294.203247;685.949951;901.408813;112.402237;;;;;;;662.018066;890.122681;103.822975;;;;;;;663.981567;1001.636047;135.121262;;;;;;;;;;;;;629.552490;1220.015015;136.092499
263;649.376648;1227.653687;294.200195;685.990112;901.353943;112.398987;;;;;;;662.123413;890.131409;103.859367;;;;;;;664.149414;1001.604919;135.313400;;;;;;;;;;;;;629.632874;1220.055664;136.063950
264;649.423889;1227.661865;294.211060;686.156616;901.285583;112.510628;;;;;;;662.223633;890.089600;103.829147;;;;;;;664.232056;1001.556213;135.434738;;;;;;;;;;;;;629.807922;1220.062988;136.124710
265;649.436462;1227.748413;294.225525;686.149109;901.260620;112.395622;;;;;;;662.280518;890.075317;103.790588;;;;;;;664.213318;1001.340332;135.518555;;;;;;;;;;;;;629.878845;1220.050659;136.083984
266;649.434998;1227.762573;294.226807;686.134155;901.256958;112.309341;;;;;;;662.304260;890.091003;103.767204;;;;;;;664.415771;1001.317627;135.660507;;;;;;;;;;;;;630.043762;1220.060547;135.906891
267;649.436829;1227.842041;294.242493;686.190918;901.226196;112.223625;;;;;;;662.274475;890.000793;103.794807;;;;;;;664.504639;1001.168335;135.785034;;;;;;;;;;;;;630.213806;1220.055298;135.831619
268;649.485596;1227.853394;294.244446;686.074036;901.246582;112.122299;;;;;;;662.233765;889.935730;103.831802;;;;;;;664.559326;1001.141846;136.035828;;;;;;;;;;;;;630.282654;1220.081055;135.839264
269;649.606995;1227.912964;294.325104;685.945313;901.282288;111.969055;;;;;;;662.361816;889.904785;103.859535;;;;;;;664.609314;1000.990417;136.130112;;;;;;;;;;;;;630.335083;1219.999390;136.022110
270;649.603760;1228.047852;294.311768;686.001526;901.242920;111.954620;;;;;;;662.359619;889.911255;103.826157;;;;;;;664.699585;1000.840088;136.237122;;;;;;;;;;;;;630.303467;1220.091187;135.897842
271;649.836304;1228.039063;294.108948;686.163879;901.109619;111.980850;;;;;;;662.435181;889.877075;103.757805;;;;;;;664.769470;1000.726318;136.351440;;;;;;;;;;;;;630.371521;1220.118652;135.828156
272;649.677979;1228.069824;294.199341;686.208801;901.071594;111.969627;;;;;;;662.480286;889.754883;103.673126;;;;;;;664.816650;1000.673706;136.451645;;;;;;;;;;;;;630.532654;1220.138672;135.698303
273;649.541931;1228.170654;294.224731;686.245911;901.102234;111.877930;;;;;;;662.481201;889.799133;103.737206;;;;;;;664.792053;1000.589050;136.653671;;;;;;;;;;;;;630.523743;1219.938477;135.901947
274;649.615967;1228.141235;294.305420;686.424744;901.035828;111.989021;;;;;;;662.440369;889.630859;103.748985;;;;;;;664.669006;1000.508362;136.763779;;;;;;;;;;;;;630.471069;1219.980225;135.896500
275;649.612793;1228.189941;294.195465;686.369446;900.917236;111.788734;;;;;;;662.400513;889.571167;103.793739;;;;;;;664.656982;1000.364929;136.898071;;;;;;;;;;;;;630.489868;1219.907715;135.967667
276;649.566406;1228.186890;294.189209;686.374084;900.957886;111.769867;;;;;;;662.458618;889.477295;103.763565;;;;;;;664.636719;1000.259583;137.093109;;;;;;;;;;;;;630.478943;1220.006714;135.820343
277;649.560791;1228.192261;294.245636;686.389038;900.923767;111.654526;;;;;;;662.556763;889.424561;103.675095;;;;;;;664.541443;1000.133362;137.275208;;;;;;;;;;;;;630.395081;1219.932495;135.837296
278;649.563721;1228.142212;294.275116;686.438904;900.891663;111.708542;;;;;;;662.521973;889.311768;103.630638;;;;;;;664.449524;1000.054260;137.339890;;;;;;;;;;;;;630.267639;1219.897827;135.924393
279;649.502991;1228.167725;294.251984;686.409973;900.882751;111.648178;;;;;;;662.520020;889.219360;103.530769;;;;;;;664.314026;999.987549;137.510330;;;;;;;;;;;;;630.053101;1219.907471;135.798157
280;649.533936;1228.090210;294.207794;686.394287;900.788879;111.628113;;;;;;;662.913086;889.273804;103.195107;;;;;;;664.161377;999.896545;137.696960;;;;;;;;;;;;;630.133118;1219.862305;135.981522
281;649.530457;1228.083618;294.195038;686.405457;900.734558;111.636749;;;;;;;663.013550;889.212097;102.710419;;;;;;;663.886230;999.729004;137.827820;;;;;;;;;;;;;630.190735;1219.769287;135.991409
282;649.545532;1228.081665;294.197845;686.433838;900.664490;111.533066;;;;;;;663.088196;889.109253;102.436974;;;;;;;663.652893;999.651672;137.883102;;;;;;;;;;;;;630.246460;1219.628174;136.073380
283;649.463562;1228.065918;294.246674;686.392639;900.744751;111.558647;;;;;;;663.175110;888.957642;102.286453;;;;;;;663.188293;999.628784;138.054474;;;;;;;;;;;;;630.191589;1219.494507;136.279221
284;649.430115;1227.958496;294.265137;686.443359;900.684753;111.475731;;;;;;;663.237366;888.829529;102.269501;;;;;;;663.031067;999.456726;138.063385;;;;;;;;;;;;;630.136963;1219.458496;136.294067
285;649.396667;1227.945313;294.256134;686.517395;900.647095;111.476234;;;;;;;663.307739;888.808960;102.138626;;;;;;;662.822083;999.275513;138.135742;;;;;;;;;;;;;630.055481;1219.453491;136.387314
286;649.391479;1227.874146;294.206482;686.486511;900.608582;111.440285;;;;;;;663.298462;888.716980;101.987793;;;;;;;662.542969;999.150391;138.168488;;;;;;;;;;;;;629.978271;1219.445068;136.393738
287;649.379944;1227.856567;294.218719;686.438354;900.598267;111.428505;;;;;;;663.293091;888.745483;102.075188;;;;;;;662.308960;999.035339;138.133041;;;;;;;;;;;;;629.839233;1219.424683;136.454865
288;649.300354;1227.863892;294.226501;686.461243;900.615784;111.439041;;;;;;;663.317200;888.741699;102.087585;;;;;;;662.059387;998.941284;138.186951;;;;;;;;;;;;;629.860779;1219.431274;136.398727
289;649.303040;1227.864990;294.216400;686.422852;900.627686;111.390648;;;;;;;663.273193;888.653625;102.150818;;;;;;;661.750793;998.795959;138.375504;;;;;;;;;;;;;629.889038;1219.426392;136.316071
290;649.277527;1227.791138;294.177979;686.378784;900.623352;111.372635;;;;;;;663.305359;888.618591;101.989563;;;;;;;661.513794;998.836731;138.364456;;;;;;;;;;;;;629.791931;1219.407104;136.254318
291;649.187805;1227.777954;294.127045;686.371887;900.621277;111.374260;;;;;;;663.223816;888.564819;102.080460;;;;;;;661.358276;998.794922;138.272949;;;;;;;;;;;;;629.656677;1219.393433;136.224594
292;649.160583;1227.771118;294.180328;686.380798;900.624512;111.391029;;;;;;;663.269348;888.528870;101.980179;;;;;;;661.277039;998.722107;138.157562;;;;;;;;;;;;;629.584534;1219.364014;136.320694
293;649.125000;1227.745972;294.224976;686.389038;900.582458;111.398392;;;;;;;663.203430;888.533386;101.992020;;;;;;;661.275146;998.722412;138.165466;;;;;;;;;;;;;629.279419;1219.341675;136.425964
294;649.112549;1227.744629;294.205811;686.391724;900.571411;111.400551;;;;;;;663.234009;888.571594;102.002129;;;;;;;661.220398;998.737305;138.130325;;;;;;;;;;;;;629.214417;1219.325439;136.362076
295;648.992249;1227.727295;294.232849;686.390869;900.574036;111.399467;;;;;;;663.288879;888.565369;101.856224;;;;;;;661.180420;998.737122;138.085861;;;;;;;;;;;;;629.041199;1219.387939;136.386185
296;648.944275;1227.719849;294.265656;686.369507;900.611328;111.356346;;;;;;;663.211914;888.503357;101.830238;;;;;;;661.157043;998.635010;138.046371;;;;;;;;;;;;;628.817871;1219.391479;136.424164
297;648.920349;1227.691772;294.326599;686.352478;900.671936;111.384720;;;;;;;663.241516;888.469116;101.854927;;;;;;;661.080566;998.702637;138.026077;;;;;;;;;;;;;628.639465;1219.358643;136.353241
298;648.821289;1227.693970;294.319458;686.379150;900.596375;111.395378;;;;;;;663.210999;888.484619;101.919334;;;;;;;661.080872;998.642212;137.977554;;;;;;;;;;;;;628.521057;1219.339233;136.347946
299;648.836304;1227.704346;294.309418;686.389099;900.564331;111.388252;;;;;;;663.144104;888.445435;101.926735;;;;;;;661.014099;998.651978;137.974792;;;;;;;;;;;;;628.482117;1219.329224;136.296692
300;648.790894;1227.707275;294.303528;686.311035;900.581665;111.338364;;;;;;;663.086670;888.446594;101.940529;;;;;;;660.928711;998.737488;137.947678;;;;;;;;;;;;;628.347839;1219.403198;136.313416
301;648.757507;1227.688721;294.327789;686.322998;900.604187;111.464714;;;;;;;663.174988;888.480835;101.941078;;;;;;;660.821777;998.684814;137.912811;;;;;;;;;;;;;628.246277;1219.400513;136.387756
302;648.669800;1227.654663;294.415039;686.319153;900.604065;111.520157;;;;;;;663.063660;888.461426;101.890472;;;;;;;660.810974;998.766113;137.907379;;;;;;;;;;;;;628.187500;1219.361206;136.410034
303;648.648010;1227.672974;294.344269;686.296692;900.614624;111.476776;;;;;;;663.155212;888.466309;101.907776;;;;;;;660.752563;998.798279;137.877060;;;;;;;;;;;;;628.073792;1219.356445;136.445251
304;648.547729;1227.745361;294.383850;686.548340;900.850952;111.755280;;;;;;;663.170532;888.500183;101.853012;;;;;;;660.676819;998.854492;137.848984;;;;;;;;;;;;;627.986267;1219.366211;136.427322
305;648.502563;1227.755737;294.422241;686.282715;900.669434;111.516541;;;;;;;663.017883;888.441040;101.846634;;;;;;;660.735352;998.791382;137.688660;;;;;;;;;;;;;628.029480;1219.376831;136.347534
306;648.513489;1227.673340;294.513916;686.338196;900.638000;111.584877;;;;;;;663.086487;888.494934;101.843582;;;;;;;660.716187;998.802917;137.606354;;;;;;;;;;;;;628.025574;1219.464600;136.349472
307;648.416687;1227.718628;294.435364;686.248718;900.646423;111.487686;;;;;;;663.087463;888.476440;101.835716;;;;;;;660.597900;998.863953;137.623886;;;;;;;;;;;;;627.905273;1219.471313;136.359940
308;648.405334;1227.745239;294.387360;686.339844;900.707825;111.586632;;;;;;;663.040588;888.436584;101.815422;;;;;;;660.513611;998.923096;137.647461;;;;;;;;;;;;;627.867493;1219.446533;136.412094
309;648.347900;1227.711060;294.462708;686.199524;900.682922;111.563744;;;;;;;663.066650;888.571655;101.857651;;;;;;;660.482666;998.889343;137.530228;;;;;;;;;;;;;627.781799;1219.524170;136.433228
310;648.330933;1227.698608;294.423157;686.104980;900.739868;111.602394;;;;;;;662.978760;888.574158;101.831100;;;;;;;660.491821;998.912659;137.498871;;;;;;;;;;;;;627.759277;1219.543579;136.438339
311;648.296021;1227.708008;294.458801;686.119873;900.693420;111.589470;;;;;;;662.892334;888.855774;101.873268;;;;;;;660.456970;999.026611;137.473877;;;;;;;;;;;;;627.636963;1219.526489;136.436325
312;648.307800;1227.682251;294.453583;686.137268;900.736267;111.650993;;;;;;;662.912964;888.646423;101.841286;;;;;;;660.448975;999.043457;137.472580;;;;;;;;;;;;;627.630005;1219.536255;136.437454
313;648.196838;1227.681885;294.469604;686.161926;900.749451;111.628677;;;;;;;662.979065;888.552368;101.819756;;;;;;;660.386169;999.038330;137.378876;;;;;;;;;;;;;627.618774;1219.523804;136.445236
314;648.214539;1227.677246;294.428589;686.274231;900.796021;111.748329;;;;;;;662.993347;888.622803;101.868134;;;;;;;660.511108;999.186218;137.457993;;;;;;;;;;;;;627.574463;1219.629395;136.476486
315;648.248474;1227.677734;294.401855;686.146240;900.817871;111.643379;;;;;;;662.972900;888.864441;101.917198;;;;;;;660.458252;999.218567;137.429245;;;;;;;;;;;;;627.486816;1219.647461;136.445251
316;648.154968;1227.661865;294.451447;686.108826;900.797852;111.600624;;;;;;;663.011292;888.678467;101.766273;;;;;;;660.413635;999.207581;137.372055;;;;;;;;;;;;;627.479248;1219.646973;136.424271
317;648.122009;1227.655640;294.480591;686.094727;900.814026;111.557304;;;;;;;663.044556;888.636780;101.774261;;;;;;;660.423706;999.217285;137.345535;;;;;;;;;;;;;627.456970;1219.649414;136.369995
318;648.139160;1227.652832;294.472504;686.151245;900.871155;111.624916;;;;;;;663.118896;888.680237;101.802124;;;;;;;660.455688;999.281128;137.358917;;;;;;;;;;;;;627.433167;1219.648071;136.368210
319;648.105408;1227.668701;294.406403;686.169739;900.876282;111.651237;;;;;;;663.090698;888.667114;101.785477;;;;;;;660.464478;999.291016;137.337723;;;;;;;;;;;;;627.445129;1219.647827;136.366577
320;648.097656;1227.685547;294.372772;686.163513;900.917419;111.648369;;;;;;;663.067505;888.644714;101.786629;;;;;;;660.496338;999.334045;137.348984;;;;;;;;;;;;;627.418579;1219.652344;136.409302
321;648.099976;1227.687378;294.371460;686.151794;900.918945;111.603188;;;;;;;663.027893;888.662048;101.782738;;;;;;;660.487061;999.345703;137.326462;;;;;;;;;;;;;627.432861;1219.744995;136.451706
322;648.087708;1227.760742;294.412109;686.152893;900.871277;111.592430;;;;;;;663.139465;888.695740;101.791466;;;;;;;660.505737;999.338074;137.295639;;;;;;;;;;;;;627.460205;1219.766235;136.436508
323;648.155579;1227.647217;294.428284;686.156006;900.919800;111.665863;;;;;;;663.097961;888.715332;101.849678;;;;;;;660.536804;999.340332;137.352036;;;;;;;;;;;;;627.495422;1219.748535;136.431900
324;648.120117;1227.671143;294.374634;686.153076;900.917908;111.616959;;;;;;;663.086182;888.727600;101.807861;;;;;;;660.596008;999.335632;137.164780;;;;;;;;;;;;;627.529114;1219.744751;136.415344
325;648.087097;1227.769531;294.394348;686.156372;900.924194;111.630623;;;;;;;663.162231;888.692749;101.720856;;;;;;;660.692993;999.432007;137.317596;;;;;;;;;;;;;627.466187;1219.756714;136.423859
326;648.047119;1227.707397;294.340729;686.158447;900.923950;111.641907;;;;;;;663.151611;888.712830;101.864082;;;;;;;660.787231;999.474670;137.276978;;;;;;;;;;;;;627.484863;1219.747559;136.444656
327;648.018188;1227.663452;294.331573;686.158752;900.923035;111.643410;;;;;;;663.157227;888.680420;101.910118;;;;;;;660.684692;999.449036;137.345016;;;;;;;;;;;;;627.450500;1219.755005;136.443436
328;648.030701;1227.686401;294.340027;686.152527;900.914917;111.603951;;;;;;;663.227356;888.662964;101.852005;;;;;;;660.508301;999.357971;137.305222;;;;;;;;;;;;;627.537109;1219.781006;136.385803
329;648.055115;1227.690186;294.315643;686.183777;900.933167;111.627731;;;;;;;663.131958;888.651550;101.769188;;;;;;;660.607361;999.341858;137.139938;;;;;;;;;;;;;627.592957;1219.781860;136.306015
330;648.046875;1227.686279;294.341064;686.193787;900.935181;111.640701;;;;;;;663.212585;888.675781;101.844398;;;;;;;660.720520;999.342651;137.159592;;;;;;;;;;;;;627.612244;1219.688110;136.322937
331;648.088989;1227.683594;294.289459;686.164551;900.923889;111.643723;;;;;;;663.172852;888.638245;101.833900;;;;;;;660.726196;999.338318;137.166901;;;;;;;;;;;;;627.691162;1219.665161;136.357254
332;648.072815;1227.697266;294.282562;686.176880;900.924011;111.601578;;;;;;;663.114258;888.962524;101.966202;;;;;;;660.719177;999.343079;137.183807;;;;;;;;;;;;;627.706482;1219.673340;136.365784
333;648.075012;1227.687866;294.297241;686.155579;900.916687;111.591545;;;;;;;663.205933;888.746521;101.890663;;;;;;;660.761597;999.336426;137.114990;;;;;;;;;;;;;627.715332;1219.669312;136.326340
334;648.084961;1227.685303;294.285767;686.208862;900.863464;111.680000;;;;;;;663.225586;888.664307;101.840866;;;;;;;660.774536;999.334839;137.093979;;;;;;;;;;;;;627.751892;1219.688599;136.297958
335;648.113159;1227.602539;294.249939;686.169678;900.898315;111.626152;;;;;;;663.245056;888.661377;101.822472;;;;;;;660.805664;999.346924;137.085754;;;;;;;;;;;;;627.837952;1219.687866;136.319565
336;648.125366;1227.587158;294.222473;686.147583;900.918213;111.592529;;;;;;;663.222656;888.679382;101.828651;;;;;;;660.810730;999.348877;137.085312;;;;;;;;;;;;;627.874878;1219.687134;136.311935
337;648.138123;1227.599854;294.225342;686.206970;900.867310;111.675835;;;;;;;663.223816;888.669800;101.773613;;;;;;;660.822205;999.344055;137.069000;;;;;;;;;;;;;627.882935;1219.696045;136.275345
338;648.154480;1227.599365;294.220093;686.244019;900.843811;111.658745;;;;;;;663.174194;888.697937;101.873184;;;;;;;660.870911;999.382996;137.016022;;;;;;;;;;;;;627.885559;1219.694336;136.371185
339;648.223145;1227.546509;294.240875;686.231140;900.845093;111.670181;;;;;;;663.196838;888.680359;101.861229;;;;;;;660.884766;999.426392;137.007187;;;;;;;;;;;;;627.842957;1219.706299;136.363998
340;648.155823;1227.508545;294.182312;686.140991;900.843445;111.576225;;;;;;;663.242249;888.671875;101.833076;;;;;;;660.970337;999.396790;136.972626;;;;;;;;;;;;;627.956238;1219.704956;136.308426
341;648.101257;1227.500610;294.125397;686.182983;900.905518;111.590378;;;;;;;663.242737;888.677734;101.853157;;;;;;;660.988098;999.388367;136.962219;;;;;;;;;;;;;627.963562;1219.748291;136.207718
342;648.099426;1227.502930;294.119873;686.261658;900.858643;111.558502;;;;;;;663.162720;888.701416;101.929947;;;;;;;660.979370;999.455872;136.980484;;;;;;;;;;;;;628.040771;1219.764771;136.203934
343;648.236633;1227.371826;294.120117;686.280151;900.900391;111.527420;;;;;;;663.120239;888.643860;101.919579;;;;;;;661.042053;999.486450;136.961548;;;;;;;;;;;;;628.056824;1219.763428;136.210968
344;648.168457;1227.399170;294.104462;686.249878;900.811646;111.635849;;;;;;;663.094482;888.961243;102.011307;;;;;;;661.032898;999.465027;136.923065;;;;;;;;;;;;;628.091492;1219.760376;136.240814
345;648.173706;1227.419434;294.071136;686.222778;900.882080;111.616615;;;;;;;663.181946;888.753662;101.898758;;;;;;;661.080383;999.449219;136.964920;;;;;;;;;;;;;628.067505;1219.761353;136.216995
346;648.166260;1227.445435;293.984924;686.287537;900.870483;111.627350;;;;;;;663.239502;888.662720;101.855034;;;;;;;661.173950;999.497986;136.928162;;;;;;;;;;;;;628.089722;1219.793579;136.153259
347;648.179932;1227.356934;294.017670;686.228638;900.899292;111.619240;;;;;;;663.160645;888.952454;101.953209;;;;;;;661.185120;999.514160;136.865616;;;;;;;;;;;;;628.231873;1219.799683;136.051514
348;648.191772;1227.342896;293.944489;686.255615;900.914368;111.534653;;;;;;;663.189697;888.825012;101.878639;;;;;;;661.196045;999.514893;136.856522;;;;;;;;;;;;;628.255920;1219.811401;135.982666
349;648.214294;1227.320190;294.006348;686.229736;900.855286;111.607765;;;;;;;663.053345;889.006653;101.915924;;;;;;;661.237305;999.510864;136.804382;;;;;;;;;;;;;628.239441;1219.809570;136.054901
350;648.201111;1227.259399;293.894531;686.218323;900.892334;111.604866;;;;;;;663.170288;888.819397;101.870850;;;;;;;661.309265;999.508850;136.832642;;;;;;;;;;;;;628.264404;1219.799927;136.146667
351;648.187744;1227.246094;293.905731;686.312378;900.869568;111.706390;;;;;;;663.137329;889.037659;101.950142;;;;;;;661.377930;999.495544;136.879013;;;;;;;;;;;;;628.228699;1219.805908;136.114639
352;648.178955;1227.256836;293.871185;686.265503;900.886536;111.572586;;;;;;;663.134521;888.788513;101.890907;;;;;;;661.383423;999.533020;136.904221;;;;;;;;;;;;;628.297607;1219.790649;136.084991
353;648.169495;1227.261963;293.866882;686.221130;900.924683;111.635956;;;;;;;663.186218;888.999695;101.996651;;;;;;;661.345947;999.609558;136.907837;;;;;;;;;;;;;628.257019;1219.804565;136.069321
354;648.226624;1227.251221;293.871429;686.249268;900.917175;111.566345;;;;;;;663.181763;888.800171;102.061401;;;;;;;661.337158;999.630798;136.869980;;;;;;;;;;;;;628.313904;1219.833618;136.068573
355;648.163269;1227.240356;293.861755;686.248230;900.865112;111.628128;;;;;;;663.226624;888.725891;101.985451;;;;;;;661.380188;999.639954;136.845291;;;;;;;;;;;;;628.367249;1219.827271;136.076416
356;648.212708;1227.235718;293.672729;686.222717;900.899536;111.637764;;;;;;;663.249695;888.741760;101.942352;;;;;;;661.494568;999.626831;136.831802;;;;;;;;;;;;;628.373962;1219.822388;136.075729
357;648.244080;1227.173828;293.757446;686.184875;900.905334;111.629356;;;;;;;663.188599;888.745667;102.036835;;;;;;;661.517822;999.659119;136.833084;;;;;;;;;;;;;628.448547;1219.755981;136.003281
358;648.285339;1227.223022;293.679932;686.209900;900.871033;111.624908;;;;;;;663.221436;888.744690;101.983009;;;;;;;661.595032;999.674316;136.765457;;;;;;;;;;;;;628.458374;1219.827148;136.033157
359;648.303223;1227.239746;293.646301;686.187256;900.937439;111.626434;;;;;;;663.215515;888.744995;102.020706;;;;;;;661.669800;999.664307;136.792877;;;;;;;;;;;;;628.493286;1219.753296;136.045914
360;648.310852;1227.092407;293.750000;686.254883;900.910339;111.666069;;;;;;;663.186096;888.785217;102.050232;;;;;;;661.665222;999.715393;136.860764;;;;;;;;;;;;;628.503601;1219.727661;136.040009
361;648.278748;1227.130615;293.657928;686.301575;900.843567;111.631432;;;;;;;663.165771;888.797852;102.007225;;;;;;;661.748657;999.728027;136.912186;;;;;;;;;;;;;628.578430;1219.751343;135.991241
362;648.285706;1227.152100;293.624115;686.318359;900.889038;111.712326;;;;;;;663.258301;888.751709;102.058716;;;;;;;661.766968;999.725586;136.912567;;;;;;;;;;;;;628.547546;1219.739258;135.998642
363;648.405701;1227.100098;293.603607;686.541321;900.910278;111.847183;;;;;;;663.234741;888.713074;102.176399;;;;;;;661.797668;999.682678;136.965149;;;;;;;;;;;;;628.596741;1219.743286;135.943100
364;648.269470;1226.965942;293.707764;686.444153;900.831421;111.722038;;;;;;;663.276123;888.736389;102.103859;;;;;;;661.733459;999.679871;137.002960;;;;;;;;;;;;;628.611084;1219.756226;135.950775
365;648.218567;1226.944824;293.756775;686.381348;900.826721;111.660294;;;;;;;663.131531;889.051697;102.413933;;;;;;;661.842957;999.593018;137.131256;;;;;;;;;;;;;628.713806;1219.771973;135.970398
366;648.246399;1226.946777;293.787323;686.382080;900.856873;111.801559;;;;;;;663.121948;888.802490;102.365173;;;;;;;661.870178;999.578979;137.153625;;;;;;;;;;;;;628.756592;1219.774536;135.953751
367;648.248047;1226.872681;293.758606;686.394104;900.935547;111.728180;;;;;;;663.216614;888.746521;102.328102;;;;;;;661.863586;999.559387;137.246979;;;;;;;;;;;;;628.743103;1219.772583;135.952072
368;648.294922;1226.856201;293.714355;686.347290;900.851257;111.746704;;;;;;;663.125610;888.761108;102.409111;;;;;;;661.895874;999.548523;137.330048;;;;;;;;;;;;;628.821899;1219.718018;135.945068
369;648.374939;1226.880371;293.675690;686.384460;900.762878;111.737411;;;;;;;663.145081;888.733459;102.378616;;;;;;;661.938416;999.553223;137.363632;;;;;;;;;;;;;628.864014;1219.706421;135.922333
370;648.386169;1226.802979;293.654083;686.403931;900.794922;111.809921;;;;;;;663.225647;888.750549;102.327950;;;;;;;661.964355;999.516296;137.485413;;;;;;;;;;;;;628.882629;1219.718018;135.963440
371;648.391724;1226.784424;293.651642;686.404907;900.809143;111.830673;;;;;;;663.156128;888.754517;102.365875;;;;;;;661.960144;999.510254;137.512054;;;;;;;;;;;;;628.938110;1219.716064;136.038788
372;648.370056;1226.772217;293.681519;686.376221;900.759277;111.828125;;;;;;;663.092468;888.733459;102.399353;;;;;;;661.988159;999.506714;137.633087;;;;;;;;;;;;;628.968018;1219.743896;135.971481
373;648.377869;1226.681885;293.669983;686.364929;900.787842;111.823936;;;;;;;663.144348;888.711548;102.491051;;;;;;;662.050659;999.484375;137.739685;;;;;;;;;;;;;628.961121;1219.720947;136.011078
374;648.503418;1226.598755;293.630981;686.326477;900.793884;111.775032;;;;;;;663.194946;888.690369;102.464165;;;;;;;662.111633;999.495850;137.761627;;;;;;;;;;;;;629.074402;1219.655273;135.986938
375;648.498840;1226.570923;293.642029;686.402832;900.748230;111.848564;;;;;;;663.172546;888.708435;102.484947;;;;;;;662.144165;999.377869;137.795013;;;;;;;;;;;;;629.153503;1219.670776;135.931534
376;648.470947;1226.548340;293.650513;686.394897;900.701172;111.845787;;;;;;;663.060974;888.685669;102.443291;;;;;;;662.161072;999.348938;137.901337;;;;;;;;;;;;;629.137939;1219.694092;135.955292
377;648.463379;1226.466431;293.637329;686.389160;900.617126;111.838531;;;;;;;663.094360;888.583923;102.490685;;;;;;;662.188477;999.253296;137.929550;;;;;;;;;;;;;629.148438;1219.582886;135.991318
378;648.541138;1226.474976;293.631653;686.428711;900.609741;111.884880;;;;;;;663.117554;888.567566;102.460991;;;;;;;662.283691;999.243774;137.956726;;;;;;;;;;;;;629.266174;1219.538330;136.039108
379;648.573181;1226.386597;293.649292;686.436890;900.564880;111.860886;;;;;;;663.100586;888.522339;102.484001;;;;;;;662.297424;999.251099;138.045410;;;;;;;;;;;;;629.311157;1219.536743;136.024597
380;648.564941;1226.362305;293.620789;686.405823;900.621399;111.835831;;;;;;;663.147827;888.451294;102.512749;;;;;;;662.333496;999.135437;138.132980;;;;;;;;;;;;;629.328186;1219.459106;135.984589
381;648.580444;1226.355347;293.650879;686.394958;900.599060;111.793892;;;;;;;663.156921;888.380676;102.501701;;;;;;;662.362915;999.029236;138.181915;;;;;;;;;;;;;629.328857;1219.364502;135.956787
382;648.585388;1226.275513;293.609436;686.396912;900.587769;111.787239;;;;;;;663.162354;888.262268;102.377701;;;;;;;662.444031;998.904236;138.197113;;;;;;;;;;;;;629.347839;1219.349487;135.966888
383;648.592468;1226.184082;293.555145;686.438599;900.462769;111.799545;;;;;;;663.225891;888.246216;102.326973;;;;;;;662.463867;998.832947;138.194534;;;;;;;;;;;;;629.431641;1219.262329;135.971466
384;648.558899;1226.136841;293.605927;686.539307;900.429626;111.748207;;;;;;;663.361694;888.184448;102.265594;;;;;;;662.538208;998.728333;138.258133;;;;;;;;;;;;;629.515930;1219.136108;136.020004
385;648.570984;1226.059326;293.575714;686.522095;900.448303;111.684769;;;;;;;663.342224;888.015442;102.180679;;;;;;;662.513916;998.575073;138.301682;;;;;;;;;;;;;629.502991;1219.031616;135.956985
386;648.583679;1226.014771;293.630219;686.526917;900.453674;111.637581;;;;;;;663.328674;888.026489;102.171257;;;;;;;662.560364;998.484802;138.340347;;;;;;;;;;;;;629.460815;1218.997681;135.957901
387;648.598755;1225.942627;293.680603;686.621765;900.351746;111.590881;;;;;;;663.458496;888.009644;102.231621;;;;;;;662.322693;998.325867;138.542252;;;;;;;;;;;;;629.407776;1218.895142;135.978561
388;648.568909;1225.923950;293.653687;686.683899;900.260681;111.240532;;;;;;;663.493408;887.843811;102.181694;;;;;;;662.258240;998.210876;138.596817;;;;;;;;;;;;;629.454956;1218.798584;136.071365
389;648.585815;1225.825684;293.645538;686.606018;900.305847;111.419426;;;;;;;663.526062;887.709045;102.142288;;;;;;;662.274414;998.104736;138.559982;;;;;;;;;;;;;629.508972;1218.694702;136.024734
390;648.597839;1225.688354;293.746002;686.673340;900.197571;111.604675;;;;;;;663.515564;887.568420;102.050407;;;;;;;662.467407;998.125000;138.290665;;;;;;;;;;;;;629.484070;1218.582642;135.950500
391;648.599182;1225.596069;293.652008;686.727844;900.116028;111.657860;;;;;;;663.573853;887.590515;102.044853;;;;;;;662.526611;998.071716;138.206909;;;;;;;;;;;;;629.491638;1218.455811;135.988892
392;648.552368;1225.453491;293.737000;686.772888;900.004028;111.554489;;;;;;;663.669128;887.475891;101.937050;;;;;;;662.542419;997.982178;138.350937;;;;;;;;;;;;;629.386353;1218.348633;136.080688
393;648.552490;1225.363770;293.696259;686.760254;899.845459;111.514740;;;;;;;663.770447;887.350403;101.934143;;;;;;;662.574524;997.873108;138.330002;;;;;;;;;;;;;629.348022;1218.242798;136.037140
394;648.530090;1225.269775;293.627472;686.736206;899.803772;111.467438;;;;;;;663.765991;887.384888;101.926781;;;;;;;662.587036;997.764832;138.290863;;;;;;;;;;;;;629.318481;1218.137207;136.006516
395;648.525879;1225.181030;293.602356;686.813904;899.748474;111.376869;;;;;;;663.731018;887.251282;101.869133;;;;;;;662.580139;997.715088;138.283203;;;;;;;;;;;;;629.203430;1217.998047;135.989258
396;648.711060;1225.027832;293.573059;686.885803;899.666992;111.286980;;;;;;;663.712097;887.121643;101.868286;;;;;;;662.587219;997.658630;138.272217;;;;;;;;;;;;;629.251587;1217.887695;135.982147
397;648.487305;1224.920044;293.662354;686.950073;899.470886;111.330879;;;;;;;663.743164;887.013855;101.834991;;;;;;;662.561279;997.552063;138.239044;;;;;;;;;;;;;628.993286;1217.836182;135.686371
398;648.686462;1224.853149;293.697998;686.967712;899.352417;111.373268;;;;;;;663.751953;886.989258;101.828926;;;;;;;662.530029;997.485596;138.204071;;;;;;;;;;;;;629.108154;1217.751465;135.994583
399;648.513672;1224.796875;293.716156;686.969482;899.244141;111.391869;;;;;;;663.779968;886.900330;101.852699;;;;;;;662.510620;997.422424;138.229980;;;;;;;;;;;;;628.889832;1217.690674;135.812378
400;648.634460;1224.667725;293.692291;686.997803;899.205750;111.328705;;;;;;;663.754333;886.876831;101.804634;;;;;;;662.491028;997.388306;138.241760;;;;;;;;;;;;;629.008301;1217.646851;135.997116
401;648.450439;1224.604492;293.675507;687.041565;899.349854;111.219788;;;;;;;663.791260;886.767029;101.741760;;;;;;;662.511719;997.264221;138.299927;;;;;;;;;;;;;629.015137;1217.506836;136.084869
402;648.417603;1224.486450;293.690857;686.955078;899.079346;111.352669;;;;;;;663.807129;886.715942;101.779060;;;;;;;662.519653;997.173706;138.319305;;;;;;;;;;;;;628.860901;1217.391724;136.166199
403;648.439209;1224.469238;293.685577;686.947510;898.986755;111.428192;;;;;;;663.831360;886.718628;101.754501;;;;;;;662.553650;997.146179;138.383469;;;;;;;;;;;;;628.774170;1217.314209;136.343048
404;648.480225;1224.373779;293.681976;686.936401;898.878967;111.414848;;;;;;;663.827759;886.717529;101.766502;;;;;;;662.500244;997.120850;138.445679;;;;;;;;;;;;;628.998901;1217.210815;136.271469
405;648.431946;1224.140015;293.903687;686.960205;898.809937;111.437912;;;;;;;663.745239;886.665039;101.808937;;;;;;;662.547668;996.988708;138.521439;;;;;;;;;;;;;629.038513;1217.179932;136.207138
406;648.427063;1224.130371;293.731995;686.898743;898.790833;111.510010;;;;;;;663.712036;886.679016;101.792419;;;;;;;662.507629;996.961914;138.620056;;;;;;;;;;;;;628.652832;1216.997314;136.093567
407;648.422791;1223.975220;293.813416;686.833984;898.751526;111.611732;;;;;;;663.735413;886.701355;101.875114;;;;;;;662.554993;996.942017;138.716431;;;;;;;;;;;;;628.610840;1216.986450;136.496002
408;648.382629;1223.752930;294.031616;686.845703;898.691406;111.744896;;;;;;;663.803650;886.662476;101.852806;;;;;;;662.491882;996.873352;138.936890;;;;;;;;;;;;;628.673706;1216.984619;136.651917
409;648.300049;1223.596558;294.144836;686.648621;898.472717;111.600914;;;;;;;663.730164;886.758545;101.965050;;;;;;;662.375305;996.752869;139.235657;;;;;;;;;;;;;628.679810;1216.883545;136.659058
410;648.333984;1223.501221;294.184021;686.694397;898.492615;112.120125;;;;;;;663.638000;886.718445;102.038437;;;;;;;662.395325;996.730530;139.419495;;;;;;;;;;;;;628.650085;1216.814331;136.772369
411;648.385620;1223.496582;293.982788;686.817139;898.459595;112.648079;;;;;;;663.567810;886.725647;102.123573;;;;;;;662.447571;996.656738;139.551849;;;;;;;;;;;;;628.655640;1216.723877;136.775894
412;648.354553;1223.267212;294.180817;686.862488;898.349243;113.043030;;;;;;;663.578796;886.747009;102.270210;;;;;;;662.513611;996.587463;139.814835;;;;;;;;;;;;;628.590454;1216.569092;136.877182
413;648.288391;1223.036865;294.316803;686.862000;898.293640;113.414017;;;;;;;663.431152;886.574524;102.821266;;;;;;;662.586609;996.549255;140.015747;;;;;;;;;;;;;628.559692;1216.510498;136.948746
414;648.334961;1223.034790;293.972198;686.916687;898.332886;113.782196;;;;;;;663.455444;886.522888;103.893570;;;;;;;662.578613;996.604248;140.260345;;;;;;;;;;;;;628.484741;1216.475220;137.063217
415;648.325012;1222.965942;293.996704;687.105896;898.338257;114.363899;;;;;;;663.661072;886.420959;104.925575;;;;;;;662.491638;996.628601;140.459946;;;;;;;;;;;;;628.468079;1216.349731;137.171875
416;648.201904;1222.687866;294.326538;687.243408;898.236206;114.887215;;;;;;;663.824646;886.423950;105.432373;;;;;;;662.537720;996.593201;140.819092;;;;;;;;;;;;;628.542664;1216.177002;137.332047
417;648.152405;1222.545410;294.360901;687.496094;898.073608;115.409515;;;;;;;663.479492;886.569458;106.221046;;;;;;;662.779785;996.754089;141.808243;;;;;;;;;;;;;628.459351;1216.100342;137.503632
418;648.119507;1222.421997;294.380920;687.744934;898.015137;116.136215;;;;;;;663.424377;886.583496;106.739784;;;;;;;663.133667;996.645569;142.591690;;;;;;;;;;;;;628.512756;1215.942871;137.747589
419;648.042664;1222.223145;294.247650;687.694763;898.044189;116.664810;;;;;;;663.648376;886.607178;107.106285;;;;;;;663.367188;996.468384;143.549652;;;;;;;;;;;;;628.547363;1215.763794;137.892517
420;648.066956;1222.012573;294.273315;687.786560;897.962646;117.849915;;;;;;;664.124817;886.810608;107.700966;;;;;;;663.591614;996.424683;144.531357;;;;;;;;;;;;;628.526428;1215.701172;138.040497
421;648.029846;1221.806030;294.192047;688.352905;897.752502;119.481018;;;;;;;665.000671;886.683716;109.216187;;;;;;;663.424988;996.399841;145.400009;;;;;;;;;;;;;628.532654;1215.565918;138.108429
422;648.004944;1221.569336;294.128693;689.048279;897.567627;121.066216;;;;;;;665.090759;886.505554;110.785202;;;;;;;663.716797;996.274048;146.358093;;;;;;;;;;;;;628.724609;1215.521484;138.247513
423;647.784363;1221.326660;294.284668;689.119812;897.793030;122.444954;;;;;;;664.671936;886.615417;112.672394;;;;;;;664.337219;996.325073;147.924545;;;;;;;;;;;;;628.818542;1215.439209;138.305115
424;647.953430;1221.094116;294.245331;689.759827;897.542053;124.134377;;;;;;;665.355103;886.520752;114.989853;;;;;;;664.597412;996.315308;149.400604;;;;;;;;;;;;;628.902954;1215.261841;138.489288
425;647.871277;1220.980225;294.186798;689.526489;897.584656;126.745628;;;;;;;665.742737;886.067871;116.354019;;;;;;;664.670471;996.348572;150.600769;;;;;;;;;;;;;628.940308;1215.083252;138.737930
426;647.835449;1220.749634;294.107544;690.044434;897.519714;128.907928;;;;;;;666.020203;886.345764;119.648415;;;;;;;664.933899;996.252136;152.490829;;;;;;;;;;;;;629.019165;1214.986816;139.021851
427;647.673218;1220.527466;294.155273;690.097717;897.284851;131.465561;;;;;;;666.008972;885.955750;122.096916;;;;;;;665.487183;996.390076;154.408310;;;;;;;;;;;;;629.034058;1214.705688;139.316864
428;647.721008;1220.281250;294.129150;690.384094;897.039490;134.077805;;;;;;;666.861755;885.526733;124.271606;;;;;;;665.697937;996.539917;155.832321;;;;;;;;;;;;;629.090576;1214.417114;139.762802
429;647.656250;1220.093994;294.022980;691.131836;896.984070;136.541107;;;;;;;666.634155;885.552979;127.549591;;;;;;;666.259888;996.439880;158.019684;;;;;;;;;;;;;629.062256;1214.176147;140.180389
430;647.591553;1219.944336;294.077057;691.272522;896.782166;139.857819;;;;;;;667.406006;885.078430;130.084290;;;;;;;666.496094;996.410706;160.176468;;;;;;;;;;;;;629.036621;1213.817261;140.469666
431;647.457825;1219.708618;294.190765;692.309692;896.313599;142.875381;;;;;;;667.226440;884.916626;133.857803;;;;;;;667.086304;996.466248;162.219696;;;;;;;;;;;;;628.936218;1213.524414;140.674393
432;647.543823;1219.435425;294.203705;692.325134;896.055054;146.432724;;;;;;;667.887939;884.386841;136.374664;;;;;;;667.337097;996.313293;164.297318;;;;;;;;;;;;;628.773376;1213.180664;141.017014
433;647.399292;1219.198364;294.275513;692.919495;895.831177;148.760117;;;;;;;668.334412;884.245422;139.867737;;;;;;;667.877625;996.182007;166.735275;;;;;;;;;;;;;628.743469;1212.682617;141.287125
434;647.251343;1218.893066;294.565216;693.296021;895.272034;152.423050;;;;;;;669.218201;883.570740;142.387115;;;;;;;668.616089;996.079163;168.729858;;;;;;;;;;;;;628.867371;1212.235596;141.312485
435;647.242615;1218.634277;294.667877;694.208679;894.802612;155.786911;;;;;;;669.487122;883.331909;146.095093;;;;;;;669.102051;995.964600;171.236435;;;;;;;;;;;;;628.995178;1211.811890;141.252716
436;647.186218;1218.411499;294.653015;694.535706;894.394714;159.358032;;;;;;;670.252747;882.760437;149.461014;;;;;;;669.437866;995.695984;173.778763;;;;;;;;;;;;;629.319824;1211.302734;141.526184
437;647.226746;1218.086548;294.670685;694.969849;894.099854;161.806427;;;;;;;670.952637;882.144104;152.438538;;;;;;;670.376953;995.489319;175.950134;;;;;;;;;;;;;629.372559;1210.723511;141.998062
438;647.222046;1217.682373;294.542633;695.518127;893.507568;165.251892;;;;;;;671.668457;882.058044;156.021240;;;;;;;670.893677;995.141479;178.011261;;;;;;;;;;;;;629.286438;1209.901978;142.527222
439;647.176941;1217.322266;294.525726;696.653992;892.948608;168.665756;;;;;;;672.100769;881.239502;158.701157;;;;;;;671.347534;994.641357;180.851349;;;;;;;;;;;;;629.178406;1208.682861;143.411896
440;647.215820;1216.895752;294.492828;697.244019;892.460876;171.119461;;;;;;;672.602600;880.718384;162.575897;;;;;;;672.543396;994.111328;182.834198;;;;;;;;;;;;;629.358032;1207.609497;143.631149
441;647.280273;1216.486694;294.377319;697.293823;892.024902;173.592682;;;;;;;672.772217;880.041260;165.760178;;;;;;;673.589355;993.657471;184.915863;;;;;;;;;;;;;629.627441;1206.861328;143.634659
442;647.462463;1215.798340;294.219604;698.525635;891.323792;176.338120;;;;;;;673.509705;879.308838;168.558334;;;;;;;674.636353;992.989868;187.042252;;;;;;;;;;;;;629.866394;1205.955200;143.419113
443;647.435486;1215.210449;294.401764;698.903687;890.436340;179.519318;;;;;;;673.812317;878.487122;172.245132;;;;;;;675.449280;992.294128;189.537720;;;;;;;;;;;;;630.192505;1204.505249;143.422775
444;647.453674;1214.476074;294.497864;699.620483;889.354126;181.976257;;;;;;;674.813843;877.480103;174.924835;;;;;;;676.432983;991.463989;191.276337;;;;;;;;;;;;;630.268005;1203.173584;143.830780
445;647.412598;1213.760498;294.564453;700.593140;888.288940;184.357162;;;;;;;675.585938;876.248108;177.848572;;;;;;;677.912598;990.447266;193.367371;;;;;;;;;;;;;630.071045;1201.884277;144.225220
446;647.252869;1212.934082;294.768982;701.295959;887.174194;187.716812;;;;;;;676.461670;875.429565;180.726959;;;;;;;678.635742;989.654419;194.994049;;;;;;;;;;;;;629.925415;1200.083496;144.446808
447;647.382263;1211.908203;294.716309;702.340637;886.406372;190.407410;;;;;;;677.743286;874.275208;183.533096;;;;;;;679.614136;988.776733;197.196640;;;;;;;;;;;;;630.042847;1198.707642;144.579651
448;647.349792;1210.966187;294.693329;703.358154;885.528564;192.342422;;;;;;;678.421753;873.292969;186.352905;;;;;;;680.572144;987.703735;199.104767;;;;;;;;;;;;;630.199768;1196.918335;144.482925
449;647.064209;1209.838623;295.007629;704.405457;884.104126;195.462891;;;;;;;679.534851;872.008606;189.162582;;;;;;;681.237000;986.494141;200.873764;;;;;;;;;;;;;630.315186;1195.192017;144.764252
450;646.962646;1208.664307;295.124908;705.722839;882.341553;198.320160;;;;;;;681.076843;870.387756;191.478378;;;;;;;682.299072;984.947266;202.414154;;;;;;;;;;;;;630.271423;1193.210693;145.470490
451;646.904114;1207.491699;294.984436;706.894165;881.414856;200.125916;;;;;;;682.399048;868.976440;193.896576;;;;;;;683.236938;983.803284;203.972855;;;;;;;;;;;;;630.592285;1191.296875;145.139450
452;646.865540;1206.315796;294.435638;708.241516;880.319641;202.237625;;;;;;;683.404053;867.679077;196.637726;;;;;;;684.126648;982.556396;205.577194;;;;;;;;;;;;;631.138245;1189.168579;144.548706
453;647.043213;1204.911621;293.692566;709.992615;878.419800;205.431534;;;;;;;684.787537;866.000305;198.385880;;;;;;;684.864807;980.960632;207.158844;;;;;;;;;;;;;631.358948;1187.069946;144.466751
454;647.423523;1203.743408;293.002930;711.197449;876.692627;207.854477;;;;;;;686.408508;864.304260;200.435394;;;;;;;685.820251;979.298706;208.757950;;;;;;;;;;;;;631.245728;1184.588501;145.039124
455;647.667358;1202.161987;292.958374;712.062195;875.523499;208.888000;;;;;;;688.003418;862.335266;202.206711;;;;;;;686.427917;977.523315;210.390427;;;;;;;;;;;;;631.156189;1182.335449;145.172272
456;647.697144;1200.651245;293.033295;713.575256;873.740662;210.496475;;;;;;;689.296814;860.601318;203.740082;;;;;;;687.260559;975.438416;211.641800;;;;;;;;;;;;;631.326599;1180.407715;144.708618
457;647.614807;1199.059204;293.029846;715.343445;871.820679;212.380875;;;;;;;691.044617;858.381897;205.324127;;;;;;;688.199707;973.630554;212.861221;;;;;;;;;;;;;631.705627;1177.809204;144.590042
458;647.621643;1197.490479;293.163544;716.720459;869.924561;213.980927;;;;;;;692.546265;856.646118;207.242706;;;;;;;689.130371;971.484558;213.739578;;;;;;;;;;;;;631.767639;1175.007935;144.560120
459;647.715637;1195.689453;293.015930;718.536743;867.778076;215.804230;;;;;;;694.063782;854.301208;208.390137;;;;;;;690.051575;969.389771;214.648193;;;;;;;;;;;;;632.047546;1172.599121;144.455673
460;647.393066;1193.851074;292.522614;719.942627;865.680481;217.268463;;;;;;;695.666382;852.071106;209.486526;;;;;;;690.831482;967.147217;215.391098;;;;;;;;;;;;;632.524719;1169.982422;144.179565
461;647.615173;1192.015991;292.259033;721.346863;863.384094;218.594223;;;;;;;697.276123;849.803955;210.459457;;;;;;;691.679443;964.755920;216.115234;;;;;;;;;;;;;632.836365;1167.084351;143.905289
462;648.042725;1190.256104;292.039429;722.548035;861.140503;219.863602;;;;;;;698.389160;847.097717;211.476715;;;;;;;692.554016;962.269836;216.583694;;;;;;;;;;;;;632.994934;1164.283691;144.083908
463;648.174622;1188.145630;292.225220;723.445496;858.752686;220.651581;;;;;;;699.726868;844.396057;212.117126;;;;;;;693.299866;959.856873;217.006531;;;;;;;;;;;;;633.541504;1161.446533;143.901291
464;648.437317;1186.183838;292.537628;724.698242;855.739929;221.462723;;;;;;;701.160522;841.858704;212.701691;;;;;;;694.272827;957.180786;217.182922;;;;;;;;;;;;;634.101318;1158.480835;143.615143
465;648.666931;1184.160156;292.349762;725.893372;853.221741;221.529556;;;;;;;702.679504;838.772461;212.339691;;;;;;;694.842224;954.101440;217.250839;;;;;;;;;;;;;634.318787;1155.294922;143.413818
466;648.989990;1182.339600;291.724548;726.899536;850.623352;221.831833;;;;;;;704.062500;835.962646;212.628708;;;;;;;696.613281;951.397400;216.707520;;;;;;;;;;;;;634.571777;1152.147705;142.924561
467;649.255310;1180.311646;291.797729;728.196899;847.160278;221.827484;;;;;;;705.177979;832.861816;212.621780;;;;;;;697.803528;948.237915;216.041962;;;;;;;;;;;;;635.172058;1148.975586;142.521561
468;649.444641;1177.988159;292.054504;729.545898;844.393494;221.222031;;;;;;;706.718750;829.776489;211.308762;;;;;;;698.631226;945.131042;215.578629;;;;;;;;;;;;;635.664307;1145.609863;142.604050
469;649.736755;1175.706177;292.212280;730.531799;841.417480;220.507843;;;;;;;708.170227;826.812744;210.705505;;;;;;;699.687256;942.180664;214.927521;;;;;;;;;;;;;636.075439;1142.476318;142.731339
470;649.988770;1173.497925;292.152649;731.651367;837.904968;219.451187;;;;;;;709.281799;823.693237;210.104797;;;;;;;701.131958;938.877686;214.020874;;;;;;;;;;;;;636.625122;1139.335083;141.808136
471;650.441833;1171.393555;291.945435;732.882629;834.477966;218.666306;;;;;;;711.043701;820.450195;208.818832;;;;;;;702.097717;935.388367;213.617645;;;;;;;;;;;;;637.541992;1136.068359;141.612137
472;651.171509;1169.197754;292.309937;734.139709;831.429749;218.130203;;;;;;;712.265076;816.956360;207.906204;;;;;;;703.054871;932.213806;212.628830;;;;;;;;;;;;;638.324463;1132.901978;141.900208
473;651.697876;1166.829956;292.416687;735.944885;828.421875;216.795776;;;;;;;714.032288;813.691467;206.173645;;;;;;;704.131409;928.592468;211.524368;;;;;;;;;;;;;638.928345;1129.657227;140.994019
474;652.118713;1164.697754;291.808472;737.120239;825.039124;215.668091;;;;;;;715.538086;810.379944;204.638580;;;;;;;704.740112;925.145813;210.713531;;;;;;;;;;;;;639.560364;1126.193237;140.670502
475;652.694519;1162.301025;291.837494;739.011353;821.485962;214.346115;;;;;;;717.432373;806.763306;202.854141;;;;;;;705.712463;921.903564;209.467560;;;;;;;;;;;;;640.196960;1122.890259;140.786346
476;653.138184;1159.714844;292.335754;740.057617;818.274048;212.619781;;;;;;;718.608337;803.591736;201.756897;;;;;;;706.869141;918.263245;208.298462;;;;;;;;;;;;;641.118347;1119.658569;140.153015
477;653.585266;1157.327881;292.633820;741.767334;815.267090;210.937119;;;;;;;720.596680;800.164307;200.356415;;;;;;;707.550842;914.682129;207.559708;;;;;;;;;;;;;642.423584;1116.320313;139.624725
478;654.065369;1155.089966;292.637268;743.577881;811.664246;210.483612;;;;;;;722.807556;796.619263;198.243256;;;;;;;708.574402;911.398132;206.319260;;;;;;;;;;;;;642.905640;1113.242432;139.220337
479;654.515259;1152.644775;292.961548;744.761414;808.276733;209.083725;;;;;;;724.348206;793.358032;196.376007;;;;;;;709.655151;907.850464;204.730209;;;;;;;;;;;;;643.618408;1110.228760;139.255295
480;655.174561;1150.416748;293.043427;745.493286;805.120117;207.453400;;;;;;;725.718384;790.014343;194.703659;;;;;;;710.703613;904.602356;203.452621;;;;;;;;;;;;;644.455872;1107.083130;139.268799
481;656.060364;1148.155273;292.702332;747.150269;801.741272;205.809814;;;;;;;727.379822;786.692932;193.055252;;;;;;;711.846863;901.271057;201.847092;;;;;;;;;;;;;645.288025;1103.899170;139.314926
482;656.736145;1145.857788;293.057617;748.420715;798.672485;205.159149;;;;;;;728.577942;783.465576;191.442917;;;;;;;712.548462;897.806213;200.783920;;;;;;;;;;;;;646.284363;1100.911011;138.965256
483;657.490967;1143.658325;293.440460;749.397522;795.588745;203.283478;;;;;;;730.173706;780.346924;189.776993;;;;;;;713.751343;894.359741;199.085495;;;;;;;;;;;;;646.916870;1097.906860;138.551910
484;657.885620;1141.477417;293.206818;750.277710;792.126343;201.493042;;;;;;;731.658875;777.128906;187.850571;;;;;;;714.732971;891.028137;197.760742;;;;;;;;;;;;;647.715942;1094.657837;139.025757
485;658.463440;1139.344238;293.249329;751.745789;788.560364;199.851288;;;;;;;732.757935;773.967224;186.063232;;;;;;;716.308350;888.017090;195.829147;;;;;;;;;;;;;648.770752;1091.601685;138.511536
486;659.377991;1137.147339;293.755157;752.749390;785.182800;198.040421;;;;;;;734.091614;770.674500;184.061859;;;;;;;717.421875;884.754333;194.423264;;;;;;;;;;;;;650.014526;1088.651123;138.080460
487;659.958679;1135.025146;293.929779;754.345764;782.074585;195.880890;;;;;;;735.465393;767.479004;181.372299;;;;;;;719.111755;881.485535;192.556839;;;;;;;;;;;;;650.806519;1085.903809;137.850449
488;660.483826;1133.116211;293.818176;755.474976;778.991882;193.652710;;;;;;;736.810913;764.313538;179.629349;;;;;;;720.481995;878.153931;191.255127;;;;;;;;;;;;;651.598022;1083.122437;137.580048
489;661.194031;1131.050293;293.986115;757.077820;775.617554;191.193710;;;;;;;738.130005;761.180359;177.267441;;;;;;;722.131653;875.306580;189.440063;;;;;;;;;;;;;653.002563;1080.003784;137.955322
490;662.011841;1128.924072;294.387421;758.968018;772.536133;188.034058;;;;;;;739.593689;758.076050;174.628372;;;;;;;723.689209;872.326416;187.312378;;;;;;;;;;;;;653.897217;1077.004395;137.799088
491;662.710449;1126.928711;294.543915;760.555786;769.753784;185.119278;;;;;;;741.141418;754.988159;171.941544;;;;;;;725.214783;869.142090;186.048859;;;;;;;;;;;;;654.790833;1074.343262;137.359619
492;663.359375;1125.044189;294.637115;761.841125;766.966431;183.062134;;;;;;;742.667114;752.202820;169.822693;;;;;;;726.624695;866.048462;183.825089;;;;;;;;;;;;;656.015747;1071.713745;137.237274
493;663.872620;1123.049561;295.438324;762.965759;763.974609;180.683395;;;;;;;744.286804;749.429077;167.423752;;;;;;;727.841614;863.062439;182.190399;;;;;;;;;;;;;657.157043;1068.984497;137.713440
494;664.581116;1121.000977;295.690430;764.814575;760.990051;178.187302;;;;;;;745.653503;746.638062;165.287888;;;;;;;729.383484;860.196655;179.902237;;;;;;;;;;;;;658.079956;1066.255005;137.740570
495;665.342407;1119.310913;295.798767;765.951233;758.483826;176.481873;;;;;;;746.834106;743.815613;163.498047;;;;;;;730.115234;857.336060;178.665543;;;;;;;;;;;;;659.031555;1063.799438;137.641846
496;665.939148;1117.725098;296.603973;767.105835;755.705688;174.104218;;;;;;;748.051331;741.019714;160.713867;;;;;;;731.390076;854.805298;176.685425;;;;;;;;;;;;;660.262390;1061.335083;138.125259
497;666.824036;1115.740479;296.857178;768.448120;752.923279;172.023544;;;;;;;749.211182;738.657837;158.727234;;;;;;;732.084778;851.961060;175.296829;;;;;;;;;;;;;661.182617;1058.652710;137.770767
