Präzision01164;;;;;;;;;;;;;;;;;;;;;;;;
Date:;2025/04/26;;;;;;;;;;;;;;;;;;;;;;;
Time:;15:47:41;;;;;;;;;;;;;;;;;;;;;;;
Type:;test;;;;;;;;;;;;;;;;;;;;;;;
Description:;"";;;;;;;;;;;;;;;;;;;;;;;
Notes:;"";;;;;;;;;;;;;;;;;;;;;;;
TRAJECTORIES;;;;;;;;;;;;;;;;;;;;;;;;
200.000000;Hz;;;;;;;;;;;;;;;;;;;;;;;
;*1;;;*2;;;*3;;;*4;;;*5;;;*6;;;*7;;;*8;;
Field #;X;Y;Z;X;Y;Z;X;Y;Z;X;Y;Z;X;Y;Z;X;Y;Z;X;Y;Z;X;Y;Z
1;843.609741;769.594910;94.324249;898.859131;999.526672;228.714981;817.983582;687.977844;39.453968;789.798462;684.674744;38.040520;958.054016;1026.135864;375.006348;;;;;;;;;
2;843.452881;770.043945;94.853539;898.927612;1000.400146;228.726486;817.377075;688.881409;41.297432;789.690430;685.553650;38.501148;958.171326;1026.630859;374.973175;;;;;;;;;
3;843.137146;770.860168;95.596230;899.310059;1001.287903;228.608597;816.898193;689.540527;42.565239;789.263733;686.793396;39.845497;958.461060;1027.130493;374.863861;;;;;;;;;
4;842.854309;772.056702;96.392746;899.955383;1002.869995;228.467804;817.169312;689.232117;44.213161;788.382568;687.841736;41.301464;958.958130;1027.921631;374.623474;;;;;;;;;
5;842.105469;773.444092;97.607201;900.420227;1004.459656;228.342484;816.863098;690.505615;46.423306;787.807007;688.661133;42.474640;959.486023;1028.684448;374.646912;;;;;;;;;
6;841.553650;774.381348;98.816040;900.780640;1005.647644;228.348969;815.744324;691.797546;47.750294;787.200623;689.997192;44.401722;959.881226;1029.352051;374.608276;;;;;;;;;
7;841.238892;775.491577;100.022156;901.294006;1007.266968;228.462799;815.209717;692.573975;49.789906;786.471252;691.163208;46.020737;960.253540;1029.964966;374.590668;;;;;;;;;
8;840.697693;777.072266;101.583351;902.280579;1008.965088;227.923798;814.731323;693.691040;52.130554;785.454224;692.510803;47.316555;960.293457;1030.548950;374.882050;;;;;;;;;
9;840.033752;778.325867;102.984207;903.202942;1010.748352;227.774643;813.396484;695.107422;53.591805;784.683105;694.087646;49.398373;960.357849;1031.245728;375.012970;;;;;;;;;
10;839.454163;779.867004;104.462158;903.811707;1012.400085;228.058319;812.280884;696.368713;55.535114;783.830200;695.391663;51.178055;960.700684;1032.216187;375.032379;;;;;;;;;
11;838.850281;781.633301;106.067642;904.487671;1014.329712;228.420700;811.419373;697.589111;58.024326;782.612366;697.355896;53.075520;961.267944;1033.156738;374.938232;;;;;;;;;
12;838.342224;783.310974;107.611763;905.319397;1016.316711;228.234344;809.923950;699.114990;59.877605;781.602844;698.992615;54.839180;961.821045;1034.143921;374.876587;;;;;;;;;
13;837.603577;785.327454;109.319122;906.355713;1018.600769;227.568817;808.827881;700.622253;62.170525;780.307556;701.135559;56.915066;962.245972;1035.205444;374.945251;;;;;;;;;
14;836.651794;787.051514;111.208870;907.304993;1020.662109;227.350693;807.368591;702.801819;64.010460;778.786804;702.953186;59.295025;962.442871;1036.242920;375.061005;;;;;;;;;
15;835.914063;789.091858;112.652237;907.571899;1022.902588;227.974258;806.643188;704.259888;67.064758;777.750732;705.026123;61.154099;962.903076;1037.276245;375.098602;;;;;;;;;
16;834.713440;791.028320;114.901756;908.344421;1025.176758;228.099976;805.303772;706.345581;69.317284;776.213074;707.103271;63.386990;963.545654;1038.601440;375.091675;;;;;;;;;
17;833.973572;793.382568;116.576080;909.143372;1027.532593;227.889832;803.813660;707.954956;71.949593;774.539551;709.124451;66.380005;964.027100;1039.936523;375.005432;;;;;;;;;
18;832.945679;795.356812;118.558708;910.149353;1029.820679;227.847336;802.429993;710.611938;74.203293;773.200684;711.546509;68.742371;964.485413;1041.109009;375.145142;;;;;;;;;
19;832.185303;798.070068;120.555336;911.196594;1032.175293;227.751114;801.116089;712.907349;77.032936;771.907837;714.151184;70.531883;965.172424;1042.448486;375.092712;;;;;;;;;
20;831.184204;800.259460;122.341576;911.931458;1034.716919;227.976959;799.456848;714.807190;79.020500;770.616516;716.937378;72.986465;966.147522;1044.132813;374.876831;;;;;;;;;
21;830.299744;802.726868;124.317413;913.176819;1037.328857;227.947983;797.475952;717.858704;81.276405;768.999084;719.476563;75.145309;966.724609;1045.492310;374.934418;;;;;;;;;
22;829.194519;805.566833;125.963562;913.622986;1039.747437;228.668839;795.829163;720.469849;84.212280;767.429443;722.109497;77.664093;966.887695;1046.878784;375.330750;;;;;;;;;
23;827.975586;808.054321;128.421463;914.307739;1042.400757;229.171371;794.165100;722.831360;86.543472;765.353027;725.023865;80.872910;967.410400;1048.342651;375.359283;;;;;;;;;
24;826.892517;810.879639;130.416321;915.135010;1044.943481;229.097839;792.209412;725.931213;89.066925;763.646606;728.123169;82.854805;968.008911;1049.846191;375.383026;;;;;;;;;
25;825.433716;813.833191;132.647125;916.046448;1047.841797;228.820801;790.407959;728.915161;91.213951;762.372803;731.298828;85.001717;968.284363;1051.312622;375.560516;;;;;;;;;
26;824.653931;816.515747;134.440887;917.155090;1050.759155;229.217758;788.723755;731.670654;93.951698;760.197937;734.322327;87.847870;968.698486;1052.695679;375.884827;;;;;;;;;
27;823.234131;819.525696;136.561859;918.041809;1053.214600;229.515747;786.688660;734.623779;96.218742;757.967957;737.395142;90.435646;969.427368;1054.344971;376.166443;;;;;;;;;
28;821.862854;822.680420;138.606247;918.944519;1055.637207;229.747345;784.790833;737.553894;98.510742;756.259399;740.811707;92.959221;970.029846;1055.948364;376.228363;;;;;;;;;
29;820.800720;825.820557;140.343933;919.509949;1058.520996;230.507858;782.967102;740.979004;101.073151;754.231079;744.229675;95.545204;970.296570;1057.227295;376.555908;;;;;;;;;
30;818.988525;829.010132;142.587402;920.097351;1061.589111;231.182968;780.907593;744.340210;103.166504;751.994263;747.635132;97.850098;970.798828;1058.684692;376.869659;;;;;;;;;
31;817.873169;832.097839;144.591858;920.551575;1064.299072;231.684433;778.746460;747.768494;105.734970;749.962585;751.238892;100.173943;971.717224;1060.249146;376.729065;;;;;;;;;
32;816.375854;835.470825;146.479797;921.281616;1067.003906;231.918823;776.470154;751.096130;108.038719;748.064697;754.915588;102.231148;972.159302;1061.871704;377.012177;;;;;;;;;
33;814.819275;838.968872;148.652405;922.171570;1069.731567;232.164474;774.622864;754.505066;110.161049;745.950989;758.576965;104.793884;972.193420;1063.209106;377.572083;;;;;;;;;
34;813.484985;842.358154;150.595093;923.241333;1072.563354;232.770004;772.330444;758.257080;112.624680;743.889099;762.298584;107.104095;972.454407;1064.780029;378.102295;;;;;;;;;
35;811.764099;845.730774;152.604645;924.215271;1075.129639;233.350418;769.731079;762.030273;114.568611;741.611755;766.240723;109.460152;973.035400;1066.567017;377.934875;;;;;;;;;
36;810.505981;848.965881;154.482193;924.974304;1077.701782;233.705627;767.528442;765.606018;116.766823;738.943481;770.251526;112.149643;973.650696;1067.837402;378.130493;;;;;;;;;
37;808.872009;852.441711;156.245834;925.676941;1080.469727;234.258087;765.320007;769.268860;119.137306;736.825928;774.187988;113.977119;973.887146;1069.282471;378.751068;;;;;;;;;
38;806.927856;855.878479;158.397644;925.919983;1082.869019;235.103790;762.598572;773.660522;120.601257;735.963928;778.348450;114.569885;974.536560;1070.789795;379.169159;;;;;;;;;
39;805.381958;859.554077;159.921707;926.541504;1085.587402;236.240173;760.138123;777.747559;122.287453;734.271240;782.692627;116.068405;975.306458;1072.161621;379.469910;;;;;;;;;
40;803.725769;863.192505;161.949539;927.036743;1088.352417;237.206085;757.228638;781.880554;124.016701;732.091125;786.754700;117.621056;975.743958;1073.678955;379.934967;;;;;;;;;
41;802.186646;866.672302;163.189850;928.131165;1090.754272;237.323441;754.857239;785.555237;125.907631;728.829407;790.845154;120.285416;976.067688;1074.912720;380.081543;;;;;;;;;
42;800.483704;869.986267;164.936905;928.494507;1093.258911;237.763626;752.682922;789.254639;127.759209;724.983215;794.767029;123.378326;976.453613;1076.250244;380.380035;;;;;;;;;
43;798.668884;873.340942;166.259201;928.824646;1095.737305;238.476028;749.682983;793.336243;128.814896;722.534119;798.784424;125.306992;976.947266;1077.779541;380.866211;;;;;;;;;
44;797.134888;876.831604;167.668945;929.721191;1097.950317;238.880386;747.082886;797.352844;130.455841;719.618408;802.974243;127.452118;977.291809;1079.055420;381.248138;;;;;;;;;
45;795.378357;880.255737;169.450043;930.255493;1100.323486;239.950211;744.926941;801.437012;131.699646;716.665894;807.035828;129.224228;977.346008;1080.425659;382.090607;;;;;;;;;
46;793.836914;883.966736;170.869995;930.650391;1102.666016;240.628311;742.234497;805.360168;132.484131;714.501587;811.399170;130.429398;977.606140;1081.661865;382.610718;;;;;;;;;
47;791.866455;887.159485;172.080734;931.000488;1104.868042;241.250412;740.006104;808.860657;134.701126;712.868591;815.611511;130.827454;978.256226;1082.795532;382.841949;;;;;;;;;
48;790.590576;890.348450;172.836121;931.180603;1107.299927;242.035294;737.483032;813.002625;135.062378;709.590820;819.470337;133.385193;978.974609;1084.153809;383.074646;;;;;;;;;
49;788.587646;893.638306;174.338516;931.314575;1109.269409;242.890488;735.140442;816.919312;136.106750;706.846008;823.719849;134.863693;979.435242;1085.337524;383.797607;;;;;;;;;
50;787.136047;896.922668;174.875992;931.716736;1111.398193;243.579758;732.937927;820.372803;137.085464;704.671692;827.929016;135.446793;979.423279;1086.330933;384.604279;;;;;;;;;
51;785.210693;900.293274;176.500778;932.358521;1113.415039;244.302444;730.436523;824.018188;138.393311;701.818665;831.658081;136.952408;979.284241;1087.652954;385.179871;;;;;;;;;
52;783.703613;903.274536;177.027939;933.015015;1115.177368;244.847565;728.469055;827.874207;138.694870;699.918579;835.819824;137.263947;979.577515;1088.872192;385.447754;;;;;;;;;
53;782.026611;906.269104;178.174286;933.507629;1117.102051;245.291275;725.918701;831.379700;139.394577;698.210571;839.846130;137.334549;980.219116;1089.840698;385.719147;;;;;;;;;
54;780.680603;909.565002;179.003250;933.859436;1118.744019;245.953674;723.924805;835.094421;140.051224;696.567078;843.797607;137.622940;980.506531;1090.821899;386.224640;;;;;;;;;
55;779.068848;912.826599;179.325653;933.847046;1120.804077;247.124695;721.596741;838.854797;140.432526;694.473877;847.707764;138.076141;980.744080;1091.834106;386.718201;;;;;;;;;
56;777.266174;915.514648;180.188629;933.596985;1122.457031;247.916000;719.732605;842.292542;140.825378;691.917603;851.463562;139.192993;980.894958;1092.772217;387.493103;;;;;;;;;
57;775.967651;918.307129;180.364014;933.621521;1124.210938;248.688446;717.388062;845.671753;141.140533;689.605957;855.033875;139.732391;981.026245;1093.683350;388.169434;;;;;;;;;
58;774.592285;921.435852;181.126129;933.905701;1125.983032;249.455429;715.977295;849.107849;141.215912;687.153442;858.112976;140.755173;981.489319;1094.681396;388.543518;;;;;;;;;
59;772.828491;923.918884;181.595764;934.101685;1127.575439;250.180771;713.845642;852.242615;141.319077;685.409912;861.909729;140.722839;981.787903;1095.586426;388.690094;;;;;;;;;
60;771.597900;926.728699;181.671951;934.385071;1129.036987;250.860214;712.158264;855.832275;141.670471;683.846497;865.455688;140.548462;981.826111;1096.287598;389.081543;;;;;;;;;
61;770.337708;929.319641;181.718460;934.661865;1130.271240;250.992477;710.633667;858.724609;141.526459;682.557556;868.826050;140.234863;981.961609;1097.202637;389.628937;;;;;;;;;
62;769.066284;931.525940;182.179672;934.714844;1131.710327;251.414841;708.185059;861.679626;141.933914;681.230652;872.087891;139.756149;982.003540;1098.031494;390.146942;;;;;;;;;
63;767.744080;934.390808;182.383102;934.300598;1133.127808;252.562836;706.874939;864.304993;141.026230;679.290527;875.354858;139.679718;982.160828;1098.758057;390.585052;;;;;;;;;
64;766.425171;936.543640;181.997391;933.779785;1134.452026;253.557373;704.725159;867.450989;141.016098;677.442871;878.211548;139.606430;982.037476;1099.607422;391.265076;;;;;;;;;
65;765.300903;938.943298;182.028595;933.559753;1135.819946;254.178619;702.038940;871.315918;141.825729;675.618835;881.170166;139.439041;982.062561;1100.223511;391.883575;;;;;;;;;
66;763.912720;940.748291;182.001923;933.495911;1136.896240;254.608444;701.123413;873.092896;140.672882;674.034363;883.874878;139.648544;982.385986;1100.941772;392.144684;;;;;;;;;
67;762.601746;943.112061;181.847061;933.692566;1137.905518;254.761520;700.067871;874.589966;140.050568;672.270081;886.404907;139.663284;982.859741;1101.710815;392.344360;;;;;;;;;
68;761.605103;944.914246;181.662415;934.001587;1138.907104;254.672241;698.407043;877.681213;139.561768;670.863159;888.877319;139.107864;983.337952;1102.344849;392.536621;;;;;;;;;
69;760.491394;946.953735;181.680725;933.611877;1139.789917;255.576660;697.576660;879.706970;139.024292;669.205261;891.225525;138.709305;983.543030;1102.906860;392.809601;;;;;;;;;
70;759.376465;948.851501;181.040726;933.027954;1140.605591;256.384155;696.051575;882.048706;138.667038;668.060486;893.377136;138.223694;983.564392;1103.313843;393.018372;;;;;;;;;
71;758.378052;950.343506;181.112061;932.686584;1141.496338;256.897369;695.591187;883.694946;138.230988;667.021790;895.618408;137.390213;983.559753;1103.755127;393.321686;;;;;;;;;
72;757.176941;952.006042;181.051804;932.090698;1142.406860;257.406586;694.575134;885.666687;137.336380;666.045776;897.544861;136.849625;983.614929;1104.225220;393.571838;;;;;;;;;
73;756.114990;953.258423;180.763824;931.735657;1143.189575;257.854614;692.923767;887.625244;136.739883;664.892090;899.281433;136.315247;983.624817;1104.717163;393.782532;;;;;;;;;
74;755.340454;954.734131;180.448700;931.285583;1143.848022;258.341370;692.320984;889.171082;136.158249;663.944824;901.076965;135.688644;983.572510;1105.131836;393.920380;;;;;;;;;
75;754.585327;956.126526;180.281891;930.947205;1144.342651;258.966583;691.456604;890.654175;135.341034;663.229309;902.497925;135.103531;983.499634;1105.485352;394.150696;;;;;;;;;
76;753.764526;957.242371;179.852280;931.144836;1144.815552;258.930939;690.513550;892.114136;134.804535;662.437439;903.873718;134.349091;983.414795;1105.907227;394.412964;;;;;;;;;
77;752.916382;958.010376;179.403214;931.424988;1145.352905;259.070618;689.943359;893.170593;134.372787;661.771729;905.259705;133.458542;983.419250;1106.235962;394.551483;;;;;;;;;
78;752.390503;958.833069;179.354141;930.959656;1146.013794;259.590149;689.378662;894.337341;133.628616;661.172363;906.509338;132.649078;983.427002;1106.542236;394.811066;;;;;;;;;
79;751.935059;959.880615;178.919449;930.452698;1146.385986;260.073486;689.029541;895.426697;132.951675;660.549683;907.615967;131.990341;983.635620;1106.774658;395.069824;;;;;;;;;
80;751.494629;960.783630;178.358368;930.236511;1146.658936;260.282623;688.440308;896.634216;132.287048;659.941589;908.585266;131.367355;983.721130;1106.998901;395.266144;;;;;;;;;
81;751.052734;961.472900;177.623489;930.006653;1146.858276;260.479492;687.294434;897.774719;131.655640;659.525757;909.590698;130.669266;983.838623;1107.312500;395.431488;;;;;;;;;
82;750.695740;961.930542;177.050735;929.691772;1147.055542;260.738495;687.086792;898.286682;130.740616;659.182495;910.497803;130.158142;983.910156;1107.546265;395.522827;;;;;;;;;
83;750.341187;962.309021;176.930481;929.248108;1147.339478;261.172760;687.502014;898.734192;129.827805;658.666016;911.053345;129.659378;983.988586;1107.738037;395.707855;;;;;;;;;
84;749.949341;962.649780;176.678986;928.920044;1147.562256;261.519287;687.244385;899.469360;129.369125;657.916565;911.615601;129.217911;984.117371;1107.958984;395.789154;;;;;;;;;
85;749.625427;963.107361;176.326950;928.713562;1147.662598;261.719177;686.822144;900.232239;129.011887;657.754700;912.090698;128.711441;984.285828;1108.196045;395.958221;;;;;;;;;
86;749.380371;963.439331;175.980453;928.582397;1147.726685;261.851379;686.430969;900.638184;128.495712;657.739624;912.669006;128.067429;984.563538;1108.212402;396.109772;;;;;;;;;
87;748.977417;963.736328;175.519409;928.262512;1147.737793;262.172882;686.251648;900.690979;128.131454;657.666504;913.077271;127.298409;984.299194;1108.378540;396.428162;;;;;;;;;
88;748.645447;963.923767;175.194229;927.898376;1147.786987;262.415039;685.739258;900.685669;127.642288;657.486145;913.404297;126.867973;984.167297;1108.497925;396.657196;;;;;;;;;
89;748.433044;963.977173;174.664459;927.694031;1147.695557;262.508728;685.394348;901.219421;126.921852;656.937073;913.529724;126.439262;984.266479;1108.600586;396.731689;;;;;;;;;
90;748.251282;964.098877;174.204910;927.513306;1147.510864;262.549957;684.992493;901.782532;125.877266;656.655396;913.588318;125.641975;984.480774;1108.643677;396.842499;;;;;;;;;
91;748.101624;964.166626;173.718933;927.380798;1147.397949;262.629120;684.291687;902.330688;124.948044;656.700500;913.686646;124.840927;984.514038;1108.727417;396.861725;;;;;;;;;
92;747.932922;964.085510;173.464081;927.213013;1147.251343;262.624451;684.494141;902.375793;123.876587;657.217102;913.809265;123.664047;984.490356;1108.645630;396.968323;;;;;;;;;
93;747.814148;964.062927;172.999191;927.049866;1146.985474;262.597015;684.844238;902.274963;123.345200;657.383423;913.719482;122.677956;984.212708;1108.797119;397.396637;;;;;;;;;
94;747.713074;963.996216;172.498322;926.803955;1146.795532;262.611694;684.864624;902.211792;122.926033;657.293579;913.515015;122.206833;984.383057;1108.630249;397.027374;;;;;;;;;
95;747.465454;963.803650;171.708420;926.751221;1146.571533;262.608246;684.564331;902.167542;122.281822;657.279846;913.497375;121.653320;984.480591;1108.476929;396.863098;;;;;;;;;
96;747.527893;963.878662;170.699570;926.557007;1146.320923;262.663910;684.574341;901.974915;121.677292;657.397705;913.350708;120.917908;984.508972;1108.379028;396.837585;;;;;;;;;
97;747.367554;963.717102;170.285446;926.382874;1146.093750;262.622437;685.209351;901.590088;121.644997;657.666992;913.324219;119.730865;984.487915;1108.363770;396.802277;;;;;;;;;
98;747.264587;963.472900;169.688400;925.919434;1146.041748;262.883911;685.054260;901.315125;121.081093;657.732910;913.285828;118.789124;984.428955;1108.171143;396.704285;;;;;;;;;
99;747.121399;963.265320;169.580399;925.970825;1145.682861;262.724365;685.103333;901.023254;120.660675;657.620422;913.137146;118.388397;984.442505;1108.019287;396.665833;;;;;;;;;
100;746.997192;963.122131;169.329895;925.891113;1145.342163;262.596436;684.863342;900.910034;119.780182;657.413879;912.914490;118.166321;984.409546;1107.897339;396.639282;;;;;;;;;
101;746.958740;962.977661;168.847534;925.769104;1145.052612;262.570099;684.607178;900.656982;119.004166;657.154358;912.599243;118.016846;984.322144;1107.689697;396.548767;;;;;;;;;
102;746.952026;962.752441;168.570831;925.603943;1144.726807;262.468842;684.701050;900.360168;118.376373;657.044312;912.366211;117.753799;984.537476;1107.509399;396.267700;;;;;;;;;
103;746.895874;962.552429;168.074188;925.424438;1144.262817;262.489838;684.613159;900.379333;117.849319;657.311157;912.031555;116.852554;984.584656;1107.394775;396.103271;;;;;;;;;
104;746.808594;962.412476;167.608597;925.266724;1143.903809;262.447449;684.489075;900.126526;117.370079;657.672302;911.773621;115.947044;984.523376;1107.160889;396.066650;;;;;;;;;
105;746.539795;962.098816;167.049789;925.074463;1143.518677;262.578827;684.860596;899.246643;117.346474;657.641785;911.762939;115.001045;984.348755;1106.914429;396.019226;;;;;;;;;
106;746.539917;962.117859;166.041183;924.890015;1143.070313;262.538757;685.092163;898.896423;116.494095;657.647644;911.647583;114.325104;984.286072;1106.675171;395.896545;;;;;;;;;
107;746.541138;961.796387;165.466385;925.068909;1142.449829;261.850067;684.964844;898.677734;115.827393;657.507874;911.466003;113.962128;984.201965;1106.532471;395.819763;;;;;;;;;
108;746.536865;961.306763;164.993118;925.088928;1142.072510;261.523682;684.624390;898.415955;115.261383;657.240417;911.265259;113.638275;983.787781;1106.262695;395.935913;;;;;;;;;
109;746.608215;960.915955;164.470276;924.739990;1141.861816;261.595001;684.533691;898.255615;115.016037;656.883972;910.987671;113.261528;983.650696;1106.003052;395.961426;;;;;;;;;
110;746.423706;960.563110;164.083801;924.510803;1141.626831;261.594971;684.439758;898.330688;114.433388;656.611816;910.787903;112.912308;983.617676;1105.798462;395.842865;;;;;;;;;
111;746.242676;960.338257;163.650284;924.226074;1141.275269;261.407135;684.460754;898.360901;113.709023;656.644226;910.618713;111.985146;983.536743;1105.672607;395.697662;;;;;;;;;
112;746.140991;960.128113;163.270111;924.082031;1140.825073;261.195374;684.513000;898.275269;112.908951;656.814514;910.604492;110.889862;983.497253;1105.401245;395.569946;;;;;;;;;
113;746.027466;959.921753;162.785126;924.045471;1140.432373;261.040100;684.456299;898.082825;112.346153;656.934937;910.544800;109.870659;983.410706;1105.186768;395.513885;;;;;;;;;
114;745.795593;959.711609;162.207214;924.035889;1140.016846;260.794189;684.388672;897.905334;111.669182;656.907837;910.555115;109.066719;983.394897;1104.984009;395.418121;;;;;;;;;
115;745.596924;959.522522;161.597260;923.912537;1139.597778;260.575500;684.077759;897.679016;110.513519;656.673218;910.441101;108.399460;983.338074;1104.797974;395.295593;;;;;;;;;
116;745.415588;959.392700;161.080658;923.717346;1139.245972;260.367188;683.581177;897.423706;109.622795;656.346863;910.380371;107.779587;983.211548;1104.558350;395.066681;;;;;;;;;
117;745.225952;959.296448;160.454056;923.604187;1138.904541;260.247925;683.301086;897.278259;108.957069;656.055725;910.231384;107.235565;983.111023;1104.261475;395.021545;;;;;;;;;
118;745.149536;959.389038;159.627869;923.518555;1138.558594;260.139160;683.388611;897.010620;109.118683;655.904785;910.024719;107.110001;983.196045;1104.098877;395.076630;;;;;;;;;
119;745.286011;959.521912;159.018082;923.245605;1138.266113;260.365997;683.283997;896.951172;109.151482;656.236938;910.079773;106.730370;983.083801;1103.886108;395.070282;;;;;;;;;
120;745.434265;959.565308;158.525162;922.924805;1137.927856;260.350708;683.041504;896.987915;109.115578;657.155334;910.451965;105.544968;983.080933;1103.554688;394.895721;;;;;;;;;
121;745.382507;959.469360;158.186508;922.780762;1137.781250;259.991425;682.379578;896.972412;108.892281;657.232605;910.633301;105.055809;982.948669;1103.305786;394.732086;;;;;;;;;
122;745.310181;959.389954;157.820877;922.549744;1137.455322;259.850006;682.420471;896.993347;108.996902;656.278992;910.452332;105.617294;982.804932;1103.021851;394.669006;;;;;;;;;
123;745.046387;959.427734;157.709732;922.683838;1136.997437;259.382294;682.351013;896.924683;108.920197;654.461121;909.846985;107.468872;982.656311;1102.873657;394.640198;;;;;;;;;
124;745.025208;959.365234;157.585236;922.910828;1136.585327;258.993286;681.898254;897.029968;108.994965;653.520935;909.603943;108.412369;982.611877;1102.712891;394.592590;;;;;;;;;
125;744.882263;959.316711;157.532242;922.966797;1136.251099;258.863342;681.670898;896.975830;109.062637;653.299683;909.500854;108.475479;982.544617;1102.486206;394.514252;;;;;;;;;
126;744.772095;959.272705;157.508682;922.898499;1136.039551;258.794800;681.553650;896.917175;109.018562;653.220886;909.413513;108.200150;982.508850;1102.264038;394.460846;;;;;;;;;
127;744.480835;959.178406;157.586502;922.912109;1135.767090;258.747559;681.457947;896.769592;109.020706;653.138367;909.402649;108.085625;982.415405;1102.026367;394.445251;;;;;;;;;
128;744.467041;958.929443;157.585373;922.739441;1135.623169;258.914185;681.249084;896.811157;108.925255;652.889038;909.251770;108.184937;982.350281;1101.888672;394.353668;;;;;;;;;
129;744.300903;958.766846;157.776016;922.872009;1135.447266;258.693726;681.080444;896.826050;108.865608;652.717957;909.156433;108.228691;982.279907;1101.770264;394.290192;;;;;;;;;
130;744.101501;958.472900;157.966888;922.976868;1135.208374;258.522034;681.027161;896.597534;108.903992;652.546814;909.019104;108.367905;982.190979;1101.690674;394.154999;;;;;;;;;
131;743.961975;958.118408;158.086609;922.951721;1135.073608;258.479919;680.943420;896.329407;108.960274;652.831421;909.091431;107.896393;982.170105;1101.546753;394.153839;;;;;;;;;
132;743.807007;957.763855;158.105423;922.670044;1135.051758;258.689087;680.614929;896.145142;108.887253;653.274536;909.002563;107.408691;982.072021;1101.430298;394.177246;;;;;;;;;
133;743.605225;957.418091;158.119919;922.689453;1134.885986;258.541779;680.409180;895.852600;108.777016;653.573853;908.949707;107.103241;982.129333;1101.362061;394.049042;;;;;;;;;
134;743.533630;957.101807;158.130676;922.755737;1134.748901;258.335144;680.610718;895.659607;108.922966;653.725830;908.831604;106.858200;982.065918;1101.210083;394.009308;;;;;;;;;
135;743.423828;956.720215;158.129562;922.634460;1134.594238;258.227509;680.676514;895.261230;109.092575;653.762451;908.511108;106.900734;981.885742;1101.164551;394.071838;;;;;;;;;
136;743.330505;956.426331;158.144836;922.523132;1134.485962;258.275085;680.534302;895.096924;109.002090;653.580078;908.126221;107.116379;981.854309;1101.098389;394.078278;;;;;;;;;
137;743.334229;956.185242;158.065781;922.408875;1134.302124;258.237091;680.383240;894.805908;108.931404;653.394043;907.743042;107.134689;981.771729;1101.061157;394.036041;;;;;;;;;
138;743.467651;956.085449;157.971680;922.266785;1134.134766;258.160797;680.400696;894.523926;108.807983;653.056519;907.325989;107.293701;981.645325;1101.042725;394.063354;;;;;;;;;
139;743.406494;955.807922;157.711746;922.114929;1134.015625;258.118713;680.347656;894.136780;108.663811;652.858826;906.940735;107.522125;981.455261;1100.945801;394.054871;;;;;;;;;
140;743.299683;955.580444;157.568207;921.901367;1133.847412;257.981873;680.218628;894.055420;108.839760;653.036682;906.549255;107.439598;981.458130;1100.842407;393.960724;;;;;;;;;
141;743.424744;955.475037;157.331711;921.697510;1133.614014;257.988586;679.885193;893.883484;108.315315;653.149231;906.244751;107.291496;981.508850;1100.842896;393.918121;;;;;;;;;
142;743.573364;955.274353;156.940445;921.314026;1133.452271;258.124847;679.800354;893.630371;108.090645;653.128174;906.042236;107.130455;981.421570;1100.752075;393.836395;;;;;;;;;
143;743.648804;954.997742;156.667801;920.979492;1133.254395;258.275909;679.710266;893.373596;108.046135;653.031494;905.940002;107.098717;981.237793;1100.661011;393.789856;;;;;;;;;
144;743.684021;954.715881;156.407013;920.568604;1133.115967;258.440918;679.679688;893.192261;107.867462;652.816345;905.736877;107.179840;981.197205;1100.544189;393.893463;;;;;;;;;
145;743.712402;954.517090;156.053284;920.523987;1132.757813;258.267395;679.299194;893.049255;107.670837;652.536438;905.530212;107.354706;981.100891;1100.444214;393.874115;;;;;;;;;
146;743.717529;954.268494;155.881531;920.396667;1132.447144;258.235779;678.937988;893.024841;107.532318;652.214355;905.434143;107.610809;981.059937;1100.340576;393.882751;;;;;;;;;
147;743.922424;954.125366;155.633286;920.190491;1132.224243;258.357513;678.820374;892.915344;107.479370;651.954407;905.278259;107.760529;980.983154;1100.243042;393.882996;;;;;;;;;
148;743.686951;954.007874;155.666672;920.014587;1132.022583;258.431732;678.905823;892.827271;107.476616;651.714966;905.226685;107.800896;980.919861;1100.137451;393.889954;;;;;;;;;
149;743.613708;953.855225;155.681290;919.838379;1131.872681;258.550934;679.229797;892.736694;107.680878;651.507629;905.136719;107.738388;980.838440;1100.002075;393.953369;;;;;;;;;
150;743.534729;953.799316;155.627060;919.755005;1131.716797;258.641541;679.179993;892.732605;107.776779;651.300964;905.110596;107.752151;980.644226;1099.812866;393.900604;;;;;;;;;
151;743.431580;953.767151;155.562836;919.684509;1131.551514;258.757599;679.099487;892.706543;107.775360;651.106079;905.237610;107.930199;980.652771;1099.828979;394.060974;;;;;;;;;
152;743.316345;953.695740;155.681686;919.594421;1131.510864;258.963867;678.985291;892.667664;107.771881;650.963684;905.111450;107.830353;980.477661;1099.656006;394.040192;;;;;;;;;
153;743.181274;953.661743;155.802826;919.517273;1131.358276;259.082184;678.817139;892.774414;108.073708;650.928589;905.076172;108.018944;980.424927;1099.545288;394.210999;;;;;;;;;
154;743.000366;953.593018;155.992630;919.429565;1131.307373;259.242828;678.658081;892.827698;107.820602;650.791382;905.166443;107.859215;980.435303;1099.519775;394.351410;;;;;;;;;
155;742.901672;953.561890;156.182785;919.386719;1131.356812;259.368439;678.584717;892.787537;107.754852;650.797668;905.091980;107.624313;980.327759;1099.423950;394.293365;;;;;;;;;
156;742.735657;953.588013;156.352051;919.364929;1131.400391;259.384644;678.424622;892.944458;107.672760;650.732361;905.086121;107.702126;980.065918;1099.409180;394.290741;;;;;;;;;
157;742.603516;953.607971;156.471756;919.247437;1131.393066;259.522644;678.439819;892.885010;107.725113;650.632324;905.073486;107.822205;980.119263;1099.406372;394.530518;;;;;;;;;
158;742.541260;953.525574;156.687729;919.195068;1131.458862;259.569000;678.401733;892.881287;107.741234;650.758606;904.917603;107.503502;980.130615;1099.374268;394.420471;;;;;;;;;
159;742.481628;953.481995;156.756180;918.904297;1131.605103;259.739044;678.567322;892.639221;107.780731;650.766846;904.945374;107.612144;980.049072;1099.483765;394.365753;;;;;;;;;
160;742.465698;953.506470;156.858246;918.953857;1131.762329;259.779358;678.673157;892.441467;107.908951;650.719177;904.851013;107.741310;979.963562;1099.490601;394.486877;;;;;;;;;
161;742.384644;953.388794;157.026932;919.026001;1131.862061;259.717133;678.690308;892.421814;107.921448;650.763794;904.736755;107.732315;979.991943;1099.531006;394.403534;;;;;;;;;
162;742.273926;953.395142;157.154938;919.000977;1132.082642;259.705231;678.864136;892.205688;108.066849;650.710999;904.583618;107.846321;979.765259;1099.714844;394.895691;;;;;;;;;
163;742.233337;953.345215;157.250671;918.735901;1132.255737;259.841034;678.969727;892.014832;108.159554;650.811279;904.469604;107.888969;979.563110;1099.848145;395.118713;;;;;;;;;
164;742.236084;953.279480;157.246628;918.411804;1132.489258;260.127197;679.003235;891.949341;108.203621;650.859680;904.259460;107.805244;979.408875;1100.058472;395.236389;;;;;;;;;
165;742.172302;953.239014;157.284637;918.058838;1132.761597;260.401154;679.002136;891.883789;108.161209;650.947937;904.124084;107.818779;979.163391;1100.389771;395.511169;;;;;;;;;
166;742.146729;953.158386;157.372131;917.709045;1132.955078;260.763306;679.071533;891.748962;108.135666;650.960144;903.933228;107.814522;979.037476;1100.610962;395.649200;;;;;;;;;
167;742.224182;953.099304;157.440979;917.482117;1133.162109;260.880676;679.128418;891.638306;108.122009;651.022217;903.778442;107.873215;979.010437;1100.731323;395.730133;;;;;;;;;
168;742.193542;953.052673;157.469193;917.330078;1133.301880;260.851288;679.194885;891.483032;108.149185;651.052795;903.558167;107.890640;979.016052;1100.888672;395.840424;;;;;;;;;
169;742.155884;953.002075;157.470169;917.059204;1133.394653;261.045410;679.324341;891.219482;108.140755;651.316101;903.303589;107.595711;978.980713;1101.127808;395.987091;;;;;;;;;
170;742.155579;952.898071;157.472122;916.749451;1133.487793;261.215363;679.422791;890.845947;108.212708;651.630127;903.027832;107.539886;978.924194;1101.304932;396.055267;;;;;;;;;
171;742.158447;952.886658;157.473984;916.468567;1133.568115;261.400421;679.589355;890.529114;108.162148;651.885437;902.738586;107.396027;978.810486;1101.466797;396.138947;;;;;;;;;
172;742.258118;952.766296;157.512070;916.111633;1133.619507;261.699219;680.084900;890.286194;108.448372;652.093933;902.511841;107.380730;978.580444;1101.554565;396.358551;;;;;;;;;
173;742.308960;952.701843;157.479401;915.756287;1133.810547;261.926025;679.906311;890.189026;108.211899;652.222046;902.296692;107.345581;978.397949;1101.620728;396.539917;;;;;;;;;
174;742.378662;952.602661;157.528717;915.564758;1133.909546;262.183411;679.924255;890.075745;107.997627;652.419006;902.096680;107.241829;978.215027;1101.613647;396.884369;;;;;;;;;
175;742.310303;952.588013;157.458755;915.374023;1134.015259;262.476318;680.084839;889.987610;107.950684;652.583801;901.890564;107.176041;978.084290;1101.639648;397.070313;;;;;;;;;
176;742.426270;952.560242;157.424423;914.904785;1134.223633;262.791229;680.388794;889.764404;108.090256;652.712402;901.766541;107.104286;977.917908;1101.758301;397.378296;;;;;;;;;
177;742.457092;952.576355;157.337997;914.867676;1134.214478;262.882935;680.392822;889.683655;107.964485;652.770264;901.667908;107.078865;977.827759;1101.806152;397.411530;;;;;;;;;
178;742.535583;952.523621;157.225189;914.875122;1134.144897;262.965393;680.636292;889.738953;108.199699;653.282959;901.900024;106.404564;977.761353;1101.828003;397.511780;;;;;;;;;
179;742.553528;952.473328;157.207062;914.585754;1134.226929;263.157898;680.562561;889.719482;107.622795;653.120789;901.779480;106.650688;977.609131;1101.847046;398.023560;;;;;;;;;
180;742.517883;952.483459;157.160080;914.516724;1134.323730;263.184998;680.502258;889.773682;107.612610;652.874695;901.683105;106.938164;977.525635;1101.806763;398.005066;;;;;;;;;
181;742.553833;952.532654;157.193665;914.272705;1134.379028;263.377777;680.499878;889.803833;107.739143;652.861816;901.693176;107.046936;977.538330;1101.871582;398.139587;;;;;;;;;
182;742.486389;952.588379;157.205688;914.107239;1134.483521;263.516357;680.517212;889.763062;107.730347;652.871033;901.664429;107.112137;977.513062;1101.937988;398.330566;;;;;;;;;
183;742.448364;952.601624;157.246597;914.053833;1134.577271;263.710388;680.521606;889.752319;107.713951;653.337097;901.891846;106.481293;977.320984;1102.021362;398.555939;;;;;;;;;
184;742.419495;952.644043;157.323593;913.964111;1134.575439;263.839081;680.559753;889.676880;107.742218;653.159485;901.766296;106.734047;977.218750;1102.006470;398.686859;;;;;;;;;
185;742.393066;952.739197;157.384033;913.754639;1134.573242;264.206573;680.870239;889.958557;108.020676;652.929321;901.673767;107.050049;977.131409;1102.032349;398.841187;;;;;;;;;
186;742.387451;952.653625;157.513092;913.613647;1134.594116;264.460968;680.726685;889.796143;107.867607;652.807251;901.694275;107.071228;977.150818;1102.160522;398.997253;;;;;;;;;
187;742.304871;952.833435;157.454987;913.485291;1134.653320;264.732269;680.613892;889.750977;107.819328;652.961487;901.808777;107.008537;977.119690;1102.054199;399.092743;;;;;;;;;
188;742.294739;952.830078;157.459656;913.426208;1134.637817;264.833008;680.646240;889.728882;107.771240;652.894836;901.819031;106.954651;977.054626;1102.112305;399.211731;;;;;;;;;
189;742.271912;952.867432;157.493149;913.233521;1134.788818;265.079041;680.910767;889.986389;108.006546;653.015808;901.816162;106.648056;977.016724;1102.186768;399.275879;;;;;;;;;
190;742.244385;952.880188;157.535156;913.297485;1134.773682;265.254669;680.772827;889.793640;107.848755;653.133789;901.758789;106.777527;977.013855;1102.162842;399.355225;;;;;;;;;
191;742.241760;952.930725;157.572876;913.071350;1134.951660;265.445831;680.727356;889.713562;107.790749;653.101929;901.703308;106.588799;976.908813;1102.143921;399.435516;;;;;;;;;
192;742.204956;952.895691;157.616943;912.895813;1134.918457;265.736511;680.319153;889.661560;107.637665;653.485413;901.861389;106.086487;976.884766;1102.125000;399.496796;;;;;;;;;
193;742.237305;952.924744;157.696609;912.766174;1134.960205;265.945007;680.692200;889.906494;107.830986;653.977417;901.901672;105.617035;976.851563;1102.107422;399.573029;;;;;;;;;
194;742.219116;952.841064;157.877594;912.642639;1134.985107;266.141663;681.059082;889.685242;107.799057;654.314392;901.985291;105.231255;976.803711;1101.994751;399.760529;;;;;;;;;
195;742.311951;952.812134;157.972153;912.512390;1135.028564;266.421021;681.473877;889.451660;107.974548;654.565552;901.920105;105.136017;976.736328;1101.948730;399.924683;;;;;;;;;
196;742.335571;952.848083;157.988571;912.570129;1135.119629;266.660217;681.912537;889.251343;108.187134;654.780518;901.880859;105.095497;976.788269;1101.967163;399.941925;;;;;;;;;
197;742.441345;952.916870;158.057144;912.645081;1135.176025;266.825897;682.066040;889.311768;108.185699;654.957031;901.777771;105.052383;976.688293;1101.947021;400.076813;;;;;;;;;
198;742.542114;953.111877;158.136658;912.672119;1135.153564;267.100464;682.287415;889.333069;108.090134;655.169434;901.731567;105.104599;976.853638;1101.933350;400.246277;;;;;;;;;
199;742.689819;953.232056;158.287872;912.659668;1135.192627;267.328796;682.578491;889.584717;108.034012;655.198730;901.746948;105.498817;976.909180;1101.842896;400.322937;;;;;;;;;
200;742.651611;953.632446;158.207642;912.783264;1135.186890;267.499420;682.610291;889.991882;108.010139;655.216309;901.806274;105.773293;976.821655;1101.790405;400.581818;;;;;;;;;
201;742.655945;953.973389;158.181778;912.916626;1135.135254;267.844360;682.733765;890.261719;108.166824;655.187622;901.911011;105.871162;976.778503;1101.692627;400.695923;;;;;;;;;
202;742.764465;954.334961;158.075256;913.028870;1135.127319;267.939087;682.979248;890.667725;108.409073;655.254883;902.112427;105.923180;976.788696;1101.597656;400.977905;;;;;;;;;
203;742.800842;954.744629;157.955399;913.166382;1135.094482;267.903107;683.099609;891.215576;108.509804;655.220703;902.468445;105.851501;976.752258;1101.468628;401.181305;;;;;;;;;
204;742.770996;955.066223;157.900635;913.248352;1135.099731;267.915497;683.017517;891.717590;108.548576;655.146240;902.923340;105.824829;976.777527;1101.335205;401.316498;;;;;;;;;
205;742.728638;955.353943;157.788589;913.382935;1134.921753;267.800720;683.022766;891.913757;108.548859;655.000916;903.297974;105.827835;976.876892;1101.215698;401.430267;;;;;;;;;
206;742.532043;955.705200;157.698090;913.544067;1134.848389;267.749329;682.920166;892.170227;108.587990;654.727722;903.852844;105.887947;976.835388;1101.168701;401.538574;;;;;;;;;
207;742.491455;956.119995;157.249542;913.621033;1134.773071;267.724304;682.247864;892.812988;107.970924;654.347107;904.340515;105.940468;976.830994;1101.066406;401.622833;;;;;;;;;
208;742.360168;956.411316;157.061508;913.637024;1134.664673;267.682373;681.429932;893.488342;107.409340;654.050232;904.792542;105.863113;976.787598;1100.926758;401.628174;;;;;;;;;
209;742.083191;956.693726;156.987534;913.741821;1134.667236;267.580261;680.489014;894.065674;107.479935;653.792175;905.273987;105.722313;976.793030;1100.838989;401.619080;;;;;;;;;
210;741.883667;957.003235;156.903198;913.662354;1134.472534;267.702484;679.783936;894.682129;107.562767;653.461304;905.664856;105.543205;976.785217;1100.716187;401.569916;;;;;;;;;
211;741.696106;957.336975;156.945923;913.803101;1134.352295;267.501190;679.589172;894.855713;107.874825;653.218140;906.123047;105.385956;976.791138;1100.616455;401.499054;;;;;;;;;
212;741.456787;957.690002;156.839127;913.950012;1134.311523;267.191162;679.606140;894.758911;108.208275;652.960510;906.580200;105.215881;976.730835;1100.521118;401.445801;;;;;;;;;
213;741.445068;957.909546;156.727844;914.170227;1134.241089;266.994476;679.488220;894.746338;108.622925;653.088013;907.168701;104.701591;976.708191;1100.492188;401.376587;;;;;;;;;
214;741.133911;958.158447;156.669739;914.610596;1133.958008;266.366791;679.150452;894.829163;108.734314;653.552124;907.746460;104.062508;976.729126;1100.343506;401.200836;;;;;;;;;
215;740.893982;958.334106;156.562515;915.011963;1133.759155;265.876709;679.151611;894.993591;108.878464;654.204041;908.214294;103.322929;976.712280;1100.247437;401.042419;;;;;;;;;
216;740.823853;958.356934;156.543381;915.221313;1133.627563;265.577179;679.052551;894.980286;108.915718;654.998230;908.595398;102.480637;976.728760;1100.167358;400.910126;;;;;;;;;
217;740.897095;958.221802;156.528442;915.341370;1133.491089;265.408844;678.949646;894.979004;108.887436;655.347473;908.753784;102.103912;976.700012;1099.987183;400.752899;;;;;;;;;
218;741.045288;958.034485;156.529541;915.463684;1133.284424;265.298187;678.972107;894.916016;108.816360;655.100769;908.545593;102.308434;976.706177;1099.785034;400.579956;;;;;;;;;
219;741.226074;957.703613;156.624359;915.468567;1133.174927;265.234314;679.054688;894.859863;108.620155;653.328186;907.658203;104.126213;976.786438;1099.698608;400.445679;;;;;;;;;
220;741.510376;957.376160;156.675583;915.562927;1133.007813;265.214874;678.879700;894.997437;108.443550;652.420288;906.964417;105.535461;976.790161;1099.539307;400.310455;;;;;;;;;
221;741.739624;956.901184;156.459610;915.676819;1132.958618;265.188751;678.683655;895.059692;108.016121;652.357544;906.821960;105.895821;976.789551;1099.437866;400.160217;;;;;;;;;
222;741.973022;956.604614;156.420837;915.748962;1132.885620;265.164063;679.679138;894.544312;108.402199;652.654663;906.682251;105.747139;976.863770;1099.280273;399.986481;;;;;;;;;
223;742.215332;956.464844;156.428207;915.795166;1132.796265;265.274689;679.929932;894.031616;108.094543;653.219055;906.449097;105.541885;977.048035;1099.100098;399.785187;;;;;;;;;
224;742.383545;956.325562;156.035370;915.778687;1132.803101;265.348938;680.207947;893.687622;107.941879;653.636230;906.138916;105.573723;977.170044;1099.084595;399.534912;;;;;;;;;
225;742.868958;956.064453;156.115662;915.736450;1132.820435;265.427216;680.264343;893.651794;107.733650;653.898804;905.858582;105.660133;977.118347;1098.936523;399.527130;;;;;;;;;
226;743.208191;955.812500;156.168945;915.814392;1132.656250;265.407318;680.427551;893.547180;107.546364;654.078857;905.511780;105.743790;977.134827;1098.712891;399.495331;;;;;;;;;
227;743.487976;955.642212;156.019974;915.945251;1132.543335;265.330231;680.819763;893.254150;107.258713;654.239441;905.347473;105.847832;977.033875;1098.590210;399.466858;;;;;;;;;
228;743.719360;955.365173;155.946381;916.094116;1132.452637;265.205048;681.018616;893.216309;107.152359;654.306885;905.137146;105.932114;977.092712;1098.420898;399.356323;;;;;;;;;
229;744.044983;955.151367;155.810013;916.155701;1132.360718;265.158051;681.093811;893.137268;107.135208;654.340698;905.004272;106.060585;977.111267;1098.293945;399.345215;;;;;;;;;
230;744.109131;954.994141;155.578079;916.248352;1132.179199;265.120453;681.116394;893.089050;107.093369;654.414856;904.973206;106.130089;977.023376;1098.211182;399.228577;;;;;;;;;
231;744.200012;954.937927;155.426697;916.585876;1131.935547;264.946106;681.032654;893.166626;107.048141;654.416260;905.085876;106.120361;976.882507;1097.863037;398.950928;;;;;;;;;
232;744.242554;954.969727;155.320496;916.608093;1131.878906;264.855377;680.948303;893.281738;107.053085;654.331604;905.121582;106.066963;977.068176;1097.757324;398.786865;;;;;;;;;
233;744.225281;955.010193;155.222870;916.759583;1131.699707;264.715210;680.923279;893.265991;107.091156;654.178101;905.218506;106.085922;977.320984;1097.606689;398.767975;;;;;;;;;
234;744.154175;955.093872;155.080826;917.091248;1131.441406;264.448059;680.835144;893.399231;107.109932;654.062134;905.437805;106.101128;977.656799;1097.353760;398.674866;;;;;;;;;
235;744.131714;955.240662;155.081085;917.460266;1131.204834;264.261780;680.509033;893.585876;107.349838;653.945129;905.695313;105.967728;977.626099;1097.116211;398.652313;;;;;;;;;
236;744.010620;955.462524;154.941803;917.683289;1131.008179;264.125732;680.274536;893.808289;107.480827;653.783325;905.936829;105.954613;977.411133;1096.875610;398.895569;;;;;;;;;
237;743.882446;955.607056;154.976288;918.006104;1130.815308;263.993317;680.117249;893.917542;107.632317;653.540283;906.174683;105.843788;977.362366;1096.744019;398.914490;;;;;;;;;
238;743.759705;955.726929;154.949738;918.273438;1130.609985;263.876740;679.909790;894.001160;107.824646;653.367615;906.516602;105.767830;977.489197;1096.558960;398.767151;;;;;;;;;
239;743.590759;955.923279;155.017517;918.451965;1130.500244;263.766418;679.467163;894.190613;107.976563;653.148560;906.892822;105.603134;977.583191;1096.369507;398.671143;;;;;;;;;
240;743.440735;956.042603;155.088608;918.528992;1130.420410;263.724213;679.201843;894.466980;108.071930;652.810669;907.110718;105.693153;977.553284;1096.195801;398.623718;;;;;;;;;
241;743.278442;956.097839;155.155609;918.606689;1130.425415;263.583862;679.312378;894.477356;108.104950;652.654907;907.231506;105.658607;977.565186;1095.997070;398.506378;;;;;;;;;
242;743.219543;956.089417;155.188980;918.714294;1130.342896;263.469666;679.145935;894.712219;108.107254;652.448242;907.481018;105.965256;977.518494;1095.925049;398.404449;;;;;;;;;
243;743.157776;956.067505;154.970520;918.947266;1130.250488;263.346497;678.911804;894.911377;108.381760;652.008545;907.689392;106.144226;977.551880;1095.801147;398.177643;;;;;;;;;
244;743.108582;956.106018;154.973312;919.008118;1130.196411;263.147461;678.680847;895.035950;108.437202;651.459412;907.797180;106.668365;977.612000;1095.694336;397.989746;;;;;;;;;
245;743.127502;956.088867;155.073898;919.065979;1130.203979;263.017181;678.571838;895.046143;108.452248;651.023621;907.824158;107.201927;977.510010;1095.604248;397.935150;;;;;;;;;
246;743.169434;956.054871;155.218658;919.080627;1130.156738;262.899902;678.624146;895.039185;108.414337;650.817810;907.768738;107.481369;977.545959;1095.506104;397.920105;;;;;;;;;
247;743.131653;955.938721;155.170441;919.145996;1130.073486;262.769287;678.710266;894.893250;108.342438;650.812500;907.752258;107.545357;977.649231;1095.266602;397.604279;;;;;;;;;
248;743.271362;955.942322;155.018784;919.073425;1130.108154;262.721497;678.725525;894.812134;108.309814;650.971680;907.665955;107.443779;977.673096;1095.149048;397.513855;;;;;;;;;
249;743.229736;955.713501;155.045425;919.088501;1130.106079;262.642639;678.707336;894.717285;108.284912;651.188721;907.575012;107.213867;977.675110;1095.136597;397.437256;;;;;;;;;
250;743.269592;955.525574;154.971634;918.992798;1130.063232;262.528687;678.649231;894.614502;108.246086;651.312805;907.493835;107.039108;977.736267;1095.048462;397.337708;;;;;;;;;
251;743.312134;955.300049;154.938995;918.865540;1129.919067;262.531433;678.648804;894.568604;108.213570;651.622559;907.383728;106.571938;977.516602;1095.010010;397.378387;;;;;;;;;
252;743.379578;955.026611;154.834244;919.190552;1129.661865;262.095306;678.048645;894.602478;107.429565;651.823669;907.333130;106.315689;977.498962;1094.931885;397.292786;;;;;;;;;
253;743.369446;954.762695;154.718582;918.868835;1129.593628;262.096710;678.289368;894.362732;107.595718;651.566284;907.136719;106.549644;977.543518;1094.921875;397.249939;;;;;;;;;
254;743.351257;954.406006;154.699524;918.618408;1129.475830;262.034668;677.809509;894.087097;107.534966;651.180054;906.803528;106.786125;977.465942;1094.914551;397.148651;;;;;;;;;
255;743.288513;954.105469;154.609573;918.489014;1129.263794;261.825592;677.883911;893.804504;107.460808;650.687012;906.489563;107.063622;977.382263;1094.892334;397.146301;;;;;;;;;
256;743.200928;953.818481;154.580994;918.326538;1129.009521;261.646667;677.671631;893.641541;107.140938;650.117310;906.256226;107.390793;977.284668;1094.791504;397.133575;;;;;;;;;
257;743.066650;953.587402;154.432037;918.041687;1128.795166;261.415314;677.379822;893.569458;107.051605;649.548340;905.928894;107.715584;977.163879;1094.741455;397.088379;;;;;;;;;
258;742.906189;953.457214;154.222412;917.771851;1128.504883;261.172699;677.108887;893.417236;106.974487;649.724854;905.816223;107.271378;977.044617;1094.652100;397.067108;;;;;;;;;
259;742.771912;953.310730;154.134598;917.542725;1128.239136;261.006195;676.679626;893.362366;106.878616;649.976929;905.892334;107.131912;976.923462;1094.503784;397.020416;;;;;;;;;
260;742.565613;953.110596;154.230026;917.284363;1128.336426;260.907043;676.388794;893.351013;106.794197;650.194275;905.891541;106.457779;976.769409;1094.354248;396.979065;;;;;;;;;
261;742.325317;953.043396;154.173645;917.170959;1127.967773;260.927277;676.174744;893.202271;106.800972;650.211731;905.853088;106.130386;976.550354;1094.237061;396.828766;;;;;;;;;
262;742.102356;952.960876;154.162186;917.133484;1127.756470;260.914917;676.017883;893.030945;106.901459;650.013123;905.860168;106.077873;976.419434;1094.010986;396.797699;;;;;;;;;
263;741.731567;952.795898;154.059036;917.039063;1127.535767;260.865112;675.926697;892.970093;106.927307;649.769043;905.747437;106.205605;976.341431;1093.847168;396.739685;;;;;;;;;
264;741.694641;953.022949;153.730301;916.970398;1127.386108;260.920959;675.904602;892.881409;106.945755;649.524841;905.694702;106.335068;976.194580;1093.717529;396.721130;;;;;;;;;
265;741.561523;953.027649;153.747284;916.883911;1127.347656;261.028961;675.818481;892.796448;106.969521;649.352356;905.684326;106.354286;976.051636;1093.598389;396.753113;;;;;;;;;
266;741.279602;952.807251;154.262772;916.841064;1127.241943;261.108337;675.628845;892.769104;106.914284;649.250671;905.709839;106.154396;975.871704;1093.451416;396.806335;;;;;;;;;
267;741.001709;952.627502;154.381500;916.800781;1127.066895;261.167664;675.511536;892.729004;106.974854;649.084656;905.737183;106.143463;975.761475;1093.247925;396.835205;;;;;;;;;
268;740.845764;952.631958;154.358765;916.689758;1126.911499;261.288635;675.370789;892.670715;106.981903;648.909607;905.747437;106.103745;975.652100;1093.126465;396.818817;;;;;;;;;
269;740.566101;952.500854;154.678497;916.722595;1126.847168;261.341614;675.221680;892.654602;107.033714;648.692078;905.659485;106.035568;975.617065;1093.053345;396.810059;;;;;;;;;
270;740.078552;952.328064;155.150391;916.678650;1126.751953;261.407532;674.710266;892.895874;106.944740;648.460754;905.649963;106.000610;975.516602;1092.951416;396.877930;;;;;;;;;
271;739.772888;952.160889;155.422150;916.530457;1126.720459;261.409668;673.656982;893.345947;107.394356;648.266113;905.663574;105.884789;975.428772;1092.865479;396.850464;;;;;;;;;
272;739.509460;952.055176;155.555679;916.476746;1126.646118;261.424713;673.924988;893.064087;106.869247;648.085266;905.686401;105.715195;975.365540;1092.784912;396.844330;;;;;;;;;
273;739.272095;951.899780;155.798630;916.356750;1126.630737;261.446930;674.131348;892.726563;106.858315;647.947388;905.609680;105.532097;975.376648;1092.757690;396.859070;;;;;;;;;
274;739.026489;951.760925;155.929688;916.200134;1126.606201;261.447784;674.146790;892.320496;107.025543;647.707397;905.603638;105.462570;975.337463;1092.778809;396.892242;;;;;;;;;
275;738.959412;951.603577;155.902740;916.111572;1126.484619;261.483704;673.635620;892.041443;107.321701;647.281921;905.568054;105.437508;975.221130;1092.770874;396.876892;;;;;;;;;
276;738.791199;951.420898;155.904099;916.011841;1126.417236;261.631531;673.619812;891.945618;107.535561;646.937561;905.424622;105.332474;975.059143;1092.774780;396.950714;;;;;;;;;
277;738.687439;951.300659;156.079620;915.830505;1126.428467;261.621552;673.673401;891.819885;107.633865;646.475708;905.334045;105.559502;975.210144;1092.772461;397.064178;;;;;;;;;
278;738.548096;951.215088;156.095581;915.759705;1126.385864;261.642181;673.681030;891.727295;107.661476;646.454285;905.215149;105.631020;975.134399;1092.776001;396.973969;;;;;;;;;
279;738.523560;951.045776;156.198120;915.690002;1126.450439;261.671295;673.636597;891.517151;107.621552;646.337524;905.165466;105.730927;975.227600;1092.781006;397.053162;;;;;;;;;
280;738.461060;950.911194;156.314407;915.623535;1126.434082;261.740906;673.649719;891.375244;107.602699;646.540955;904.926636;105.551079;975.082642;1092.788452;397.110687;;;;;;;;;
281;738.389832;950.803711;156.500137;915.548340;1126.385864;261.757965;673.783203;891.251892;107.551445;646.702698;904.672729;105.487480;975.170044;1092.776733;397.133423;;;;;;;;;
282;738.396667;950.763855;156.645935;915.653870;1126.359985;261.957611;673.986328;891.133545;107.431313;646.987305;904.487793;105.422592;975.443787;1092.664551;396.913147;;;;;;;;;
283;738.465942;950.677368;156.856277;915.694885;1126.527710;262.056671;674.109375;890.960938;107.351204;647.369385;904.329041;105.396629;975.171570;1092.764526;397.188782;;;;;;;;;
284;738.403381;950.750305;156.997070;915.742249;1126.596313;262.162201;674.288269;890.708252;107.308647;647.860535;904.231628;105.174232;975.012207;1092.685425;397.322876;;;;;;;;;
285;738.665527;950.664001;157.269913;915.835754;1126.727661;262.261688;674.748047;890.566589;107.291908;648.285217;904.075012;104.902794;975.272888;1092.625122;397.087585;;;;;;;;;
286;738.735779;950.486877;157.844391;915.894348;1126.945190;262.467957;675.078186;890.443054;107.332062;648.649292;903.849365;104.857185;975.433105;1092.551147;397.163025;;;;;;;;;
287;738.787048;950.561951;158.246140;915.905457;1127.205444;262.694855;675.304443;890.392578;107.306152;648.909363;903.689331;105.013939;975.144348;1092.711060;397.594238;;;;;;;;;
288;738.772034;950.588562;158.551880;915.965515;1127.385498;262.892456;675.555115;890.323059;107.310524;649.142944;903.560364;105.109703;975.126221;1092.768555;397.921478;;;;;;;;;
289;738.792664;950.654114;158.794357;915.941589;1127.561523;263.191711;675.766174;890.352356;107.325912;650.082581;903.528687;104.366180;975.136841;1092.821045;398.069855;;;;;;;;;
290;738.642151;950.854065;159.011124;915.935364;1127.800903;263.469208;676.001953;890.497986;107.167923;650.197266;903.469116;104.489838;975.136108;1092.818726;398.210815;;;;;;;;;
291;738.593079;951.165955;159.233673;916.015625;1128.016968;263.726410;676.193726;890.750732;107.130928;650.056885;903.373840;104.868492;975.098572;1093.004883;398.441986;;;;;;;;;
292;738.582458;951.320313;159.396255;915.861877;1128.319946;264.099060;676.832092;890.934326;107.643242;650.093506;903.291565;105.155388;975.113464;1093.073608;398.572632;;;;;;;;;
293;738.577026;951.547668;159.492615;915.625122;1128.733398;264.527618;676.887268;891.284851;107.656944;650.313965;903.373779;105.189880;975.142578;1093.065063;398.723450;;;;;;;;;
294;738.559570;951.709961;159.632675;915.470398;1128.956055;264.828430;676.635681;891.971985;107.262627;650.581787;903.522522;105.015427;975.126404;1093.152588;398.842316;;;;;;;;;
295;738.669189;951.896851;159.853500;915.499146;1129.243164;264.964600;676.531677;891.948486;106.985634;650.903748;903.676941;104.777695;974.951416;1093.331665;399.149872;;;;;;;;;
296;738.539978;952.183899;160.082794;915.532776;1129.388306;264.935608;676.939453;892.611816;107.069191;651.261780;903.809448;104.650856;974.824219;1093.427124;399.325867;;;;;;;;;
297;738.408936;952.496216;160.307083;915.385925;1129.505615;265.135315;677.249207;892.989746;107.120926;651.497803;904.044861;104.470039;974.840515;1093.493408;399.439758;;;;;;;;;
298;738.290222;952.789001;160.527817;915.282776;1129.711182;265.363312;677.449097;893.197266;107.167252;651.656494;904.285400;104.357834;974.799927;1093.622559;399.582275;;;;;;;;;
299;738.194519;953.113831;160.756409;915.331482;1129.908936;265.362549;677.487549;893.538879;107.184753;651.735291;904.424133;104.281624;974.813354;1093.712402;399.731445;;;;;;;;;
300;738.025574;953.468872;161.064255;915.359070;1130.141602;265.457245;677.797913;893.429199;107.677109;651.829651;904.644287;104.281036;974.823425;1093.879883;399.806732;;;;;;;;;
301;737.931763;953.865784;161.315018;915.363281;1130.342896;265.655670;678.270752;892.991638;108.014580;651.875122;904.884338;104.257118;974.885742;1093.925781;399.880615;;;;;;;;;
302;737.763367;954.325439;161.562317;915.386475;1130.637817;265.753693;678.255554;893.327271;108.433327;651.976563;905.226379;104.208862;974.905212;1093.982178;399.953064;;;;;;;;;
303;737.623718;954.912048;161.813339;915.516418;1130.992676;265.848145;678.069519;893.777283;108.627449;651.853821;905.604553;104.844734;974.956360;1094.103271;400.023376;;;;;;;;;
304;737.439453;955.357178;162.187912;916.031555;1131.421387;265.635834;678.088379;894.195862;108.961304;651.575745;905.763428;105.340431;975.076477;1094.205078;400.069855;;;;;;;;;
305;737.230896;955.777893;162.424622;916.120117;1131.708740;265.874542;678.037048;894.473083;109.168251;651.413757;906.008972;105.605247;975.126221;1094.300903;400.094482;;;;;;;;;
306;737.043762;956.073059;162.692535;916.163940;1132.033813;266.016541;677.915588;894.587036;109.501968;651.606934;906.532410;105.401588;975.188599;1094.464844;399.971680;;;;;;;;;
307;736.772034;956.480957;163.203842;916.399292;1132.406982;265.996613;677.791321;895.170044;109.642853;652.957092;907.512817;104.182587;975.344360;1094.605347;399.953278;;;;;;;;;
308;736.466797;956.989624;163.656372;916.671021;1132.661499;266.003021;678.029053;896.122803;109.082069;653.899414;908.423523;103.180672;975.417236;1094.658813;400.051880;;;;;;;;;
309;736.389954;957.629944;163.781754;916.925354;1132.968018;266.013245;678.064087;897.470642;108.189613;653.850037;908.764954;103.142067;975.407227;1094.723999;400.120758;;;;;;;;;
310;736.330383;958.282104;163.964218;917.177002;1133.250977;265.974548;678.105225;898.195984;108.114609;652.811951;908.742798;104.115669;975.476318;1094.800171;400.342957;;;;;;;;;
311;736.406677;958.819702;164.133011;917.421570;1133.675903;265.927582;678.337830;898.307922;108.547318;652.023865;908.863464;105.194519;975.914856;1094.993774;400.098328;;;;;;;;;
312;736.457275;959.364380;164.170135;917.624207;1133.960449;266.057098;678.422302;898.503601;108.978554;651.785828;909.164429;105.426254;975.858826;1095.197998;400.078247;;;;;;;;;
313;736.507202;959.819275;164.179626;917.581177;1134.261841;266.319946;678.506348;898.682068;109.202621;651.848816;909.667236;105.458015;975.990112;1095.198975;400.215393;;;;;;;;;
314;736.577271;960.190430;164.185349;917.476135;1134.664185;266.730804;678.585815;899.099548;109.342369;652.023315;910.277344;105.335075;975.876526;1095.475220;400.379120;;;;;;;;;
315;736.741577;960.489136;164.024033;917.433899;1134.917358;266.971802;678.679504;899.464478;109.320938;652.221802;910.796692;105.202675;975.940491;1095.736572;400.477051;;;;;;;;;
316;736.895874;960.855652;163.891525;917.499023;1135.317139;267.136749;678.766968;899.951904;109.170952;652.255310;911.275391;105.558601;976.136841;1095.935425;400.260071;;;;;;;;;
317;737.085938;961.486694;163.622604;917.643066;1135.668335;267.239014;678.903992;900.419617;108.970642;652.144714;911.665649;105.718796;976.291748;1096.168823;400.268707;;;;;;;;;
318;737.341797;961.975891;163.538467;917.785095;1135.937134;267.270325;679.094910;901.037292;108.813789;652.231079;912.075867;105.738358;976.394531;1096.328369;400.419739;;;;;;;;;
319;737.658447;962.472412;163.423874;917.992615;1136.263916;267.328217;679.132385;901.494995;108.731659;652.389587;912.437073;105.723770;976.472717;1096.550537;400.457062;;;;;;;;;
320;738.001709;963.077026;162.963058;918.250732;1136.512451;267.486938;679.896667;901.751953;109.101181;652.474243;912.702515;105.549728;976.638367;1096.750732;400.554565;;;;;;;;;
321;738.244446;963.463623;162.789902;918.391174;1136.756592;267.587860;679.643555;902.163818;108.853683;652.674866;912.924316;105.380295;976.773376;1096.992065;400.638611;;;;;;;;;
322;738.510498;963.730408;162.657272;918.364868;1137.010742;267.539124;679.549988;902.396423;108.853119;652.797119;913.166687;105.250389;976.882507;1097.237183;400.657867;;;;;;;;;
323;738.669495;963.782227;162.710312;918.495728;1137.165039;267.553375;679.622681;902.717773;108.851311;653.046875;913.485413;105.704086;976.951477;1097.357300;400.655792;;;;;;;;;
324;738.825317;963.943359;162.649170;918.542786;1137.369507;267.601685;679.706177;902.840942;108.853584;653.100220;913.559875;106.015327;977.001892;1097.463379;400.665802;;;;;;;;;
325;738.903076;964.161926;162.469360;918.589844;1137.621948;267.645447;679.741638;902.832581;108.999977;653.076416;913.723633;106.286346;976.991638;1097.710693;400.648438;;;;;;;;;
326;739.145813;964.236084;162.336655;918.556091;1137.839600;267.667450;679.857422;902.847046;109.093338;653.097168;913.824768;106.415733;977.030518;1097.892334;400.613007;;;;;;;;;
327;739.289917;964.285706;162.123550;918.510742;1138.042969;267.687012;679.887024;902.845276;109.098320;653.177734;913.921143;106.476707;976.986877;1098.017090;400.640228;;;;;;;;;
328;739.244751;964.252563;162.047043;918.412781;1138.170532;267.684052;679.865479;902.828125;109.070473;653.213806;914.038879;106.520561;976.954224;1098.231689;400.576019;;;;;;;;;
329;739.347046;964.257446;161.942596;918.298889;1138.292236;267.695160;679.886780;902.916931;108.974266;653.196838;914.053772;106.555832;976.991943;1098.365967;400.557556;;;;;;;;;
330;739.605103;964.265198;161.712646;918.254517;1138.341919;267.573608;679.903015;902.894714;108.932480;653.251953;914.026794;106.552223;976.922974;1098.487915;400.574219;;;;;;;;;
331;739.941833;964.423157;161.239807;918.154968;1138.453247;267.560852;679.846985;902.896179;108.810150;652.894653;914.003723;106.678978;976.896362;1098.692017;400.557495;;;;;;;;;
332;740.034241;964.186707;161.285736;918.041016;1138.449463;267.414398;679.839661;903.012939;108.565048;653.036438;913.982422;106.801918;976.901978;1098.745728;400.467773;;;;;;;;;
333;740.265320;964.092957;161.060745;917.976563;1138.418457;267.161285;679.581909;903.245361;108.122719;653.253784;913.776978;106.770721;976.853577;1098.838379;400.462128;;;;;;;;;
334;740.420227;963.993958;160.839447;917.950623;1138.331055;266.959564;679.402100;903.324585;107.849403;653.144104;913.768311;106.718452;976.797302;1098.957520;400.364044;;;;;;;;;
335;740.514160;963.860840;160.511093;917.751526;1138.194336;266.806335;679.362976;903.071411;107.736580;653.036255;913.581482;106.787926;976.749268;1099.017212;400.247772;;;;;;;;;
336;740.755798;963.680115;160.177887;917.531372;1138.250122;266.490173;679.346741;902.783386;107.666107;652.903992;913.319092;106.924477;976.680176;1099.135254;400.060974;;;;;;;;;
337;740.949585;963.255127;159.852173;917.371094;1138.086670;266.281738;679.247681;902.557983;107.612450;652.720520;913.065613;106.938538;976.618042;1099.242065;399.969116;;;;;;;;;
338;741.108093;962.694458;159.364380;917.284180;1137.888062;266.062439;679.155518;902.180725;107.543304;652.647705;912.735901;106.936844;976.622925;1099.285034;399.818390;;;;;;;;;
339;741.174744;962.085876;159.149445;917.219055;1137.634888;265.653320;679.408264;901.257690;107.952126;652.495361;912.513611;106.866631;976.549500;1099.329346;399.618835;;;;;;;;;
340;741.139221;961.469299;159.049454;917.132568;1137.406372;265.524658;679.517029;900.572327;108.271431;652.436096;912.299683;106.858154;976.476196;1099.422241;399.506653;;;;;;;;;
341;741.088318;960.968811;159.057236;917.111389;1137.081787;265.215515;679.351746;899.988159;108.376144;652.796021;912.234009;106.314056;976.550110;1099.418335;399.335785;;;;;;;;;
342;741.022888;960.546936;158.875565;917.042236;1136.780762;265.031036;679.100403;899.597534;108.324661;654.327820;912.154236;104.500160;976.622131;1099.447266;399.118622;;;;;;;;;
343;741.280212;960.215088;158.660690;916.885498;1136.592896;264.908386;679.040833;899.358948;108.174118;655.584412;912.199402;103.007591;976.629700;1099.355103;399.016724;;;;;;;;;
344;741.331116;959.815918;158.615372;916.608765;1136.393433;264.928345;679.080994;898.866333;108.071327;655.846741;911.706787;102.533089;976.522400;1099.395142;398.925201;;;;;;;;;
345;741.406738;959.260620;158.477509;916.339966;1136.150879;264.807281;679.232361;898.213013;108.069084;655.969727;911.114990;102.732277;976.534180;1099.416016;398.877533;;;;;;;;;
346;741.505798;958.746948;158.189240;916.092651;1135.791382;264.762848;678.860168;898.110046;107.628494;654.723755;909.856140;104.383934;976.511780;1099.291992;398.943970;;;;;;;;;
347;741.608337;958.101379;158.069473;915.707825;1135.567139;264.712646;678.561401;897.843872;107.475914;652.769836;908.805786;106.706688;976.385315;1099.181885;398.928925;;;;;;;;;
348;741.680908;957.517395;158.007553;915.296021;1135.244141;264.815033;678.735229;897.138977;107.534164;651.807007;907.810181;108.201820;976.230774;1099.065063;398.971588;;;;;;;;;
349;741.865601;956.973572;158.019806;914.864807;1134.874268;264.840912;678.923584;896.267761;107.426239;652.030029;907.044434;108.151764;976.240051;1098.966553;398.958527;;;;;;;;;
350;742.097412;956.470154;158.022064;914.633545;1134.609985;264.820557;679.160400;895.324524;107.376678;652.952576;906.285278;107.233574;976.122864;1098.971191;398.921814;;;;;;;;;
351;742.160400;955.901917;158.240646;914.448181;1134.354736;264.884155;679.874756;893.879883;107.709023;653.721741;905.535767;106.684975;976.058960;1098.856079;398.960052;;;;;;;;;
352;742.311096;955.254883;158.362076;914.212341;1134.132202;264.981018;680.540222;892.849426;107.649475;654.102295;904.751282;106.624275;975.932922;1098.817383;399.042664;;;;;;;;;
353;742.511108;954.588623;158.565048;914.038452;1133.861572;265.120148;681.460754;892.151062;108.015434;654.439819;903.795471;106.875732;975.816772;1098.709473;399.120697;;;;;;;;;
354;742.769714;953.777344;158.690674;913.881409;1133.706543;265.247925;682.235046;891.142029;108.405518;654.747131;902.835510;106.788651;975.649353;1098.618408;399.183167;;;;;;;;;
355;743.148315;952.914612;158.750488;913.766174;1133.427734;265.385773;682.398132;889.986450;108.009010;655.277954;901.914063;106.657722;975.556152;1098.508301;399.222565;;;;;;;;;
356;743.723328;952.200928;158.659668;913.740112;1133.260376;265.471161;682.235352;889.586487;107.502182;655.978271;901.312683;106.500549;975.542908;1098.441284;399.274841;;;;;;;;;
357;744.244812;951.579041;158.379883;913.775696;1133.024048;265.615997;683.045898;889.572144;107.011398;656.262329;900.834229;106.084366;975.442139;1098.330200;399.344147;;;;;;;;;
358;744.667236;951.032593;157.872375;913.859985;1132.881348;265.631500;684.023499;889.178955;106.259827;656.544006;900.234802;105.748062;975.384399;1098.272095;399.484222;;;;;;;;;
359;745.200928;950.365845;157.567154;913.876709;1132.661011;265.824310;684.881775;888.567688;105.638351;656.867004;899.742065;105.472145;975.318665;1098.145508;399.639923;;;;;;;;;
360;745.608643;949.903198;157.509201;913.841492;1132.605591;265.993652;685.224426;888.320435;105.607628;657.432861;899.291077;105.390984;975.297913;1098.098755;399.721649;;;;;;;;;
361;745.948303;949.496826;157.470703;913.788574;1132.424561;266.325226;685.156982;888.381958;104.689072;658.063049;899.028503;105.260162;975.279846;1098.004639;399.848663;;;;;;;;;
362;746.245911;949.094971;157.441467;913.524841;1132.287231;266.704773;685.324402;888.349487;105.023277;658.079895;898.855591;105.361694;975.236816;1097.901245;399.990021;;;;;;;;;
363;746.498657;948.923889;157.460663;913.475342;1132.118408;266.791473;685.881409;887.796082;105.673592;658.054138;898.806885;105.539169;975.135803;1097.687622;400.319214;;;;;;;;;
364;746.696106;948.854980;157.343628;913.606934;1132.061768;266.771332;685.252014;888.644165;104.954910;658.128723;898.794434;105.627388;975.094055;1097.594238;400.694336;;;;;;;;;
365;746.620361;948.913269;157.405823;913.742859;1132.025757;266.837006;684.935547;889.191833;104.477425;658.203186;898.800781;105.573936;974.930908;1097.510010;400.928009;;;;;;;;;
366;746.620972;948.968384;157.518066;913.856995;1132.078979;266.969299;684.934387;889.335022;104.395531;658.396973;898.909241;105.493637;974.885803;1097.395020;401.218231;;;;;;;;;
367;746.625366;949.131958;157.589203;913.968201;1132.026001;267.160065;685.115356;889.205383;104.742783;658.826050;898.942566;105.324112;974.842102;1097.338379;401.366394;;;;;;;;;
368;746.625854;949.288391;157.656677;914.052063;1132.078613;267.229736;685.436951;888.801514;105.223549;658.877563;899.179199;105.172165;974.876221;1097.299438;401.462189;;;;;;;;;
369;746.617798;949.560303;157.755920;914.058411;1132.180420;267.447815;685.576782;888.622253;105.423798;658.906067;899.434387;105.105530;974.862610;1097.300171;401.517853;;;;;;;;;
370;746.597351;949.849182;157.848602;914.074890;1132.344482;267.601166;685.668396;888.647949;105.517570;659.046204;899.659058;105.092812;975.004333;1097.272705;401.653015;;;;;;;;;
371;746.532104;950.048218;158.053619;914.081909;1132.476074;267.825928;685.771790;888.561340;105.706230;659.141602;899.886780;105.019783;975.097839;1097.282227;401.753540;;;;;;;;;
372;746.470398;950.311523;158.287033;914.174438;1132.584961;267.834503;685.864258;888.526733;105.825554;659.169373;900.131470;105.377480;975.134216;1097.300293;401.807251;;;;;;;;;
373;746.400940;950.548279;158.399902;914.192261;1132.789551;267.924103;685.923706;888.573120;105.899956;659.232849;900.301758;105.143997;975.151123;1097.346558;401.883087;;;;;;;;;
374;746.304993;950.739197;158.573013;914.246887;1133.026245;268.037048;685.964294;888.599060;105.959778;;;;975.154968;1097.423462;402.040466;;;;;;;;;
375;746.344238;950.904114;158.665619;914.183228;1133.171021;268.134430;686.066040;888.609802;106.035782;;;;975.238281;1097.451294;402.081726;659.262146;900.435181;105.653557;;;;;;
376;746.292664;951.028137;158.761063;914.093506;1133.428345;268.401642;686.166016;888.834229;106.053452;;;;975.276550;1097.646729;402.102692;659.436401;900.537231;105.614349;;;;;;
377;746.230347;951.058167;158.981888;913.943176;1133.761597;268.594849;686.248230;888.915649;106.087288;;;;975.299805;1097.764526;402.164673;659.542480;900.665833;105.490730;;;;;;
378;746.257507;951.137878;158.920624;913.745422;1134.086670;268.995331;686.340698;888.942383;106.055313;;;;975.409851;1097.944824;402.113800;659.583801;900.698059;105.422440;;;;;;
379;746.221558;951.204163;158.917816;913.485962;1134.308960;269.223419;686.353271;889.136536;106.015450;;;;975.361938;1098.075562;402.164185;659.612732;900.598450;105.437416;;;;;;
380;746.181458;951.214417;158.948746;913.157166;1134.486938;269.472870;686.359070;889.205261;105.986900;;;;975.374329;1098.276245;402.217712;659.631470;900.556335;105.579819;;;;;;
381;746.133850;951.222046;159.001892;912.727600;1134.731567;269.732697;686.401489;889.107117;106.034096;;;;975.439880;1098.407959;402.270905;659.535095;900.454285;105.567322;;;;;;
382;746.000671;951.130615;158.992477;912.453430;1134.832642;269.894897;686.323364;889.054871;105.966431;;;;975.413879;1098.607910;402.321320;659.508606;900.434753;105.560417;;;;;;
383;745.837524;951.145203;159.001083;912.115845;1134.850830;270.140564;686.296936;888.922729;105.965225;;;;975.398987;1098.818481;402.401794;659.431458;900.348083;105.445480;;;;;;
384;745.544983;951.033691;159.201248;911.798767;1134.794556;270.306335;686.264160;888.778381;105.975250;;;;975.328369;1099.028076;402.544800;;;;;;;;;
385;745.240051;950.995117;159.270599;911.351074;1134.721436;270.535797;686.155457;888.810608;105.889977;;;;975.235107;1099.231323;402.709198;;;;658.890503;900.040588;105.545593;;;
386;744.869446;950.899719;159.302780;911.053345;1134.540894;270.634796;686.106567;888.931030;105.713654;;;;975.135376;1099.350830;402.850616;;;;659.000610;900.012878;104.967094;;;
387;744.596069;950.942017;159.180695;910.743835;1134.250000;270.647858;685.960449;889.085693;105.484329;;;;975.057495;1099.426025;403.056915;;;;658.974182;900.074341;104.625206;;;
388;744.066040;951.055542;159.271255;910.288940;1134.015747;270.762115;685.766968;888.857727;105.597496;;;;974.848267;1099.541382;403.291138;;;;658.623291;900.016052;104.567802;;;
389;743.797729;951.060303;159.321320;909.856384;1133.808716;270.929596;685.458801;888.699646;105.566177;;;;974.754822;1099.694580;403.560486;;;;657.985168;899.796143;104.922981;;;
390;743.446289;951.124878;159.312805;909.589233;1133.579346;271.121490;684.881226;889.232483;104.775986;;;;974.700134;1099.785278;403.706329;;;;657.862122;899.738953;104.986336;;;
391;742.955200;951.217346;159.360458;909.280151;1133.376221;271.211945;684.614807;889.893799;104.264755;;;;974.586853;1099.758789;403.805573;;;;657.387512;899.933838;104.839981;;;
392;742.463562;951.282654;159.675598;909.059509;1133.346924;271.348145;684.428772;890.055847;104.146225;;;;974.458740;1099.688477;403.966980;;;;;;;;;
393;741.651794;951.412659;160.047455;908.735962;1133.254883;271.547424;684.023315;890.111816;104.433929;;;;974.200134;1099.657227;404.263000;;;;;;;657.077515;899.885193;104.265129
394;740.798096;951.367493;160.400116;908.361755;1133.185547;271.806580;683.930664;889.489929;105.482674;;;;973.980225;1099.597168;404.523438;;;;;;;656.871887;899.892578;104.177475
395;739.971436;951.390991;160.974396;908.136353;1133.083862;271.986328;683.743042;889.158936;105.727806;;;;973.856018;1099.566162;404.611420;;;;;;;656.650330;899.887695;104.008545
396;739.320435;951.599670;161.237000;907.837830;1133.019409;272.250824;683.511353;889.264038;105.744987;;;;973.712769;1099.434082;404.760132;;;;;;;656.600769;900.009399;103.700073
397;738.803467;951.787048;161.404282;907.585693;1132.929565;272.571259;683.281799;889.362976;105.782860;;;;973.465698;1099.517456;405.083618;;;;;;;656.357605;900.006897;103.465446
398;738.426453;951.976868;161.582718;907.343262;1132.763794;272.725403;682.938782;889.539917;105.467354;;;;973.173035;1099.351685;405.476990;;;;;;;656.156067;900.009277;103.371124
399;738.075378;952.153381;161.645126;907.182434;1132.669312;272.840454;682.587036;890.102295;104.854263;;;;973.337708;1099.146973;405.487579;;;;;;;656.004028;900.006775;103.351707
400;737.663452;952.232727;161.918396;907.135132;1132.639404;272.952271;682.414612;890.262085;104.829521;;;;973.291504;1099.076782;405.585022;;;;;;;655.921265;900.010803;103.324959
401;737.096680;952.215271;162.355972;906.918640;1132.561279;273.365082;682.367798;889.964478;105.232491;;;;972.763916;1099.010498;406.187256;;;;;;;655.944397;899.839539;103.220390
402;736.584167;952.245117;162.766632;906.747314;1132.522095;273.612549;682.286987;889.915161;105.876472;;;;972.941895;1098.971802;406.221252;;;;;;;655.891296;899.882996;103.066551
403;736.221558;952.291870;163.012527;906.666016;1132.566284;273.779510;682.302551;889.719543;105.908813;;;;972.988892;1098.898071;406.340973;;;;;;;655.703735;900.056396;102.950569
404;735.910217;952.414246;163.114151;906.573608;1132.543457;273.972931;682.107971;889.865601;105.727295;;;;972.977295;1098.860107;406.552521;;;;;;;655.666870;900.083252;102.954834
405;735.654907;952.572510;163.214661;906.447388;1132.533203;274.265381;682.173950;890.344421;105.279938;;;;972.901245;1098.861938;406.648712;;;;;;;655.627441;900.077271;102.877068
406;735.388000;952.394531;163.694946;906.377625;1132.578613;274.351288;682.277283;890.349426;105.289948;;;;972.819214;1098.913452;406.870361;;;;;;;655.636292;899.980469;102.826675
407;735.092285;952.472778;163.967163;906.162170;1132.683228;274.572601;682.222839;889.974792;105.949333;;;;972.856812;1099.013428;406.994629;;;;;;;655.683594;899.959717;102.796036
408;734.904907;952.460449;164.149506;906.175354;1132.869019;274.725037;682.027649;890.026794;105.762703;;;;972.857239;1099.039795;407.115112;;;;;;;655.660889;899.972290;102.808250
409;734.833862;952.400940;164.325043;905.950989;1133.015381;275.077301;682.285522;889.898438;105.985802;;;;972.769165;1099.064941;407.274384;;;;;;;655.715088;899.858398;102.878067
410;734.755127;952.397217;164.574829;905.907349;1133.051270;275.132507;682.346313;889.882690;105.988579;;;;972.645874;1099.181641;407.420532;;;;;;;655.714539;899.829285;102.905128
411;734.666565;952.293640;164.587509;905.643127;1133.220215;275.502747;682.414673;889.824524;106.074364;;;;972.415161;1099.375610;407.790680;;;;;;;655.708618;899.834412;102.905136
412;734.656494;952.184326;164.658890;905.390991;1133.320923;275.775848;682.426697;889.801331;106.071678;;;;972.332581;1099.504761;407.943420;;;;;;;655.689209;899.741272;102.920387
413;734.645630;952.096313;164.784058;905.343323;1133.412720;275.850616;682.425964;889.799011;106.070221;;;;972.599365;1099.488159;407.984192;;;;;;;655.688782;899.714905;102.894516
414;734.622864;952.050476;164.866943;905.303284;1133.335938;276.085419;682.513000;889.909912;105.900322;;;;972.307007;1099.594360;408.211426;;;;;;;655.701477;899.723511;102.874252
415;734.590210;951.924866;164.937134;905.266052;1133.333740;276.208008;682.565002;889.846252;105.959869;;;;972.118042;1099.695190;408.308289;;;;;;;655.707947;899.631165;102.846382
416;734.672119;951.839600;164.977982;905.175781;1133.381470;276.254822;682.567871;889.807068;106.030235;;;;972.090027;1099.710449;408.302338;;;;;;;655.730713;899.610291;102.866486
417;734.687744;951.756287;165.039597;905.136719;1133.406616;276.333160;682.569092;889.826599;105.818924;;;;972.089417;1099.756836;408.449127;;;;;;;655.741760;899.603271;102.951706
418;734.721680;951.621521;165.074783;905.200562;1133.457397;276.326965;682.583069;889.746094;105.924973;;;;971.959167;1099.743530;408.607208;;;;;;;655.744568;899.596008;102.945969
419;734.723572;951.531555;165.168320;905.250610;1133.388184;276.316559;682.643921;889.799316;105.774063;;;;971.822998;1099.819702;408.723083;;;;;;;655.774109;899.498413;102.918457
420;734.746033;951.491638;165.195023;905.195801;1133.442993;276.346283;682.703186;889.822449;105.689743;;;;971.728149;1099.832397;408.774963;;;;;;;655.819885;899.490723;102.883736
421;734.828308;951.475769;165.309570;905.132935;1133.477661;276.383759;682.702698;889.714478;105.843559;;;;971.696594;1099.888794;408.812378;;;;;;;655.781494;899.495667;102.929443
422;734.859680;951.393188;165.232269;905.039795;1133.529419;276.434540;682.881470;889.828491;105.931946;;;;971.668152;1099.903931;408.809357;;;;;;;655.766052;899.486511;102.931786
423;734.909729;951.401367;165.175659;905.048462;1133.539917;276.494629;682.868103;889.760193;105.903122;;;;971.667236;1099.983398;408.815613;;;;;;;655.864380;899.483582;102.949921
424;734.870361;951.387146;165.203247;905.048035;1133.587280;276.502747;682.819763;889.671265;105.822617;;;;971.641907;1100.008057;408.833557;;;;;;;655.861389;899.480713;102.958366
425;734.880554;951.394348;165.212555;905.017029;1133.639893;276.532837;682.860535;889.663940;105.778893;;;;971.580322;1100.096558;408.901550;;;;;;;655.879578;899.485840;102.944878
426;734.947144;951.389648;165.278183;904.988220;1133.694824;276.542999;682.958679;889.842957;105.824776;;;;971.599609;1100.110962;408.886932;;;;;;;655.891235;899.490540;102.931053
427;734.948914;951.409729;165.381790;904.977905;1133.686646;276.588837;682.935486;889.891479;105.842506;;;;971.612061;1100.180542;408.875366;;;;;;;655.935303;899.489258;102.899040
428;734.947388;951.449890;165.193192;904.932007;1133.718506;276.587463;682.998230;889.803223;105.901855;;;;971.584167;1100.203857;408.866913;;;;;;;655.954529;899.493713;102.878296
429;734.929199;951.447876;165.282532;904.968750;1133.703125;276.558929;683.017822;889.767395;105.928810;;;;971.580811;1100.288208;408.917267;;;;;;;655.955017;899.495178;102.876183
430;734.927612;951.352295;165.326736;904.967285;1133.782104;276.566528;683.001709;889.830811;105.906433;;;;971.542053;1100.388672;408.948364;;;;;;;655.964783;899.484375;102.963577
431;734.906433;951.399353;165.385956;904.973572;1133.823120;276.585144;683.009766;889.870483;105.789024;;;;971.559631;1100.420532;408.922882;;;;;;;655.987610;899.470825;102.976974
432;734.903809;951.333984;165.299606;905.013000;1133.824219;276.557373;683.009216;889.807312;105.875511;;;;971.570862;1100.497437;408.929138;;;;;;;655.959229;899.475952;102.986839
433;734.915405;951.260254;165.330688;905.006409;1133.832520;276.438843;683.017456;889.724792;105.923454;;;;971.598450;1100.632324;408.877106;;;;;;;655.888977;899.487305;102.943237
434;734.952576;951.289917;165.193726;905.010193;1133.833740;276.414124;683.043884;889.789917;105.854927;;;;971.652832;1100.657227;408.806580;;;;;;;655.978882;899.475769;102.958076
435;735.016052;951.294861;165.165009;905.024780;1133.923462;276.391052;683.044067;889.835449;105.825912;;;;971.664551;1100.715088;408.815369;;;;;;;655.893616;899.392883;102.944366
436;735.082947;951.146912;165.123138;904.990112;1133.985596;276.373260;683.111877;889.710815;105.846840;;;;971.620850;1100.759644;408.822510;;;;;;;655.910278;899.464172;102.922890
437;735.203857;951.207153;165.158020;905.032654;1133.967407;276.347107;683.079834;889.645142;105.759750;;;;971.654419;1100.873901;408.797546;;;;;;;655.977173;899.385132;102.966171
438;735.360718;951.206604;165.030762;905.020386;1134.001709;276.255768;683.114197;889.602112;105.928101;;;;971.737122;1100.886108;408.758240;;;;;;;655.976807;899.357788;102.989670
439;735.515259;951.129822;164.968414;905.065063;1134.020874;276.169373;683.084595;889.652771;105.919907;;;;971.708679;1100.982178;408.683777;;;;;;;655.965271;899.357910;102.997375
440;735.774719;951.107849;164.775299;904.730713;1134.180054;276.391235;683.133850;889.670288;105.829071;;;;971.854553;1101.092651;408.478210;;;;;;;655.963196;899.360657;102.996750
441;735.975159;951.138550;164.582382;904.957153;1134.163208;276.042145;683.210449;889.557190;105.651810;;;;971.895874;1101.142090;408.380127;;;;;;;655.965759;899.362000;102.993454
442;736.362854;951.162170;164.419785;905.111572;1134.151489;275.868683;683.248962;889.853455;105.213043;;;;971.971069;1101.212646;408.324036;;;;;;;656.141846;899.163757;103.159737
443;736.384705;951.234253;164.102158;905.147827;1134.168335;275.848053;683.208008;890.204346;104.686043;;;;972.039612;1101.275879;408.236511;;;;;;;656.060486;899.314331;103.112480
444;736.582520;951.248962;163.932159;905.161743;1134.147949;275.794678;683.197815;890.270081;104.609444;;;;972.092163;1101.283691;408.209442;;;;;;;656.004822;899.360840;103.102982
445;736.715332;951.299072;163.782242;904.781616;1134.213501;275.723297;683.235718;890.240051;104.668846;;;;972.138672;1101.309570;408.149475;;;;;;;656.027405;899.341431;103.244759
446;736.880981;951.368164;163.533417;905.311035;1134.000610;275.459503;683.246887;890.146912;104.624077;;;;972.122437;1101.319092;408.082886;;;;;;;656.071777;899.316467;103.204170
447;737.008850;951.412964;163.380768;905.339600;1134.034180;275.649109;683.230347;890.181519;104.575874;;;;972.091980;1101.345825;408.055450;;;;;;;656.068970;899.428345;103.191261
448;737.167297;951.608276;162.998383;905.322693;1134.032471;275.651611;683.179443;890.219543;104.585953;;;;972.378601;1101.294434;407.848389;;;;;;;656.103882;899.463196;103.162346
449;737.227722;951.627808;162.902832;905.279236;1134.019409;275.666504;683.238098;890.145020;104.717499;;;;972.489075;1101.281494;407.720734;;;;;;;656.083923;899.454102;103.170906
450;737.191406;951.667358;162.844910;905.450439;1133.996094;275.487183;683.224976;890.230225;104.663300;;;;972.838074;1101.468994;407.590332;;;;;;;656.104736;899.440430;103.165627
451;737.141785;951.637085;162.838379;905.495117;1133.989502;275.349365;683.274292;890.142883;104.691002;;;;972.582764;1101.271484;407.582825;;;;;;;656.075867;899.444214;103.182518
452;737.120667;951.622742;162.901321;905.332886;1134.031616;275.313385;683.150696;890.231750;104.644730;;;;972.463623;1101.222778;407.529541;;;;;;;656.094666;899.450928;103.174324
453;737.047974;951.654785;162.821762;905.524292;1133.936035;275.171295;683.171326;890.167053;104.794067;;;;972.518311;1101.236694;407.443512;;;;;;;656.038391;899.458374;103.089111
454;737.066223;951.683472;162.796249;905.682617;1133.910645;274.939789;683.163574;890.230896;104.782021;;;;972.647644;1101.299561;407.327118;;;;;;;656.014160;899.463196;103.106865
455;737.054016;951.684509;162.747864;905.806580;1133.807129;274.768005;683.211548;890.129517;104.843147;;;;972.714478;1101.273438;407.179657;;;;;;;656.001221;899.457581;103.134674
456;737.087036;951.664673;162.742599;906.016541;1133.817505;274.571533;683.123596;890.231506;104.829048;;;;972.730530;1101.255859;407.060150;;;;;;;656.016418;899.453430;103.103439
457;737.183289;951.696350;162.729553;906.113586;1133.732178;274.486481;683.072693;890.277954;104.768440;;;;972.748657;1101.185669;406.971100;;;;;;;656.014221;899.459595;103.118134
458;737.247437;951.671692;162.643372;906.252136;1133.656494;274.320526;683.086609;890.274109;104.759277;;;;972.752075;1101.209595;406.909363;;;;;;;656.004089;899.457703;103.134117
459;737.272217;951.552368;162.635513;906.346497;1133.668945;274.260529;683.072632;890.258484;104.739319;;;;972.767944;1101.261353;406.813202;;;;;;;655.998474;899.455078;103.140900
460;737.374451;951.510864;162.507858;906.444336;1133.653198;274.163177;683.095703;890.246033;104.710938;;;;972.791321;1101.217407;406.624176;;;;;;;655.998474;899.454773;103.140625
461;737.500366;951.419128;162.347336;906.567078;1133.609009;274.026917;683.171387;890.253540;104.662697;;;;972.890381;1101.223755;406.442139;;;;;;;656.056702;899.443787;103.191460
462;737.654602;951.410217;162.313156;906.703125;1133.585083;273.957184;683.156189;890.205933;104.577881;;;;972.894714;1101.160400;406.409363;;;;;;;656.101074;899.449463;103.177254
463;737.696716;951.339905;162.263901;906.775574;1133.488525;273.866394;683.151978;890.138489;104.541435;;;;972.862549;1101.150879;406.330231;;;;;;;656.080078;899.447998;103.179359
464;737.826294;951.300110;162.144028;906.917419;1133.420044;273.701965;683.166321;890.142334;104.534019;;;;972.884644;1101.196533;406.280640;;;;;;;656.111511;899.456116;103.163918
465;737.898865;951.235779;162.183411;906.914124;1133.413452;273.618103;683.263062;889.800842;104.974777;;;;972.941101;1101.208374;406.234833;;;;;;;656.234497;899.265930;103.236908
466;737.938477;951.199219;162.164993;906.971985;1133.340698;273.522736;683.328247;889.575195;105.163284;;;;972.953796;1101.207520;406.226593;;;;;;;656.164612;899.411560;103.154770
467;737.996704;951.143127;162.110809;907.086853;1133.253784;273.506775;683.406250;889.478271;105.327850;;;;972.958862;1101.200439;406.124237;;;;;;;656.122131;899.471497;103.132828
468;738.234863;951.157349;161.952087;907.090515;1133.219727;273.388550;683.324646;889.544495;105.182236;;;;973.006775;1101.220215;406.084320;;;;;;;656.155457;899.463440;103.117210
469;738.346069;951.171570;161.869217;907.284912;1133.333496;273.106079;683.284058;889.592957;105.104637;;;;973.004761;1101.171997;406.046021;;;;;;;656.173157;899.459167;103.105858
470;738.442261;951.487427;161.788269;907.378601;1133.266357;272.957642;683.392395;889.432983;105.326416;;;;972.953430;1101.217896;406.077698;;;;;;;656.132874;899.462219;103.131790
471;738.239807;951.426270;161.881180;907.348389;1133.217896;272.997681;683.430969;889.383850;105.437584;;;;972.946960;1101.221680;405.984161;;;;;;;656.108337;899.456665;103.158066
472;738.197998;951.134644;161.830551;907.382019;1133.237061;273.011963;683.430847;889.205566;105.524391;;;;972.985962;1101.163696;405.912201;;;;;;;656.066467;899.444214;103.191986
473;738.214600;951.111511;161.784988;907.431824;1133.176025;272.901978;683.399353;889.307068;105.491470;;;;973.038330;1101.162231;405.890228;;;;;;;656.050354;899.437805;103.209938
474;738.228638;951.190857;161.777802;907.482971;1133.177490;272.790009;683.320007;889.380676;105.455086;;;;973.071960;1101.159424;405.881439;;;;;;;656.051819;899.438049;103.209282
475;738.240356;951.237793;161.726410;907.612610;1133.203613;272.785004;683.333801;889.465820;105.374191;;;;973.052795;1101.163452;405.864197;;;;;;;656.099182;899.437805;103.174202
476;738.386230;951.355042;161.577057;907.642639;1133.199097;272.784088;683.319397;889.399170;105.442337;;;;973.038574;1101.071289;405.817169;;;;;;;656.082458;899.447266;103.174408
477;738.223328;951.324402;161.651398;907.630432;1133.212646;272.791412;683.329041;889.374817;105.518860;;;;973.018555;1101.150513;405.786530;;;;;;;656.064636;899.444702;103.191528
478;738.434448;951.448242;161.491394;907.672119;1133.208374;272.671204;683.263611;889.537781;105.296494;;;;973.051086;1101.079102;405.732727;;;;;;;656.093323;899.449829;103.176849
479;738.533386;951.519409;161.404617;907.660828;1133.229370;272.678955;683.231262;889.663330;105.194115;;;;973.052917;1101.064453;405.717743;;;;;;;656.112671;899.456299;103.156151
480;738.518982;951.499878;161.409836;907.656006;1133.235596;272.699432;683.241089;889.518188;105.323502;;;;973.057861;1101.063599;405.725494;;;;;;;656.112061;899.463257;103.180557
481;738.468872;951.496094;161.387604;907.653809;1133.234741;272.704651;683.292908;889.381348;105.479668;;;;973.056824;1101.059570;405.729614;;;;;;;656.099976;899.459839;103.199799
482;738.685486;951.448364;161.330994;907.654663;1133.233765;272.702972;683.353760;889.378845;105.445549;;;;972.998108;1101.078247;405.633423;;;;;;;656.099915;899.452393;103.173721
483;738.762573;951.438904;161.290726;907.655884;1133.233643;272.701294;683.340271;889.376099;105.472908;;;;972.986206;1101.057983;405.630737;;;;;;;656.095520;899.544800;103.159157
484;738.641052;951.510437;161.197327;907.638000;1133.240479;272.702026;683.338684;889.457397;105.353943;;;;972.989075;1101.075195;405.624298;;;;;;;656.104736;899.466919;103.191231
485;738.621582;951.492371;161.209335;907.674316;1133.221436;272.656982;683.352356;889.335449;105.483147;;;;973.035767;1101.079712;405.584442;;;;;;;656.117615;899.548706;103.185738
486;738.627380;951.572632;161.218445;907.652710;1133.244995;272.685211;683.301025;889.427551;105.387993;;;;973.042053;1101.072510;405.525360;;;;;;;656.103699;899.565308;103.153908
487;738.701477;951.562683;161.082581;907.536682;1133.143188;272.665802;683.297302;889.471436;105.319542;;;;973.057678;1101.081543;405.570557;;;;;;;656.116150;899.576782;103.202263
488;738.683350;951.568176;161.144272;907.577087;1133.130615;272.637573;683.306702;889.397827;105.390762;;;;972.985291;1101.083130;405.524811;;;;;;;656.124207;899.570496;103.180405
489;738.702637;951.581543;161.013535;907.591248;1133.239258;272.644653;683.327515;889.391541;105.471832;;;;973.003113;1101.070313;405.510437;;;;;;;656.160583;899.547180;103.205254
490;738.753113;951.629700;160.935043;907.586487;1133.273193;272.613800;683.420044;889.361877;105.453949;;;;972.991455;1101.079102;405.517639;;;;;;;656.146240;899.543213;103.263733
491;738.801025;951.640686;161.023270;907.612427;1133.268066;272.589050;683.422363;889.353699;105.452690;;;;972.985901;1101.081421;405.522064;;;;;;;656.154419;899.551758;103.301987
492;738.770874;951.646118;160.983475;907.626831;1133.256958;272.584625;683.402039;889.373962;105.452415;;;;972.976990;1101.097412;405.476318;;;;;;;656.107788;899.540955;103.333580
493;738.730652;951.650940;160.972702;907.630371;1133.284424;272.513580;683.442993;889.389954;105.468117;;;;973.007324;1101.116211;405.422974;;;;;;;656.152588;899.544067;103.273376
494;738.739380;951.671692;160.954803;907.631653;1133.292358;272.498840;683.403564;889.545166;105.339302;;;;973.022278;1101.110962;405.391174;;;;;;;656.180176;899.560669;103.266655
495;738.765259;951.792786;160.877502;907.628418;1133.291260;272.505585;683.304993;889.556641;105.293228;;;;973.073303;1101.122070;405.314819;;;;;;;656.177368;899.562073;103.275314
496;738.774109;951.791992;160.907181;907.662598;1133.411499;272.487579;683.285217;889.589233;105.356232;;;;973.074402;1101.104980;405.305786;;;;;;;656.153320;899.553711;103.292770
497;738.793762;951.791138;160.884521;907.734131;1133.341553;272.394867;683.293091;889.684753;105.261429;;;;973.100098;1101.201172;405.275665;;;;;;;656.155640;899.552979;103.299057
498;738.757202;951.764709;160.957336;907.722961;1133.401367;272.433350;683.367737;889.491577;105.485779;;;;973.117554;1101.242798;405.208252;;;;;;;656.104736;899.566528;103.240356
499;738.807129;951.816345;160.861252;907.748291;1133.364258;272.421753;683.301514;889.567688;105.323097;;;;973.142029;1101.251343;405.170197;;;;;;;656.159119;899.560730;103.275055
500;738.875122;951.915588;160.738647;907.865051;1133.308594;272.144501;683.244446;889.846985;105.029388;;;;973.153564;1101.239868;405.143677;;;;;;;656.216980;899.374023;103.325607
501;738.794922;951.938110;160.679993;907.837402;1133.427856;272.180115;683.258850;889.770752;105.174866;;;;973.193909;1101.254272;405.106995;;;;;;;656.074219;899.512146;103.252968
502;738.856567;951.939026;160.545868;907.834717;1133.354614;272.176270;683.222717;889.840454;105.016670;;;;973.187683;1101.274780;405.048553;;;;;;;656.205811;899.381042;103.282524
503;738.886597;951.956848;160.572495;907.805420;1133.343384;272.215637;683.166321;889.975037;104.815048;;;;973.213013;1101.257080;405.010803;;;;;;;656.241394;899.349487;103.285034
504;738.842590;951.944153;160.574417;907.779053;1133.329590;272.146942;683.157349;889.690735;104.995178;;;;973.136597;1101.278442;404.924164;;;;;;;656.193359;899.408264;103.265137
505;738.940491;951.986450;160.386948;907.888855;1133.309814;271.990967;683.187317;889.867065;104.935677;;;;973.233093;1101.278442;404.857605;;;;;;;656.259644;899.359802;103.374336
